episode,k,policy,frames,coverage,vendi_sel
2026-05-05-09-47-17-541156,2,uniform,160,0.20377495884895325,1.4780367612838745
2026-05-05-09-47-17-541156,2,motion_peaks,160,0.17623475193977356,1.2054682970046997
2026-05-05-09-47-17-541156,2,cheap_fps,160,0.1767253875732422,1.416893482208252
2026-05-05-09-47-17-541156,2,motion_gated_fps,160,0.16826984286308289,1.3975257873535156
2026-05-05-09-47-17-541156,4,uniform,160,0.1360030174255371,1.9243072271347046
2026-05-05-09-47-17-541156,4,motion_peaks,160,0.16351619362831116,1.4357919692993164
2026-05-05-09-47-17-541156,4,cheap_fps,160,0.15658915042877197,1.9971927404403687
2026-05-05-09-47-17-541156,4,motion_gated_fps,160,0.14873312413692474,1.8847874402999878
2026-05-05-09-47-17-541156,8,uniform,160,0.1038990169763565,2.090791702270508
2026-05-05-09-47-17-541156,8,motion_peaks,160,0.1511842906475067,1.6973809003829956
2026-05-05-09-47-17-541156,8,cheap_fps,160,0.12291949987411499,2.4132754802703857
2026-05-05-09-47-17-541156,8,motion_gated_fps,160,0.12919162213802338,2.2624316215515137
2026-05-05-09-47-17-541156,16,uniform,160,0.08366578817367554,2.565652847290039
2026-05-05-09-47-17-541156,16,motion_peaks,160,0.1324915587902069,2.1905486583709717
2026-05-05-09-47-17-541156,16,cheap_fps,160,0.09708572924137115,2.6931614875793457
2026-05-05-09-47-17-541156,16,motion_gated_fps,160,0.09618378430604935,2.648179769515991
2026-05-05-09-47-17-541156,32,uniform,160,0.060605525970458984,2.8653929233551025
2026-05-05-09-47-17-541156,32,motion_peaks,160,0.10814590752124786,2.682298183441162
2026-05-05-09-47-17-541156,32,cheap_fps,160,0.06624367833137512,2.984973907470703
2026-05-05-09-47-17-541156,32,motion_gated_fps,160,0.06669005006551743,2.9632821083068848
2026-05-05-09-47-17-541156,64,uniform,160,0.03710033744573593,3.0067553520202637
2026-05-05-09-47-17-541156,64,motion_peaks,160,0.05587510019540787,3.183523654937744
2026-05-05-09-47-17-541156,64,cheap_fps,160,0.04086398705840111,3.1650235652923584
2026-05-05-09-47-17-541156,64,motion_gated_fps,160,0.04872675985097885,3.160698652267456
2026-05-05-09-47-17-541156,2,ORACLE_greedy,160,0.12329409271478653,1.3905085325241089
2026-05-05-09-47-17-541156,2,ORACLE_fps,160,0.1808285415172577,1.5299510955810547
2026-05-05-09-47-17-541156,4,ORACLE_greedy,160,0.10628235340118408,1.688380241394043
2026-05-05-09-47-17-541156,4,ORACLE_fps,160,0.16298730671405792,2.277045726776123
2026-05-05-09-47-17-541156,8,ORACLE_greedy,160,0.09067943692207336,1.9658032655715942
2026-05-05-09-47-17-541156,8,ORACLE_fps,160,0.13354893028736115,2.886167049407959
2026-05-05-09-47-17-541156,16,ORACLE_greedy,160,0.07270629703998566,2.2920186519622803
2026-05-05-09-47-17-541156,16,ORACLE_fps,160,0.09777088463306427,3.1727144718170166
2026-05-05-09-47-17-541156,32,ORACLE_greedy,160,0.05470702797174454,2.6477863788604736
2026-05-05-09-47-17-541156,32,ORACLE_fps,160,0.06398174911737442,3.322361469268799
2026-05-05-09-47-17-541156,64,ORACLE_greedy,160,0.03408890590071678,3.107194185256958
2026-05-05-09-47-17-541156,64,ORACLE_fps,160,0.03795173391699791,3.446089267730713
2026-04-24-05-55-53-873488,2,uniform,254,0.14974188804626465,1.2030936479568481
2026-04-24-05-55-53-873488,2,motion_peaks,254,0.47403454780578613,1.3584307432174683
2026-04-24-05-55-53-873488,2,cheap_fps,254,0.15149229764938354,1.7126977443695068
2026-04-24-05-55-53-873488,2,motion_gated_fps,254,0.1394014060497284,1.7263554334640503
2026-04-24-05-55-53-873488,4,uniform,254,0.10412533581256866,1.5706360340118408
2026-04-24-05-55-53-873488,4,motion_peaks,254,0.46355557441711426,2.0604171752929688
2026-04-24-05-55-53-873488,4,cheap_fps,254,0.11689167469739914,2.3106281757354736
2026-04-24-05-55-53-873488,4,motion_gated_fps,254,0.12719027698040009,2.4416685104370117
2026-04-24-05-55-53-873488,8,uniform,254,0.08084984868764877,1.814903974533081
2026-04-24-05-55-53-873488,8,motion_peaks,254,0.36890771985054016,2.56345272064209
2026-04-24-05-55-53-873488,8,cheap_fps,254,0.09296440333127975,3.158686876296997
2026-04-24-05-55-53-873488,8,motion_gated_fps,254,0.10527291893959045,2.9903483390808105
2026-04-24-05-55-53-873488,16,uniform,254,0.06187540292739868,2.2476770877838135
2026-04-24-05-55-53-873488,16,motion_peaks,254,0.20500245690345764,3.4176340103149414
2026-04-24-05-55-53-873488,16,cheap_fps,254,0.0657840222120285,3.4955291748046875
2026-04-24-05-55-53-873488,16,motion_gated_fps,254,0.062396664172410965,3.4082038402557373
2026-04-24-05-55-53-873488,32,uniform,254,0.04297662898898125,2.390925645828247
2026-04-24-05-55-53-873488,32,motion_peaks,254,0.07491379231214523,4.073792457580566
2026-04-24-05-55-53-873488,32,cheap_fps,254,0.0437251552939415,3.821892261505127
2026-04-24-05-55-53-873488,32,motion_gated_fps,254,0.04402792081236839,3.8233258724212646
2026-04-24-05-55-53-873488,64,uniform,254,0.027524447068572044,2.6454856395721436
2026-04-24-05-55-53-873488,64,motion_peaks,254,0.04225381836295128,3.672163963317871
2026-04-24-05-55-53-873488,64,cheap_fps,254,0.024755466729402542,3.6358425617218018
2026-04-24-05-55-53-873488,64,motion_gated_fps,254,0.02798399142920971,3.7705905437469482
2026-04-24-05-55-53-873488,2,ORACLE_greedy,254,0.10529481619596481,1.221674919128418
2026-04-24-05-55-53-873488,2,ORACLE_fps,254,0.15211504697799683,1.7618728876113892
2026-04-24-05-55-53-873488,4,ORACLE_greedy,254,0.08560115844011307,1.8330776691436768
2026-04-24-05-55-53-873488,4,ORACLE_fps,254,0.1448678821325302,2.5127511024475098
2026-04-24-05-55-53-873488,8,ORACLE_greedy,254,0.0636436864733696,2.097679853439331
2026-04-24-05-55-53-873488,8,ORACLE_fps,254,0.11209714412689209,3.4809188842773438
2026-04-24-05-55-53-873488,16,ORACLE_greedy,254,0.046809908002614975,2.6224887371063232
2026-04-24-05-55-53-873488,16,ORACLE_fps,254,0.08124018460512161,4.09547233581543
2026-04-24-05-55-53-873488,32,ORACLE_greedy,254,0.03333950787782669,3.216442823410034
2026-04-24-05-55-53-873488,32,ORACLE_fps,254,0.04800787568092346,4.281555652618408
2026-04-24-05-55-53-873488,64,ORACLE_greedy,254,0.02102034166455269,3.626398801803589
2026-04-24-05-55-53-873488,64,ORACLE_fps,254,0.026724914088845253,3.9581170082092285
2026-06-10-07-57-57-938617,2,uniform,466,0.12301795184612274,1.609329104423523
2026-06-10-07-57-57-938617,2,motion_peaks,466,0.304352343082428,1.1684993505477905
2026-06-10-07-57-57-938617,2,cheap_fps,466,0.1928199976682663,1.6509315967559814
2026-06-10-07-57-57-938617,2,motion_gated_fps,466,0.11045952141284943,1.6671953201293945
2026-06-10-07-57-57-938617,4,uniform,466,0.09672969579696655,1.9617747068405151
2026-06-10-07-57-57-938617,4,motion_peaks,466,0.303175151348114,1.3252942562103271
2026-06-10-07-57-57-938617,4,cheap_fps,466,0.09123174101114273,2.2986457347869873
2026-06-10-07-57-57-938617,4,motion_gated_fps,466,0.09476811438798904,2.1971535682678223
2026-06-10-07-57-57-938617,8,uniform,466,0.068039171397686,2.079335927963257
2026-06-10-07-57-57-938617,8,motion_peaks,466,0.30121707916259766,1.8299723863601685
2026-06-10-07-57-57-938617,8,cheap_fps,466,0.07646364718675613,2.5454468727111816
2026-06-10-07-57-57-938617,8,motion_gated_fps,466,0.07168399542570114,2.4540374279022217
2026-06-10-07-57-57-938617,16,uniform,466,0.05409572273492813,2.1132068634033203
2026-06-10-07-57-57-938617,16,motion_peaks,466,0.1875831037759781,2.09428334236145
2026-06-10-07-57-57-938617,16,cheap_fps,466,0.05737960338592529,2.6302623748779297
2026-06-10-07-57-57-938617,16,motion_gated_fps,466,0.05776514485478401,2.56893253326416
2026-06-10-07-57-57-938617,32,uniform,466,0.04194047674536705,2.119028329849243
2026-06-10-07-57-57-938617,32,motion_peaks,466,0.0731409415602684,2.8165223598480225
2026-06-10-07-57-57-938617,32,cheap_fps,466,0.04471476376056671,2.670452117919922
2026-06-10-07-57-57-938617,32,motion_gated_fps,466,0.04685736075043678,2.6990482807159424
2026-06-10-07-57-57-938617,64,uniform,466,0.02921287715435028,2.3085131645202637
2026-06-10-07-57-57-938617,64,motion_peaks,466,0.05253085121512413,2.773650884628296
2026-06-10-07-57-57-938617,64,cheap_fps,466,0.032743871212005615,2.819678783416748
2026-06-10-07-57-57-938617,64,motion_gated_fps,466,0.03666321188211441,2.898326873779297
2026-06-10-07-57-57-938617,2,ORACLE_greedy,466,0.08522818237543106,1.1994755268096924
2026-06-10-07-57-57-938617,2,ORACLE_fps,466,0.19328437745571136,1.7391376495361328
2026-06-10-07-57-57-938617,4,ORACLE_greedy,466,0.06685297191143036,1.872084379196167
2026-06-10-07-57-57-938617,4,ORACLE_fps,466,0.11968134343624115,2.5852878093719482
2026-06-10-07-57-57-938617,8,ORACLE_greedy,466,0.055193495005369186,1.976717233657837
2026-06-10-07-57-57-938617,8,ORACLE_fps,466,0.09005672484636307,2.9348905086517334
2026-06-10-07-57-57-938617,16,ORACLE_greedy,466,0.04513809457421303,2.057056427001953
2026-06-10-07-57-57-938617,16,ORACLE_fps,466,0.07043340802192688,3.1102089881896973
2026-06-10-07-57-57-938617,32,ORACLE_greedy,466,0.0348174013197422,2.3693253993988037
2026-06-10-07-57-57-938617,32,ORACLE_fps,466,0.05173196271061897,3.194812297821045
2026-06-10-07-57-57-938617,64,ORACLE_greedy,466,0.02539031393826008,2.5077502727508545
2026-06-10-07-57-57-938617,64,ORACLE_fps,466,0.03460139036178589,3.1592068672180176
2026-06-03-18-05-39-139370,2,uniform,247,0.26137620210647583,1.709291934967041
2026-06-03-18-05-39-139370,2,motion_peaks,247,0.373526006937027,1.4121973514556885
2026-06-03-18-05-39-139370,2,cheap_fps,247,0.20317442715168,1.6926329135894775
2026-06-03-18-05-39-139370,2,motion_gated_fps,247,0.2906344532966614,1.684558629989624
2026-06-03-18-05-39-139370,4,uniform,247,0.15920019149780273,2.265009641647339
2026-06-03-18-05-39-139370,4,motion_peaks,247,0.229082852602005,2.3451414108276367
2026-06-03-18-05-39-139370,4,cheap_fps,247,0.12882088124752045,2.522237539291382
2026-06-03-18-05-39-139370,4,motion_gated_fps,247,0.1396096795797348,2.2076575756073
2026-06-03-18-05-39-139370,8,uniform,247,0.10892356932163239,2.7435293197631836
2026-06-03-18-05-39-139370,8,motion_peaks,247,0.2011592984199524,3.1662542819976807
2026-06-03-18-05-39-139370,8,cheap_fps,247,0.10482864826917648,3.3965208530426025
2026-06-03-18-05-39-139370,8,motion_gated_fps,247,0.11163144558668137,2.9085254669189453
2026-06-03-18-05-39-139370,16,uniform,247,0.08125722408294678,2.9817004203796387
2026-06-03-18-05-39-139370,16,motion_peaks,247,0.1437109261751175,3.2506203651428223
2026-06-03-18-05-39-139370,16,cheap_fps,247,0.08187385648488998,3.8139939308166504
2026-06-03-18-05-39-139370,16,motion_gated_fps,247,0.09492268413305283,3.7115180492401123
2026-06-03-18-05-39-139370,32,uniform,247,0.05864395946264267,3.5070652961730957
2026-06-03-18-05-39-139370,32,motion_peaks,247,0.11894244700670242,3.751704692840576
2026-06-03-18-05-39-139370,32,cheap_fps,247,0.059329915791749954,4.04404354095459
2026-06-03-18-05-39-139370,32,motion_gated_fps,247,0.06783799827098846,4.228628635406494
2026-06-03-18-05-39-139370,64,uniform,247,0.03719038888812065,3.5985310077667236
2026-06-03-18-05-39-139370,64,motion_peaks,247,0.05805505812168121,4.325697422027588
2026-06-03-18-05-39-139370,64,cheap_fps,247,0.036583468317985535,4.302281856536865
2026-06-03-18-05-39-139370,64,motion_gated_fps,247,0.045168329030275345,4.503510475158691
2026-06-03-18-05-39-139370,2,ORACLE_greedy,247,0.1589660793542862,1.296455979347229
2026-06-03-18-05-39-139370,2,ORACLE_fps,247,0.3984110653400421,1.8940839767456055
2026-06-03-18-05-39-139370,4,ORACLE_greedy,247,0.11810202896595001,1.9200868606567383
2026-06-03-18-05-39-139370,4,ORACLE_fps,247,0.2757570147514343,3.0450243949890137
2026-06-03-18-05-39-139370,8,ORACLE_greedy,247,0.09009700268507004,2.815694808959961
2026-06-03-18-05-39-139370,8,ORACLE_fps,247,0.14323630928993225,4.294075012207031
2026-06-03-18-05-39-139370,16,ORACLE_greedy,247,0.06887523829936981,3.2376761436462402
2026-06-03-18-05-39-139370,16,ORACLE_fps,247,0.09528079628944397,4.8862409591674805
2026-06-03-18-05-39-139370,32,ORACLE_greedy,247,0.04957287386059761,3.900996446609497
2026-06-03-18-05-39-139370,32,ORACLE_fps,247,0.06453628838062286,5.07781982421875
2026-06-03-18-05-39-139370,64,ORACLE_greedy,247,0.03156560659408569,4.240086078643799
2026-06-03-18-05-39-139370,64,ORACLE_fps,247,0.03745899721980095,5.007959365844727
2026-06-21-19-55-52-215354,2,uniform,310,0.1359870880842209,1.3750149011611938
2026-06-21-19-55-52-215354,2,motion_peaks,310,0.20319920778274536,1.1129214763641357
2026-06-21-19-55-52-215354,2,cheap_fps,310,0.13824038207530975,1.351786494255066
2026-06-21-19-55-52-215354,2,motion_gated_fps,310,0.14156916737556458,1.3642200231552124
2026-06-21-19-55-52-215354,4,uniform,310,0.11229467391967773,1.5810673236846924
2026-06-21-19-55-52-215354,4,motion_peaks,310,0.19188357889652252,1.5136570930480957
2026-06-21-19-55-52-215354,4,cheap_fps,310,0.12468463182449341,1.9829527139663696
2026-06-21-19-55-52-215354,4,motion_gated_fps,310,0.12288429588079453,1.7984381914138794
2026-06-21-19-55-52-215354,8,uniform,310,0.09129644930362701,1.9658077955245972
2026-06-21-19-55-52-215354,8,motion_peaks,310,0.15895549952983856,1.7356693744659424
2026-06-21-19-55-52-215354,8,cheap_fps,310,0.09657876193523407,2.240419387817383
2026-06-21-19-55-52-215354,8,motion_gated_fps,310,0.09529311954975128,2.0365703105926514
2026-06-21-19-55-52-215354,16,uniform,310,0.07603224366903305,2.4063243865966797
2026-06-21-19-55-52-215354,16,motion_peaks,310,0.11595349758863449,2.1647346019744873
2026-06-21-19-55-52-215354,16,cheap_fps,310,0.07849718630313873,2.645617723464966
2026-06-21-19-55-52-215354,16,motion_gated_fps,310,0.0757213681936264,2.3473622798919678
2026-06-21-19-55-52-215354,32,uniform,310,0.05468636751174927,2.6864850521087646
2026-06-21-19-55-52-215354,32,motion_peaks,310,0.08601389825344086,2.561842918395996
2026-06-21-19-55-52-215354,32,cheap_fps,310,0.057455480098724365,2.7683639526367188
2026-06-21-19-55-52-215354,32,motion_gated_fps,310,0.05929829925298691,2.6504671573638916
2026-06-21-19-55-52-215354,64,uniform,310,0.036628272384405136,2.703678846359253
2026-06-21-19-55-52-215354,64,motion_peaks,310,0.06016675755381584,2.841174602508545
2026-06-21-19-55-52-215354,64,cheap_fps,310,0.03814977779984474,2.9120051860809326
2026-06-21-19-55-52-215354,64,motion_gated_fps,310,0.042124293744564056,2.906141519546509
2026-06-21-19-55-52-215354,2,ORACLE_greedy,310,0.10448116064071655,1.2257755994796753
2026-06-21-19-55-52-215354,2,ORACLE_fps,310,0.14775969088077545,1.6064163446426392
2026-06-21-19-55-52-215354,4,ORACLE_greedy,310,0.09340730309486389,1.5381728410720825
2026-06-21-19-55-52-215354,4,ORACLE_fps,310,0.13491669297218323,2.2618770599365234
2026-06-21-19-55-52-215354,8,ORACLE_greedy,310,0.07800422608852386,1.8533207178115845
2026-06-21-19-55-52-215354,8,ORACLE_fps,310,0.11246714740991592,2.8382210731506348
2026-06-21-19-55-52-215354,16,ORACLE_greedy,310,0.060029905289411545,2.2514960765838623
2026-06-21-19-55-52-215354,16,ORACLE_fps,310,0.08878615498542786,3.118773937225342
2026-06-21-19-55-52-215354,32,ORACLE_greedy,310,0.046466656029224396,2.540999412536621
2026-06-21-19-55-52-215354,32,ORACLE_fps,310,0.05988674610853195,3.2772040367126465
2026-06-21-19-55-52-215354,64,ORACLE_greedy,310,0.031985070556402206,2.790009021759033
2026-06-21-19-55-52-215354,64,ORACLE_fps,310,0.03811127319931984,3.1973040103912354
2026-05-29-16-30-32-670630,2,uniform,275,0.1411418318748474,1.37153160572052
2026-05-29-16-30-32-670630,2,motion_peaks,275,0.17454072833061218,1.1266047954559326
2026-05-29-16-30-32-670630,2,cheap_fps,275,0.1465553641319275,1.3603184223175049
2026-05-29-16-30-32-670630,2,motion_gated_fps,275,0.1439972072839737,1.296362280845642
2026-05-29-16-30-32-670630,4,uniform,275,0.11384175717830658,2.014235258102417
2026-05-29-16-30-32-670630,4,motion_peaks,275,0.13046763837337494,1.3911583423614502
2026-05-29-16-30-32-670630,4,cheap_fps,275,0.11541886627674103,1.5950322151184082
2026-05-29-16-30-32-670630,4,motion_gated_fps,275,0.11598743498325348,1.5631723403930664
2026-05-29-16-30-32-670630,8,uniform,275,0.08428823202848434,1.9931493997573853
2026-05-29-16-30-32-670630,8,motion_peaks,275,0.1220816895365715,1.491951584815979
2026-05-29-16-30-32-670630,8,cheap_fps,275,0.09308605641126633,1.9461556673049927
2026-05-29-16-30-32-670630,8,motion_gated_fps,275,0.098459392786026,1.9455918073654175
2026-05-29-16-30-32-670630,16,uniform,275,0.06501881033182144,2.221912384033203
2026-05-29-16-30-32-670630,16,motion_peaks,275,0.10470222681760788,1.817584753036499
2026-05-29-16-30-32-670630,16,cheap_fps,275,0.07642637193202972,2.156118154525757
2026-05-29-16-30-32-670630,16,motion_gated_fps,275,0.07709167897701263,2.1104307174682617
2026-05-29-16-30-32-670630,32,uniform,275,0.05009850114583969,2.304351806640625
2026-05-29-16-30-32-670630,32,motion_peaks,275,0.08610008656978607,2.0771217346191406
2026-05-29-16-30-32-670630,32,cheap_fps,275,0.059095486998558044,2.355283737182617
2026-05-29-16-30-32-670630,32,motion_gated_fps,275,0.05937838554382324,2.3440308570861816
2026-05-29-16-30-32-670630,64,uniform,275,0.03483394905924797,2.579102039337158
2026-05-29-16-30-32-670630,64,motion_peaks,275,0.059067245572805405,2.387850761413574
2026-05-29-16-30-32-670630,64,cheap_fps,275,0.03894537314772606,2.4697506427764893
2026-05-29-16-30-32-670630,64,motion_gated_fps,275,0.04033671319484711,2.454639196395874
2026-05-29-16-30-32-670630,2,ORACLE_greedy,275,0.10000573098659515,1.2401723861694336
2026-05-29-16-30-32-670630,2,ORACLE_fps,275,0.14952608942985535,1.6638420820236206
2026-05-29-16-30-32-670630,4,ORACLE_greedy,275,0.08114461600780487,1.580757737159729
2026-05-29-16-30-32-670630,4,ORACLE_fps,275,0.1264224648475647,2.1605324745178223
2026-05-29-16-30-32-670630,8,ORACLE_greedy,275,0.06807100027799606,1.7234407663345337
2026-05-29-16-30-32-670630,8,ORACLE_fps,275,0.1028580367565155,2.6952686309814453
2026-05-29-16-30-32-670630,16,ORACLE_greedy,275,0.05589152127504349,1.9919726848602295
2026-05-29-16-30-32-670630,16,ORACLE_fps,275,0.08269177377223969,2.8268496990203857
2026-05-29-16-30-32-670630,32,ORACLE_greedy,275,0.04342237859964371,2.205507755279541
2026-05-29-16-30-32-670630,32,ORACLE_fps,275,0.05701515078544617,2.956099510192871
2026-05-29-16-30-32-670630,64,ORACLE_greedy,275,0.03078419715166092,2.5025346279144287
2026-05-29-16-30-32-670630,64,ORACLE_fps,275,0.036899711936712265,2.9079842567443848
2026-04-18-13-14-53-051154,2,uniform,444,0.36863070726394653,1.6392933130264282
2026-04-18-13-14-53-051154,2,motion_peaks,444,0.40117573738098145,1.2090567350387573
2026-04-18-13-14-53-051154,2,cheap_fps,444,0.29128554463386536,1.7233842611312866
2026-04-18-13-14-53-051154,2,motion_gated_fps,444,0.23980143666267395,1.6038711071014404
2026-04-18-13-14-53-051154,4,uniform,444,0.21699754893779755,2.700016498565674
2026-04-18-13-14-53-051154,4,motion_peaks,444,0.36972835659980774,1.6305267810821533
2026-04-18-13-14-53-051154,4,cheap_fps,444,0.2523220479488373,2.3868579864501953
2026-04-18-13-14-53-051154,4,motion_gated_fps,444,0.20809341967105865,2.0458436012268066
2026-04-18-13-14-53-051154,8,uniform,444,0.1766871213912964,3.581559896469116
2026-04-18-13-14-53-051154,8,motion_peaks,444,0.33870965242385864,2.9356350898742676
2026-04-18-13-14-53-051154,8,cheap_fps,444,0.19770923256874084,3.69974684715271
2026-04-18-13-14-53-051154,8,motion_gated_fps,444,0.19670510292053223,3.3168952465057373
2026-04-18-13-14-53-051154,16,uniform,444,0.1260542869567871,4.124884128570557
2026-04-18-13-14-53-051154,16,motion_peaks,444,0.3021038770675659,3.8889827728271484
2026-04-18-13-14-53-051154,16,cheap_fps,444,0.13144074380397797,4.676877021789551
2026-04-18-13-14-53-051154,16,motion_gated_fps,444,0.14544782042503357,4.335264205932617
2026-04-18-13-14-53-051154,32,uniform,444,0.0998399555683136,4.642632007598877
2026-04-18-13-14-53-051154,32,motion_peaks,444,0.1701948046684265,5.107191562652588
2026-04-18-13-14-53-051154,32,cheap_fps,444,0.10315924137830734,4.958252429962158
2026-04-18-13-14-53-051154,32,motion_gated_fps,444,0.10112085938453674,4.877676963806152
2026-04-18-13-14-53-051154,64,uniform,444,0.06969279795885086,5.102643966674805
2026-04-18-13-14-53-051154,64,motion_peaks,444,0.11937251687049866,5.68570613861084
2026-04-18-13-14-53-051154,64,cheap_fps,444,0.07144994288682938,5.505945205688477
2026-04-18-13-14-53-051154,64,motion_gated_fps,444,0.07548514008522034,5.3395676612854
2026-04-18-13-14-53-051154,2,ORACLE_greedy,444,0.19384253025054932,1.665958285331726
2026-04-18-13-14-53-051154,2,ORACLE_fps,444,0.29565107822418213,1.837678074836731
2026-04-18-13-14-53-051154,4,ORACLE_greedy,444,0.15853773057460785,2.1243972778320312
2026-04-18-13-14-53-051154,4,ORACLE_fps,444,0.25619179010391235,3.1513922214508057
2026-04-18-13-14-53-051154,8,ORACLE_greedy,444,0.13164782524108887,2.6351449489593506
2026-04-18-13-14-53-051154,8,ORACLE_fps,444,0.23625560104846954,4.907153129577637
2026-04-18-13-14-53-051154,16,ORACLE_greedy,444,0.10779651999473572,3.6000802516937256
2026-04-18-13-14-53-051154,16,ORACLE_fps,444,0.18240156769752502,6.357542514801025
2026-04-18-13-14-53-051154,32,ORACLE_greedy,444,0.08273585140705109,4.380054473876953
2026-04-18-13-14-53-051154,32,ORACLE_fps,444,0.11879841983318329,7.069258689880371
2026-04-18-13-14-53-051154,64,ORACLE_greedy,444,0.06031571328639984,5.557615756988525
2026-04-18-13-14-53-051154,64,ORACLE_fps,444,0.0823744535446167,7.35007381439209
2026-05-18-18-07-01-835905,2,uniform,482,0.20260730385780334,1.4781317710876465
2026-05-18-18-07-01-835905,2,motion_peaks,482,0.2874619960784912,1.114016056060791
2026-05-18-18-07-01-835905,2,cheap_fps,482,0.2061307579278946,1.4855518341064453
2026-05-18-18-07-01-835905,2,motion_gated_fps,482,0.19872406125068665,1.3821096420288086
2026-05-18-18-07-01-835905,4,uniform,482,0.18296857178211212,1.8688451051712036
2026-05-18-18-07-01-835905,4,motion_peaks,482,0.2541499137878418,1.7075257301330566
2026-05-18-18-07-01-835905,4,cheap_fps,482,0.19430026412010193,2.089242935180664
2026-05-18-18-07-01-835905,4,motion_gated_fps,482,0.19231727719306946,2.1533751487731934
2026-05-18-18-07-01-835905,8,uniform,482,0.16593153774738312,2.7248024940490723
2026-05-18-18-07-01-835905,8,motion_peaks,482,0.2351306527853012,2.3860206604003906
2026-05-18-18-07-01-835905,8,cheap_fps,482,0.1515960395336151,2.532935619354248
2026-05-18-18-07-01-835905,8,motion_gated_fps,482,0.1691358983516693,2.7324435710906982
2026-05-18-18-07-01-835905,16,uniform,482,0.12461556494235992,3.1538920402526855
2026-05-18-18-07-01-835905,16,motion_peaks,482,0.1993727833032608,2.7201836109161377
2026-05-18-18-07-01-835905,16,cheap_fps,482,0.12840089201927185,3.3163537979125977
2026-05-18-18-07-01-835905,16,motion_gated_fps,482,0.1462952196598053,3.318913221359253
2026-05-18-18-07-01-835905,32,uniform,482,0.09425359219312668,3.9662065505981445
2026-05-18-18-07-01-835905,32,motion_peaks,482,0.1572732925415039,3.3540267944335938
2026-05-18-18-07-01-835905,32,cheap_fps,482,0.10161353647708893,4.055208206176758
2026-05-18-18-07-01-835905,32,motion_gated_fps,482,0.10408713668584824,3.9437994956970215
2026-05-18-18-07-01-835905,64,uniform,482,0.06531709432601929,4.188117980957031
2026-05-18-18-07-01-835905,64,motion_peaks,482,0.11187723278999329,4.066511154174805
2026-05-18-18-07-01-835905,64,cheap_fps,482,0.07167448848485947,4.516739845275879
2026-05-18-18-07-01-835905,64,motion_gated_fps,482,0.07832706719636917,4.36585807800293
2026-05-18-18-07-01-835905,2,ORACLE_greedy,482,0.1646663099527359,1.3687851428985596
2026-05-18-18-07-01-835905,2,ORACLE_fps,482,0.21454113721847534,1.6851779222488403
2026-05-18-18-07-01-835905,4,ORACLE_greedy,482,0.14467085897922516,1.9768959283828735
2026-05-18-18-07-01-835905,4,ORACLE_fps,482,0.20250168442726135,2.655535936355591
2026-05-18-18-07-01-835905,8,ORACLE_greedy,482,0.12301690876483917,2.254214286804199
2026-05-18-18-07-01-835905,8,ORACLE_fps,482,0.1885903775691986,3.9073996543884277
2026-05-18-18-07-01-835905,16,ORACLE_greedy,482,0.09977750480175018,2.752610921859741
2026-05-18-18-07-01-835905,16,ORACLE_fps,482,0.1457977145910263,4.750234603881836
2026-05-18-18-07-01-835905,32,ORACLE_greedy,482,0.07714293152093887,3.454756259918213
2026-05-18-18-07-01-835905,32,ORACLE_fps,482,0.11520171165466309,5.185640335083008
2026-05-18-18-07-01-835905,64,ORACLE_greedy,482,0.05776670575141907,4.03619909286499
2026-05-18-18-07-01-835905,64,ORACLE_fps,482,0.07734799385070801,5.434338569641113
2026-04-09-07-14-47-365101,2,uniform,316,0.12852901220321655,1.220857858657837
2026-04-09-07-14-47-365101,2,motion_peaks,316,0.16128988564014435,1.1035850048065186
2026-04-09-07-14-47-365101,2,cheap_fps,316,0.11435499042272568,1.3449801206588745
2026-04-09-07-14-47-365101,2,motion_gated_fps,316,0.12903785705566406,1.3589717149734497
2026-04-09-07-14-47-365101,4,uniform,316,0.0724094808101654,1.5309264659881592
2026-04-09-07-14-47-365101,4,motion_peaks,316,0.14064912497997284,1.2792178392410278
2026-04-09-07-14-47-365101,4,cheap_fps,316,0.09768083691596985,1.7105704545974731
2026-04-09-07-14-47-365101,4,motion_gated_fps,316,0.07983793318271637,1.6145081520080566
2026-04-09-07-14-47-365101,8,uniform,316,0.06086636707186699,1.7762815952301025
2026-04-09-07-14-47-365101,8,motion_peaks,316,0.11072754859924316,1.4542349576950073
2026-04-09-07-14-47-365101,8,cheap_fps,316,0.0620434433221817,1.802150011062622
2026-04-09-07-14-47-365101,8,motion_gated_fps,316,0.0695573091506958,1.7917238473892212
2026-04-09-07-14-47-365101,16,uniform,316,0.04510927200317383,2.0375819206237793
2026-04-09-07-14-47-365101,16,motion_peaks,316,0.0727146714925766,1.684330701828003
2026-04-09-07-14-47-365101,16,cheap_fps,316,0.054219409823417664,1.995116949081421
2026-04-09-07-14-47-365101,16,motion_gated_fps,316,0.05539773404598236,2.084023952484131
2026-04-09-07-14-47-365101,32,uniform,316,0.03376656025648117,2.023749589920044
2026-04-09-07-14-47-365101,32,motion_peaks,316,0.058686885982751846,2.017038106918335
2026-04-09-07-14-47-365101,32,cheap_fps,316,0.038938865065574646,2.2135486602783203
2026-04-09-07-14-47-365101,32,motion_gated_fps,316,0.04347376152873039,2.2325599193573
2026-04-09-07-14-47-365101,64,uniform,316,0.023244891315698624,2.117166757583618
2026-04-09-07-14-47-365101,64,motion_peaks,316,0.039316676557064056,2.280717372894287
2026-04-09-07-14-47-365101,64,cheap_fps,316,0.026803843677043915,2.295417308807373
2026-04-09-07-14-47-365101,64,motion_gated_fps,316,0.03212014213204384,2.2595882415771484
2026-04-09-07-14-47-365101,2,ORACLE_greedy,316,0.07448500394821167,1.2337967157363892
2026-04-09-07-14-47-365101,2,ORACLE_fps,316,0.12096778303384781,1.454155683517456
2026-04-09-07-14-47-365101,4,ORACLE_greedy,316,0.057696908712387085,1.3829864263534546
2026-04-09-07-14-47-365101,4,ORACLE_fps,316,0.10243604332208633,2.065854072570801
2026-04-09-07-14-47-365101,8,ORACLE_greedy,316,0.04570697993040085,1.6456173658370972
2026-04-09-07-14-47-365101,8,ORACLE_fps,316,0.07818250358104706,2.257551908493042
2026-04-09-07-14-47-365101,16,ORACLE_greedy,316,0.03625326231122017,1.8962280750274658
2026-04-09-07-14-47-365101,16,ORACLE_fps,316,0.05504089593887329,2.358705997467041
2026-04-09-07-14-47-365101,32,ORACLE_greedy,316,0.027510393410921097,2.0198440551757812
2026-04-09-07-14-47-365101,32,ORACLE_fps,316,0.03737754374742508,2.3355376720428467
2026-04-09-07-14-47-365101,64,ORACLE_greedy,316,0.01985188014805317,2.1314289569854736
2026-04-09-07-14-47-365101,64,ORACLE_fps,316,0.025249693542718887,2.4473958015441895
2026-04-23-15-27-12-104821,2,uniform,197,0.20640264451503754,1.5243594646453857
2026-04-23-15-27-12-104821,2,motion_peaks,197,0.18038076162338257,1.1576642990112305
2026-04-23-15-27-12-104821,2,cheap_fps,197,0.1649092435836792,1.6337491273880005
2026-04-23-15-27-12-104821,2,motion_gated_fps,197,0.2003692388534546,1.6053074598312378
2026-04-23-15-27-12-104821,4,uniform,197,0.13784383237361908,1.8601269721984863
2026-04-23-15-27-12-104821,4,motion_peaks,197,0.15997058153152466,1.6427143812179565
2026-04-23-15-27-12-104821,4,cheap_fps,197,0.13355104625225067,2.032867908477783
2026-04-23-15-27-12-104821,4,motion_gated_fps,197,0.15684999525547028,2.0859556198120117
2026-04-23-15-27-12-104821,8,uniform,197,0.10353902727365494,2.435023546218872
2026-04-23-15-27-12-104821,8,motion_peaks,197,0.14060832560062408,1.9872443675994873
2026-04-23-15-27-12-104821,8,cheap_fps,197,0.11022518575191498,2.4160068035125732
2026-04-23-15-27-12-104821,8,motion_gated_fps,197,0.11219049990177155,2.4627435207366943
2026-04-23-15-27-12-104821,16,uniform,197,0.07602766156196594,2.7641170024871826
2026-04-23-15-27-12-104821,16,motion_peaks,197,0.11628491431474686,2.2854385375976562
2026-04-23-15-27-12-104821,16,cheap_fps,197,0.07951822131872177,2.709312915802002
2026-04-23-15-27-12-104821,16,motion_gated_fps,197,0.0745982825756073,2.7808358669281006
2026-04-23-15-27-12-104821,32,uniform,197,0.052119869738817215,3.059464454650879
2026-04-23-15-27-12-104821,32,motion_peaks,197,0.07955841720104218,2.7089760303497314
2026-04-23-15-27-12-104821,32,cheap_fps,197,0.05352923646569252,3.0394985675811768
2026-04-23-15-27-12-104821,32,motion_gated_fps,197,0.0553278885781765,2.9277961254119873
2026-04-23-15-27-12-104821,64,uniform,197,0.03265571966767311,3.133424758911133
2026-04-23-15-27-12-104821,64,motion_peaks,197,0.048073504120111465,3.0569839477539062
2026-04-23-15-27-12-104821,64,cheap_fps,197,0.033203065395355225,3.2020506858825684
2026-04-23-15-27-12-104821,64,motion_gated_fps,197,0.04050327464938164,3.1872310638427734
2026-04-23-15-27-12-104821,2,ORACLE_greedy,197,0.1257203370332718,1.3256504535675049
2026-04-23-15-27-12-104821,2,ORACLE_fps,197,0.17157064378261566,1.651747226715088
2026-04-23-15-27-12-104821,4,ORACLE_greedy,197,0.10682103037834167,1.6914615631103516
2026-04-23-15-27-12-104821,4,ORACLE_fps,197,0.14634446799755096,2.2511510848999023
2026-04-23-15-27-12-104821,8,ORACLE_greedy,197,0.0825735405087471,2.1695828437805176
2026-04-23-15-27-12-104821,8,ORACLE_fps,197,0.11414811760187149,2.809911012649536
2026-04-23-15-27-12-104821,16,ORACLE_greedy,197,0.06310397386550903,2.3769590854644775
2026-04-23-15-27-12-104821,16,ORACLE_fps,197,0.08221452683210373,3.2419071197509766
2026-04-23-15-27-12-104821,32,ORACLE_greedy,197,0.04548150300979614,2.755427122116089
2026-04-23-15-27-12-104821,32,ORACLE_fps,197,0.056498512625694275,3.3961451053619385
2026-04-23-15-27-12-104821,64,ORACLE_greedy,197,0.02912539429962635,3.0765609741210938
2026-04-23-15-27-12-104821,64,ORACLE_fps,197,0.03250204026699066,3.3792836666107178
2026-06-17-13-52-31-858824,2,uniform,724,0.3794694244861603,1.8720301389694214
2026-06-17-13-52-31-858824,2,motion_peaks,724,0.477749228477478,1.1455554962158203
2026-06-17-13-52-31-858824,2,cheap_fps,724,0.2934487760066986,1.8417049646377563
2026-06-17-13-52-31-858824,2,motion_gated_fps,724,0.2814791798591614,1.8731688261032104
2026-06-17-13-52-31-858824,4,uniform,724,0.24867969751358032,2.668997049331665
2026-06-17-13-52-31-858824,4,motion_peaks,724,0.40225303173065186,1.3866912126541138
2026-06-17-13-52-31-858824,4,cheap_fps,724,0.25309762358665466,2.6827003955841064
2026-06-17-13-52-31-858824,4,motion_gated_fps,724,0.24541062116622925,2.5194931030273438
2026-06-17-13-52-31-858824,8,uniform,724,0.19461670517921448,3.7947514057159424
2026-06-17-13-52-31-858824,8,motion_peaks,724,0.3903959095478058,1.8603466749191284
2026-06-17-13-52-31-858824,8,cheap_fps,724,0.22285963594913483,3.9070820808410645
2026-06-17-13-52-31-858824,8,motion_gated_fps,724,0.20637959241867065,3.535510301589966
2026-06-17-13-52-31-858824,16,uniform,724,0.16305629909038544,4.795582294464111
2026-06-17-13-52-31-858824,16,motion_peaks,724,0.3332207500934601,3.140869140625
2026-06-17-13-52-31-858824,16,cheap_fps,724,0.18772603571414948,4.841941833496094
2026-06-17-13-52-31-858824,16,motion_gated_fps,724,0.17807209491729736,4.905395984649658
2026-06-17-13-52-31-858824,32,uniform,724,0.11570537090301514,5.7982048988342285
2026-06-17-13-52-31-858824,32,motion_peaks,724,0.27089089155197144,4.221543788909912
2026-06-17-13-52-31-858824,32,cheap_fps,724,0.12893474102020264,6.495110511779785
2026-06-17-13-52-31-858824,32,motion_gated_fps,724,0.1374495029449463,6.13742733001709
2026-06-17-13-52-31-858824,64,uniform,724,0.07947759330272675,6.226475715637207
2026-06-17-13-52-31-858824,64,motion_peaks,724,0.21196085214614868,5.790317058563232
2026-06-17-13-52-31-858824,64,cheap_fps,724,0.08651582896709442,7.26433801651001
2026-06-17-13-52-31-858824,64,motion_gated_fps,724,0.10278389602899551,7.444250583648682
2026-06-17-13-52-31-858824,2,ORACLE_greedy,724,0.2415824979543686,1.4611656665802002
2026-06-17-13-52-31-858824,2,ORACLE_fps,724,0.43626534938812256,1.9224704504013062
2026-06-17-13-52-31-858824,4,ORACLE_greedy,724,0.19109763205051422,2.259751558303833
2026-06-17-13-52-31-858824,4,ORACLE_fps,724,0.30145588517189026,3.3678507804870605
2026-06-17-13-52-31-858824,8,ORACLE_greedy,724,0.15242899954319,3.279226779937744
2026-06-17-13-52-31-858824,8,ORACLE_fps,724,0.26253050565719604,5.3907151222229
2026-06-17-13-52-31-858824,16,ORACLE_greedy,724,0.124785415828228,3.7482106685638428
2026-06-17-13-52-31-858824,16,ORACLE_fps,724,0.21057143807411194,7.5845136642456055
2026-06-17-13-52-31-858824,32,ORACLE_greedy,724,0.09594334661960602,5.274733066558838
2026-06-17-13-52-31-858824,32,ORACLE_fps,724,0.14077386260032654,8.945545196533203
2026-06-17-13-52-31-858824,64,ORACLE_greedy,724,0.07042292505502701,6.22454309463501
2026-06-17-13-52-31-858824,64,ORACLE_fps,724,0.09603095799684525,9.34459400177002
2026-05-05-13-19-45-222875,2,uniform,544,0.2864699065685272,1.3947263956069946
2026-05-05-13-19-45-222875,2,motion_peaks,544,0.4501277804374695,1.2537391185760498
2026-05-05-13-19-45-222875,2,cheap_fps,544,0.30124735832214355,1.6514537334442139
2026-05-05-13-19-45-222875,2,motion_gated_fps,544,0.2992696762084961,1.685435175895691
2026-05-05-13-19-45-222875,4,uniform,544,0.25640782713890076,2.106332302093506
2026-05-05-13-19-45-222875,4,motion_peaks,544,0.36943888664245605,2.1850125789642334
2026-05-05-13-19-45-222875,4,cheap_fps,544,0.2662748098373413,2.335909128189087
2026-05-05-13-19-45-222875,4,motion_gated_fps,544,0.2766273021697998,2.5007357597351074
2026-05-05-13-19-45-222875,8,uniform,544,0.20763590931892395,3.1417572498321533
2026-05-05-13-19-45-222875,8,motion_peaks,544,0.3269503116607666,3.0253140926361084
2026-05-05-13-19-45-222875,8,cheap_fps,544,0.2308741956949234,3.5608091354370117
2026-05-05-13-19-45-222875,8,motion_gated_fps,544,0.22882862389087677,3.224311351776123
2026-05-05-13-19-45-222875,16,uniform,544,0.15999485552310944,4.3402252197265625
2026-05-05-13-19-45-222875,16,motion_peaks,544,0.22491610050201416,3.725424289703369
2026-05-05-13-19-45-222875,16,cheap_fps,544,0.17106342315673828,4.592116832733154
2026-05-05-13-19-45-222875,16,motion_gated_fps,544,0.17826023697853088,4.471122741699219
2026-05-05-13-19-45-222875,32,uniform,544,0.12165619432926178,5.005148887634277
2026-05-05-13-19-45-222875,32,motion_peaks,544,0.18903684616088867,4.940272331237793
2026-05-05-13-19-45-222875,32,cheap_fps,544,0.13452468812465668,5.601327419281006
2026-05-05-13-19-45-222875,32,motion_gated_fps,544,0.1423228234052658,5.638426780700684
2026-05-05-13-19-45-222875,64,uniform,544,0.09079445153474808,5.95084285736084
2026-05-05-13-19-45-222875,64,motion_peaks,544,0.14976659417152405,5.934959888458252
2026-05-05-13-19-45-222875,64,cheap_fps,544,0.10138597339391708,6.705033302307129
2026-05-05-13-19-45-222875,64,motion_gated_fps,544,0.10656169056892395,6.5316901206970215
2026-05-05-13-19-45-222875,2,ORACLE_greedy,544,0.21993882954120636,1.5964851379394531
2026-05-05-13-19-45-222875,2,ORACLE_fps,544,0.30853450298309326,1.8110276460647583
2026-05-05-13-19-45-222875,4,ORACLE_greedy,544,0.19082683324813843,2.179713249206543
2026-05-05-13-19-45-222875,4,ORACLE_fps,544,0.2999098002910614,3.0239827632904053
2026-05-05-13-19-45-222875,8,ORACLE_greedy,544,0.1617518663406372,2.8354642391204834
2026-05-05-13-19-45-222875,8,ORACLE_fps,544,0.24529513716697693,5.0143961906433105
2026-05-05-13-19-45-222875,16,ORACLE_greedy,544,0.13044573366641998,3.6731526851654053
2026-05-05-13-19-45-222875,16,ORACLE_fps,544,0.2116185873746872,6.710408687591553
2026-05-05-13-19-45-222875,32,ORACLE_greedy,544,0.10461275279521942,4.839158058166504
2026-05-05-13-19-45-222875,32,ORACLE_fps,544,0.15753838419914246,7.938436031341553
2026-05-05-13-19-45-222875,64,ORACLE_greedy,544,0.0781896561384201,5.992630481719971
2026-05-05-13-19-45-222875,64,ORACLE_fps,544,0.10732607543468475,8.192212104797363
2026-06-04-14-25-48-471244,2,uniform,275,0.2502686381340027,1.5002284049987793
2026-06-04-14-25-48-471244,2,motion_peaks,275,0.2693869173526764,1.356524109840393
2026-06-04-14-25-48-471244,2,cheap_fps,275,0.18388839066028595,1.5202831029891968
2026-06-04-14-25-48-471244,2,motion_gated_fps,275,0.17841467261314392,1.5247465372085571
2026-06-04-14-25-48-471244,4,uniform,275,0.19095160067081451,2.0670719146728516
2026-06-04-14-25-48-471244,4,motion_peaks,275,0.2572883069515228,2.0505995750427246
2026-06-04-14-25-48-471244,4,cheap_fps,275,0.15970195829868317,2.155388355255127
2026-06-04-14-25-48-471244,4,motion_gated_fps,275,0.15210945904254913,2.335472822189331
2026-06-04-14-25-48-471244,8,uniform,275,0.11547669023275375,2.365553140640259
2026-06-04-14-25-48-471244,8,motion_peaks,275,0.21784347295761108,2.3399646282196045
2026-06-04-14-25-48-471244,8,cheap_fps,275,0.11266772449016571,2.616152763366699
2026-06-04-14-25-48-471244,8,motion_gated_fps,275,0.11881405860185623,2.714390993118286
2026-06-04-14-25-48-471244,16,uniform,275,0.08359748870134354,3.1479055881500244
2026-06-04-14-25-48-471244,16,motion_peaks,275,0.18199405074119568,2.818143844604492
2026-06-04-14-25-48-471244,16,cheap_fps,275,0.08775324374437332,3.1579017639160156
2026-06-04-14-25-48-471244,16,motion_gated_fps,275,0.09903855621814728,3.1668612957000732
2026-06-04-14-25-48-471244,32,uniform,275,0.06088847666978836,3.5215654373168945
2026-06-04-14-25-48-471244,32,motion_peaks,275,0.15455110371112823,3.2225582599639893
2026-06-04-14-25-48-471244,32,cheap_fps,275,0.06420263648033142,3.8230602741241455
2026-06-04-14-25-48-471244,32,motion_gated_fps,275,0.06962466239929199,3.982111930847168
2026-06-04-14-25-48-471244,64,uniform,275,0.03781388700008392,3.93790602684021
2026-06-04-14-25-48-471244,64,motion_peaks,275,0.10315010696649551,3.9248576164245605
2026-06-04-14-25-48-471244,64,cheap_fps,275,0.039693012833595276,4.235453128814697
2026-06-04-14-25-48-471244,64,motion_gated_fps,275,0.050665974617004395,4.294891357421875
2026-06-04-14-25-48-471244,2,ORACLE_greedy,275,0.1667206883430481,1.3848923444747925
2026-06-04-14-25-48-471244,2,ORACLE_fps,275,0.22871871292591095,1.7408006191253662
2026-06-04-14-25-48-471244,4,ORACLE_greedy,275,0.12391617894172668,1.9246903657913208
2026-06-04-14-25-48-471244,4,ORACLE_fps,275,0.18189561367034912,2.8440604209899902
2026-06-04-14-25-48-471244,8,ORACLE_greedy,275,0.0978790670633316,2.646500825881958
2026-06-04-14-25-48-471244,8,ORACLE_fps,275,0.1340644508600235,3.9309048652648926
2026-06-04-14-25-48-471244,16,ORACLE_greedy,275,0.07109598070383072,3.1693618297576904
2026-06-04-14-25-48-471244,16,ORACLE_fps,275,0.1031632050871849,4.439735412597656
2026-06-04-14-25-48-471244,32,ORACLE_greedy,275,0.049725063145160675,3.6989586353302
2026-06-04-14-25-48-471244,32,ORACLE_fps,275,0.06814354658126831,4.860584259033203
2026-06-04-14-25-48-471244,64,ORACLE_greedy,275,0.03291289508342743,4.13498067855835
2026-06-04-14-25-48-471244,64,ORACLE_fps,275,0.04094322770833969,4.8048319816589355
2026-06-25-05-31-21-497787,2,uniform,219,0.33870574831962585,1.5849652290344238
2026-06-25-05-31-21-497787,2,motion_peaks,219,0.3678223192691803,1.3958714008331299
2026-06-25-05-31-21-497787,2,cheap_fps,219,0.3035414218902588,1.7779330015182495
2026-06-25-05-31-21-497787,2,motion_gated_fps,219,0.2699059844017029,1.6213139295578003
2026-06-25-05-31-21-497787,4,uniform,219,0.24586281180381775,2.736266851425171
2026-06-25-05-31-21-497787,4,motion_peaks,219,0.3654193878173828,2.1204488277435303
2026-06-25-05-31-21-497787,4,cheap_fps,219,0.2784462869167328,2.8856043815612793
2026-06-25-05-31-21-497787,4,motion_gated_fps,219,0.231798455119133,2.2654101848602295
2026-06-25-05-31-21-497787,8,uniform,219,0.18333293497562408,3.391880989074707
2026-06-25-05-31-21-497787,8,motion_peaks,219,0.35620224475860596,2.6447675228118896
2026-06-25-05-31-21-497787,8,cheap_fps,219,0.1880374699831009,3.626220226287842
2026-06-25-05-31-21-497787,8,motion_gated_fps,219,0.2046429067850113,3.688500165939331
2026-06-25-05-31-21-497787,16,uniform,219,0.13200578093528748,3.869882106781006
2026-06-25-05-31-21-497787,16,motion_peaks,219,0.2363004833459854,4.021305084228516
2026-06-25-05-31-21-497787,16,cheap_fps,219,0.1389961540699005,4.127625942230225
2026-06-25-05-31-21-497787,16,motion_gated_fps,219,0.14235495030879974,4.145193099975586
2026-06-25-05-31-21-497787,32,uniform,219,0.08948168158531189,4.820881366729736
2026-06-25-05-31-21-497787,32,motion_peaks,219,0.15882860124111176,5.745384216308594
2026-06-25-05-31-21-497787,32,cheap_fps,219,0.09372707456350327,5.0735764503479
2026-06-25-05-31-21-497787,32,motion_gated_fps,219,0.09727953374385834,5.291691303253174
2026-06-25-05-31-21-497787,64,uniform,219,0.057828743010759354,5.169894695281982
2026-06-25-05-31-21-497787,64,motion_peaks,219,0.10890727490186691,6.1145524978637695
2026-06-25-05-31-21-497787,64,cheap_fps,219,0.054430264979600906,6.2044830322265625
2026-06-25-05-31-21-497787,64,motion_gated_fps,219,0.0665811151266098,6.010394096374512
2026-06-25-05-31-21-497787,2,ORACLE_greedy,219,0.20383475720882416,1.550336241722107
2026-06-25-05-31-21-497787,2,ORACLE_fps,219,0.3079244792461395,1.8972671031951904
2026-06-25-05-31-21-497787,4,ORACLE_greedy,219,0.174883633852005,1.9776813983917236
2026-06-25-05-31-21-497787,4,ORACLE_fps,219,0.2956952452659607,3.3018078804016113
2026-06-25-05-31-21-497787,8,ORACLE_greedy,219,0.1404091864824295,2.7300913333892822
2026-06-25-05-31-21-497787,8,ORACLE_fps,219,0.238580122590065,4.691600322723389
2026-06-25-05-31-21-497787,16,ORACLE_greedy,219,0.10889146476984024,3.55916166305542
2026-06-25-05-31-21-497787,16,ORACLE_fps,219,0.17289358377456665,5.921478271484375
2026-06-25-05-31-21-497787,32,ORACLE_greedy,219,0.07694976031780243,4.40729284286499
2026-06-25-05-31-21-497787,32,ORACLE_fps,219,0.1019761934876442,7.024072647094727
2026-06-25-05-31-21-497787,64,ORACLE_greedy,219,0.04668627306818962,6.167361259460449
2026-06-25-05-31-21-497787,64,ORACLE_fps,219,0.05559922754764557,7.028223514556885
2026-04-20-19-45-35-563547,2,uniform,510,0.31569477915763855,1.694116234779358
2026-04-20-19-45-35-563547,2,motion_peaks,510,0.40387433767318726,1.1887191534042358
2026-04-20-19-45-35-563547,2,cheap_fps,510,0.33672335743904114,1.744747281074524
2026-04-20-19-45-35-563547,2,motion_gated_fps,510,0.215007022023201,1.6029752492904663
2026-04-20-19-45-35-563547,4,uniform,510,0.19812308251857758,2.358588218688965
2026-04-20-19-45-35-563547,4,motion_peaks,510,0.36940544843673706,1.3600049018859863
2026-04-20-19-45-35-563547,4,cheap_fps,510,0.20484749972820282,2.4431822299957275
2026-04-20-19-45-35-563547,4,motion_gated_fps,510,0.18263080716133118,2.1713550090789795
2026-04-20-19-45-35-563547,8,uniform,510,0.1400502771139145,3.187103033065796
2026-04-20-19-45-35-563547,8,motion_peaks,510,0.3133974075317383,1.911629319190979
2026-04-20-19-45-35-563547,8,cheap_fps,510,0.13526731729507446,3.300676107406616
2026-04-20-19-45-35-563547,8,motion_gated_fps,510,0.13170483708381653,3.0963551998138428
2026-04-20-19-45-35-563547,16,uniform,510,0.09494762122631073,3.650442600250244
2026-04-20-19-45-35-563547,16,motion_peaks,510,0.26979368925094604,3.1024951934814453
2026-04-20-19-45-35-563547,16,cheap_fps,510,0.09867330640554428,4.001314163208008
2026-04-20-19-45-35-563547,16,motion_gated_fps,510,0.10127495974302292,3.721888780593872
2026-04-20-19-45-35-563547,32,uniform,510,0.06951691955327988,4.1015543937683105
2026-04-20-19-45-35-563547,32,motion_peaks,510,0.198534294962883,3.966495990753174
2026-04-20-19-45-35-563547,32,cheap_fps,510,0.07375742495059967,4.597675323486328
2026-04-20-19-45-35-563547,32,motion_gated_fps,510,0.07113064080476761,4.452581882476807
2026-04-20-19-45-35-563547,64,uniform,510,0.046579599380493164,4.310681343078613
2026-04-20-19-45-35-563547,64,motion_peaks,510,0.10805917531251907,4.790506362915039
2026-04-20-19-45-35-563547,64,cheap_fps,510,0.050633300095796585,4.903779029846191
2026-04-20-19-45-35-563547,64,motion_gated_fps,510,0.05248843505978584,4.998137474060059
2026-04-20-19-45-35-563547,2,ORACLE_greedy,510,0.17211081087589264,1.5284357070922852
2026-04-20-19-45-35-563547,2,ORACLE_fps,510,0.3849758505821228,1.8819376230239868
2026-04-20-19-45-35-563547,4,ORACLE_greedy,510,0.1328885555267334,2.0474677085876465
2026-04-20-19-45-35-563547,4,ORACLE_fps,510,0.254728227853775,3.038116216659546
2026-04-20-19-45-35-563547,8,ORACLE_greedy,510,0.10210572928190231,2.6964125633239746
2026-04-20-19-45-35-563547,8,ORACLE_fps,510,0.1828814595937729,4.134613990783691
2026-04-20-19-45-35-563547,16,ORACLE_greedy,510,0.07749879360198975,3.2449147701263428
2026-04-20-19-45-35-563547,16,ORACLE_fps,510,0.11862365156412125,5.3086256980896
2026-04-20-19-45-35-563547,32,ORACLE_greedy,510,0.05805611610412598,3.7943875789642334
2026-04-20-19-45-35-563547,32,ORACLE_fps,510,0.08497876673936844,6.024504661560059
2026-04-20-19-45-35-563547,64,ORACLE_greedy,510,0.04079573601484299,4.5856475830078125
2026-04-20-19-45-35-563547,64,ORACLE_fps,510,0.05759653449058533,6.030672073364258
2026-04-19-11-01-13-041432,2,uniform,194,0.3088461458683014,1.6732486486434937
2026-04-19-11-01-13-041432,2,motion_peaks,194,0.39968234300613403,1.3765631914138794
2026-04-19-11-01-13-041432,2,cheap_fps,194,0.3028317987918854,1.7300715446472168
2026-04-19-11-01-13-041432,2,motion_gated_fps,194,0.4142198860645294,1.8784701824188232
2026-04-19-11-01-13-041432,4,uniform,194,0.21941646933555603,2.2709689140319824
2026-04-19-11-01-13-041432,4,motion_peaks,194,0.37576183676719666,2.1613404750823975
2026-04-19-11-01-13-041432,4,cheap_fps,194,0.26759031414985657,2.884605884552002
2026-04-19-11-01-13-041432,4,motion_gated_fps,194,0.29913419485092163,2.783029079437256
2026-04-19-11-01-13-041432,8,uniform,194,0.17863287031650543,3.841562032699585
2026-04-19-11-01-13-041432,8,motion_peaks,194,0.29663899540901184,2.8447487354278564
2026-04-19-11-01-13-041432,8,cheap_fps,194,0.2044251561164856,3.914358377456665
2026-04-19-11-01-13-041432,8,motion_gated_fps,194,0.21497742831707,3.8431835174560547
2026-04-19-11-01-13-041432,16,uniform,194,0.12993179261684418,4.475869655609131
2026-04-19-11-01-13-041432,16,motion_peaks,194,0.2677974998950958,3.8470101356506348
2026-04-19-11-01-13-041432,16,cheap_fps,194,0.15236878395080566,4.685725212097168
2026-04-19-11-01-13-041432,16,motion_gated_fps,194,0.15657836198806763,5.574723243713379
2026-04-19-11-01-13-041432,32,uniform,194,0.08734205365180969,4.970127105712891
2026-04-19-11-01-13-041432,32,motion_peaks,194,0.17861393094062805,5.703950881958008
2026-04-19-11-01-13-041432,32,cheap_fps,194,0.09838704019784927,6.091580867767334
2026-04-19-11-01-13-041432,32,motion_gated_fps,194,0.1205517053604126,6.2081427574157715
2026-04-19-11-01-13-041432,64,uniform,194,0.052613336592912674,5.888298511505127
2026-04-19-11-01-13-041432,64,motion_peaks,194,0.12406099587678909,6.72385311126709
2026-04-19-11-01-13-041432,64,cheap_fps,194,0.05616019293665886,6.93155574798584
2026-04-19-11-01-13-041432,64,motion_gated_fps,194,0.0930582731962204,7.025484561920166
2026-04-19-11-01-13-041432,2,ORACLE_greedy,194,0.23880040645599365,1.3755857944488525
2026-04-19-11-01-13-041432,2,ORACLE_fps,194,0.3433065116405487,1.8444303274154663
2026-04-19-11-01-13-041432,4,ORACLE_greedy,194,0.19886276125907898,2.4708118438720703
2026-04-19-11-01-13-041432,4,ORACLE_fps,194,0.3003522753715515,3.038964033126831
2026-04-19-11-01-13-041432,8,ORACLE_greedy,194,0.15327027440071106,3.2255208492279053
2026-04-19-11-01-13-041432,8,ORACLE_fps,194,0.2659008502960205,4.688540458679199
2026-04-19-11-01-13-041432,16,ORACLE_greedy,194,0.1090255007147789,4.506475448608398
2026-04-19-11-01-13-041432,16,ORACLE_fps,194,0.15695515275001526,6.117249965667725
2026-04-19-11-01-13-041432,32,ORACLE_greedy,194,0.07633413374423981,5.921963214874268
2026-04-19-11-01-13-041432,32,ORACLE_fps,194,0.09874439984560013,7.262990474700928
2026-04-19-11-01-13-041432,64,ORACLE_greedy,194,0.04439515247941017,7.120650768280029
2026-04-19-11-01-13-041432,64,ORACLE_fps,194,0.052699778228998184,7.673901081085205
2026-06-08-15-56-06-314782,2,uniform,423,0.31902778148651123,1.7672820091247559
2026-06-08-15-56-06-314782,2,motion_peaks,423,0.36636918783187866,1.2634191513061523
2026-06-08-15-56-06-314782,2,cheap_fps,423,0.2586419880390167,1.6456971168518066
2026-06-08-15-56-06-314782,2,motion_gated_fps,423,0.25945258140563965,1.64078950881958
2026-06-08-15-56-06-314782,4,uniform,423,0.16223004460334778,2.4361045360565186
2026-06-08-15-56-06-314782,4,motion_peaks,423,0.3188357949256897,1.9182424545288086
2026-06-08-15-56-06-314782,4,cheap_fps,423,0.23080699145793915,2.3421919345855713
2026-06-08-15-56-06-314782,4,motion_gated_fps,423,0.19414599239826202,2.166816234588623
2026-06-08-15-56-06-314782,8,uniform,423,0.1290537416934967,2.9831578731536865
2026-06-08-15-56-06-314782,8,motion_peaks,423,0.2850222587585449,2.4595227241516113
2026-06-08-15-56-06-314782,8,cheap_fps,423,0.14185047149658203,2.717357873916626
2026-06-08-15-56-06-314782,8,motion_gated_fps,423,0.14773793518543243,2.60117506980896
2026-06-08-15-56-06-314782,16,uniform,423,0.09241987019777298,3.133350372314453
2026-06-08-15-56-06-314782,16,motion_peaks,423,0.18375517427921295,2.7519311904907227
2026-06-08-15-56-06-314782,16,cheap_fps,423,0.10961469262838364,3.3781487941741943
2026-06-08-15-56-06-314782,16,motion_gated_fps,423,0.10510706901550293,3.2470364570617676
2026-06-08-15-56-06-314782,32,uniform,423,0.06407304853200912,3.4324498176574707
2026-06-08-15-56-06-314782,32,motion_peaks,423,0.1476309895515442,3.754877805709839
2026-06-08-15-56-06-314782,32,cheap_fps,423,0.07092610001564026,3.8076648712158203
2026-06-08-15-56-06-314782,32,motion_gated_fps,423,0.07772167026996613,3.998030185699463
2026-06-08-15-56-06-314782,64,uniform,423,0.044681403785943985,3.888354539871216
2026-06-08-15-56-06-314782,64,motion_peaks,423,0.1065707579255104,4.073938846588135
2026-06-08-15-56-06-314782,64,cheap_fps,423,0.04858938604593277,4.0355448722839355
2026-06-08-15-56-06-314782,64,motion_gated_fps,423,0.056856583803892136,4.358100891113281
2026-06-08-15-56-06-314782,2,ORACLE_greedy,423,0.15600797533988953,1.337633490562439
2026-06-08-15-56-06-314782,2,ORACLE_fps,423,0.2685483992099762,1.7827553749084473
2026-06-08-15-56-06-314782,4,ORACLE_greedy,423,0.1269870549440384,1.7989715337753296
2026-06-08-15-56-06-314782,4,ORACLE_fps,423,0.23529842495918274,3.0808639526367188
2026-06-08-15-56-06-314782,8,ORACLE_greedy,423,0.1016734391450882,2.0888638496398926
2026-06-08-15-56-06-314782,8,ORACLE_fps,423,0.16976019740104675,4.344362258911133
2026-06-08-15-56-06-314782,16,ORACLE_greedy,423,0.07642915844917297,2.8635780811309814
2026-06-08-15-56-06-314782,16,ORACLE_fps,423,0.12989500164985657,5.325400352478027
2026-06-08-15-56-06-314782,32,ORACLE_greedy,423,0.0547754280269146,3.583214282989502
2026-06-08-15-56-06-314782,32,ORACLE_fps,423,0.0819297581911087,5.445279598236084
2026-06-08-15-56-06-314782,64,ORACLE_greedy,423,0.03784767538309097,4.1099934577941895
2026-06-08-15-56-06-314782,64,ORACLE_fps,423,0.049689605832099915,5.421703338623047
2026-05-12-16-53-58-923327,2,uniform,217,0.1010780856013298,1.4282090663909912
2026-05-12-16-53-58-923327,2,motion_peaks,217,0.1156359314918518,1.1347496509552002
2026-05-12-16-53-58-923327,2,cheap_fps,217,0.07337132096290588,1.2316066026687622
2026-05-12-16-53-58-923327,2,motion_gated_fps,217,0.08286788314580917,1.2318402528762817
2026-05-12-16-53-58-923327,4,uniform,217,0.057308629155159,1.6261992454528809
2026-05-12-16-53-58-923327,4,motion_peaks,217,0.10667772591114044,1.2878987789154053
2026-05-12-16-53-58-923327,4,cheap_fps,217,0.06233660876750946,1.4943760633468628
2026-05-12-16-53-58-923327,4,motion_gated_fps,217,0.0624963715672493,1.488815426826477
2026-05-12-16-53-58-923327,8,uniform,217,0.04342488944530487,1.6354767084121704
2026-05-12-16-53-58-923327,8,motion_peaks,217,0.10034947842359543,1.361467957496643
2026-05-12-16-53-58-923327,8,cheap_fps,217,0.04431845247745514,1.6480435132980347
2026-05-12-16-53-58-923327,8,motion_gated_fps,217,0.046360116451978683,1.5887852907180786
2026-05-12-16-53-58-923327,16,uniform,217,0.03191239759325981,1.7507359981536865
2026-05-12-16-53-58-923327,16,motion_peaks,217,0.06363248825073242,1.6770975589752197
2026-05-12-16-53-58-923327,16,cheap_fps,217,0.03247363492846489,1.745510458946228
2026-05-12-16-53-58-923327,16,motion_gated_fps,217,0.032345354557037354,1.7505701780319214
2026-05-12-16-53-58-923327,32,uniform,217,0.021457064896821976,1.8466565608978271
2026-05-12-16-53-58-923327,32,motion_peaks,217,0.037209153175354004,1.8106721639633179
2026-05-12-16-53-58-923327,32,cheap_fps,217,0.02241845242679119,1.8448127508163452
2026-05-12-16-53-58-923327,32,motion_gated_fps,217,0.023236313834786415,1.8057676553726196
2026-05-12-16-53-58-923327,64,uniform,217,0.013592922128736973,1.8322933912277222
2026-05-12-16-53-58-923327,64,motion_peaks,217,0.024124035611748695,1.8296573162078857
2026-05-12-16-53-58-923327,64,cheap_fps,217,0.014401528984308243,1.9137768745422363
2026-05-12-16-53-58-923327,64,motion_gated_fps,217,0.017368651926517487,1.9561980962753296
2026-05-12-16-53-58-923327,2,ORACLE_greedy,217,0.06290790438652039,1.1227214336395264
2026-05-12-16-53-58-923327,2,ORACLE_fps,217,0.07575099170207977,1.375733733177185
2026-05-12-16-53-58-923327,4,ORACLE_greedy,217,0.04743901640176773,1.412774920463562
2026-05-12-16-53-58-923327,4,ORACLE_fps,217,0.07185420393943787,1.787103533744812
2026-05-12-16-53-58-923327,8,ORACLE_greedy,217,0.03707828000187874,1.5503770112991333
2026-05-12-16-53-58-923327,8,ORACLE_fps,217,0.05140210688114166,2.0791969299316406
2026-05-12-16-53-58-923327,16,ORACLE_greedy,217,0.026906326413154602,1.6635020971298218
2026-05-12-16-53-58-923327,16,ORACLE_fps,217,0.035963885486125946,2.156271457672119
2026-05-12-16-53-58-923327,32,ORACLE_greedy,217,0.01932036131620407,1.8110867738723755
2026-05-12-16-53-58-923327,32,ORACLE_fps,217,0.02348123863339424,2.0934479236602783
2026-05-12-16-53-58-923327,64,ORACLE_greedy,217,0.012091726996004581,1.9163700342178345
2026-05-12-16-53-58-923327,64,ORACLE_fps,217,0.013771949335932732,2.01491117477417
2026-06-08-15-29-31-693647,2,uniform,220,0.18093682825565338,1.4791988134384155
2026-06-08-15-29-31-693647,2,motion_peaks,220,0.19259802997112274,1.1407999992370605
2026-06-08-15-29-31-693647,2,cheap_fps,220,0.14695504307746887,1.4979201555252075
2026-06-08-15-29-31-693647,2,motion_gated_fps,220,0.15141962468624115,1.4855495691299438
2026-06-08-15-29-31-693647,4,uniform,220,0.13370507955551147,1.8867886066436768
2026-06-08-15-29-31-693647,4,motion_peaks,220,0.1782461553812027,1.5050292015075684
2026-06-08-15-29-31-693647,4,cheap_fps,220,0.12326027452945709,1.9544223546981812
2026-06-08-15-29-31-693647,4,motion_gated_fps,220,0.12435901165008545,1.881069302558899
2026-06-08-15-29-31-693647,8,uniform,220,0.11331424117088318,2.5005571842193604
2026-06-08-15-29-31-693647,8,motion_peaks,220,0.15397624671459198,1.7907339334487915
2026-06-08-15-29-31-693647,8,cheap_fps,220,0.10216361284255981,2.28901743888855
2026-06-08-15-29-31-693647,8,motion_gated_fps,220,0.09512443840503693,2.290146589279175
2026-06-08-15-29-31-693647,16,uniform,220,0.07205505669116974,2.4448657035827637
2026-06-08-15-29-31-693647,16,motion_peaks,220,0.11885648965835571,2.115927219390869
2026-06-08-15-29-31-693647,16,cheap_fps,220,0.08544328808784485,2.5551536083221436
2026-06-08-15-29-31-693647,16,motion_gated_fps,220,0.07927053421735764,2.533616304397583
2026-06-08-15-29-31-693647,32,uniform,220,0.050395749509334564,2.7358322143554688
2026-06-08-15-29-31-693647,32,motion_peaks,220,0.09622308611869812,2.531728982925415
2026-06-08-15-29-31-693647,32,cheap_fps,220,0.06035199016332626,2.845273017883301
2026-06-08-15-29-31-693647,32,motion_gated_fps,220,0.06180509179830551,2.781074047088623
2026-06-08-15-29-31-693647,64,uniform,220,0.034583088010549545,2.940904378890991
2026-06-08-15-29-31-693647,64,motion_peaks,220,0.06546933203935623,2.75317645072937
2026-06-08-15-29-31-693647,64,cheap_fps,220,0.0376187227666378,3.096755266189575
2026-06-08-15-29-31-693647,64,motion_gated_fps,220,0.047389231622219086,2.8807554244995117
2026-06-08-15-29-31-693647,2,ORACLE_greedy,220,0.11706914007663727,1.3032786846160889
2026-06-08-15-29-31-693647,2,ORACLE_fps,220,0.17914794385433197,1.669661521911621
2026-06-08-15-29-31-693647,4,ORACLE_greedy,220,0.09438180178403854,1.5936893224716187
2026-06-08-15-29-31-693647,4,ORACLE_fps,220,0.15133720636367798,2.379568576812744
2026-06-08-15-29-31-693647,8,ORACLE_greedy,220,0.07864749431610107,1.9279769659042358
2026-06-08-15-29-31-693647,8,ORACLE_fps,220,0.12408743798732758,2.835033655166626
2026-06-08-15-29-31-693647,16,ORACLE_greedy,220,0.06150541454553604,2.2517569065093994
2026-06-08-15-29-31-693647,16,ORACLE_fps,220,0.08519294857978821,3.152650833129883
2026-06-08-15-29-31-693647,32,ORACLE_greedy,220,0.045464593917131424,2.64017915725708
2026-06-08-15-29-31-693647,32,ORACLE_fps,220,0.06035759299993515,3.273796796798706
2026-06-08-15-29-31-693647,64,ORACLE_greedy,220,0.030655864626169205,2.9627249240875244
2026-06-08-15-29-31-693647,64,ORACLE_fps,220,0.035457316786050797,3.2359390258789062
2026-06-02-19-37-45-649320,2,uniform,251,0.313721239566803,1.6420575380325317
2026-06-02-19-37-45-649320,2,motion_peaks,251,0.32616037130355835,1.1974503993988037
2026-06-02-19-37-45-649320,2,cheap_fps,251,0.20764417946338654,1.7210499048233032
2026-06-02-19-37-45-649320,2,motion_gated_fps,251,0.18754246830940247,1.5517582893371582
2026-06-02-19-37-45-649320,4,uniform,251,0.23249775171279907,2.661776542663574
2026-06-02-19-37-45-649320,4,motion_peaks,251,0.3133136034011841,1.448946237564087
2026-06-02-19-37-45-649320,4,cheap_fps,251,0.19214855134487152,2.405951976776123
2026-06-02-19-37-45-649320,4,motion_gated_fps,251,0.17414496839046478,2.2655155658721924
2026-06-02-19-37-45-649320,8,uniform,251,0.14038100838661194,3.064167022705078
2026-06-02-19-37-45-649320,8,motion_peaks,251,0.23683728277683258,2.5425446033477783
2026-06-02-19-37-45-649320,8,cheap_fps,251,0.15351073443889618,3.0296499729156494
2026-06-02-19-37-45-649320,8,motion_gated_fps,251,0.15166783332824707,2.803765058517456
2026-06-02-19-37-45-649320,16,uniform,251,0.11468853056430817,3.9045519828796387
2026-06-02-19-37-45-649320,16,motion_peaks,251,0.19143545627593994,2.858591318130493
2026-06-02-19-37-45-649320,16,cheap_fps,251,0.12443725764751434,4.049551963806152
2026-06-02-19-37-45-649320,16,motion_gated_fps,251,0.1228654533624649,3.994108200073242
2026-06-02-19-37-45-649320,32,uniform,251,0.08420252799987793,4.383524417877197
2026-06-02-19-37-45-649320,32,motion_peaks,251,0.1477908194065094,3.652282953262329
2026-06-02-19-37-45-649320,32,cheap_fps,251,0.08817114681005478,4.499466419219971
2026-06-02-19-37-45-649320,32,motion_gated_fps,251,0.0952540710568428,4.315582752227783
2026-06-02-19-37-45-649320,64,uniform,251,0.05613642930984497,4.87930965423584
2026-06-02-19-37-45-649320,64,motion_peaks,251,0.09936432540416718,4.582801342010498
2026-06-02-19-37-45-649320,64,cheap_fps,251,0.05651840940117836,5.021716594696045
2026-06-02-19-37-45-649320,64,motion_gated_fps,251,0.07310948520898819,4.6696367263793945
2026-06-02-19-37-45-649320,2,ORACLE_greedy,251,0.18317881226539612,1.532496690750122
2026-06-02-19-37-45-649320,2,ORACLE_fps,251,0.21749980747699738,1.8088650703430176
2026-06-02-19-37-45-649320,4,ORACLE_greedy,251,0.1481645405292511,2.2403740882873535
2026-06-02-19-37-45-649320,4,ORACLE_fps,251,0.18737588822841644,2.739241600036621
2026-06-02-19-37-45-649320,8,ORACLE_greedy,251,0.12436961382627487,2.9044570922851562
2026-06-02-19-37-45-649320,8,ORACLE_fps,251,0.16892105340957642,4.327420234680176
2026-06-02-19-37-45-649320,16,ORACLE_greedy,251,0.09915938973426819,3.64257550239563
2026-06-02-19-37-45-649320,16,ORACLE_fps,251,0.13837078213691711,5.495282173156738
2026-06-02-19-37-45-649320,32,ORACLE_greedy,251,0.07385382056236267,4.107065677642822
2026-06-02-19-37-45-649320,32,ORACLE_fps,251,0.0976530909538269,5.634334087371826
2026-06-02-19-37-45-649320,64,ORACLE_greedy,251,0.04965291544795036,4.875058174133301
2026-06-02-19-37-45-649320,64,ORACLE_fps,251,0.0579337403178215,5.7661309242248535
2026-05-27-14-39-52-614319,2,uniform,753,0.250895231962204,1.8184312582015991
2026-05-27-14-39-52-614319,2,motion_peaks,753,0.44274473190307617,1.169786810874939
2026-05-27-14-39-52-614319,2,cheap_fps,753,0.18068990111351013,1.8083856105804443
2026-05-27-14-39-52-614319,2,motion_gated_fps,753,0.2211904525756836,1.7879359722137451
2026-05-27-14-39-52-614319,4,uniform,753,0.1385194957256317,2.2644479274749756
2026-05-27-14-39-52-614319,4,motion_peaks,753,0.20373181998729706,1.862656831741333
2026-05-27-14-39-52-614319,4,cheap_fps,753,0.1631796956062317,2.329491138458252
2026-05-27-14-39-52-614319,4,motion_gated_fps,753,0.20763050019741058,2.415778160095215
2026-05-27-14-39-52-614319,8,uniform,753,0.11518038809299469,2.6578948497772217
2026-05-27-14-39-52-614319,8,motion_peaks,753,0.2005496323108673,2.156569004058838
2026-05-27-14-39-52-614319,8,cheap_fps,753,0.13943977653980255,2.8801627159118652
2026-05-27-14-39-52-614319,8,motion_gated_fps,753,0.12054534256458282,2.9794564247131348
2026-05-27-14-39-52-614319,16,uniform,753,0.0770803913474083,3.062872886657715
2026-05-27-14-39-52-614319,16,motion_peaks,753,0.1351618617773056,2.5243730545043945
2026-05-27-14-39-52-614319,16,cheap_fps,753,0.0944075733423233,3.304811716079712
2026-05-27-14-39-52-614319,16,motion_gated_fps,753,0.09118816256523132,3.44256854057312
2026-05-27-14-39-52-614319,32,uniform,753,0.06137891486287117,3.188814878463745
2026-05-27-14-39-52-614319,32,motion_peaks,753,0.11060618609189987,3.2865469455718994
2026-05-27-14-39-52-614319,32,cheap_fps,753,0.07049593329429626,3.5270793437957764
2026-05-27-14-39-52-614319,32,motion_gated_fps,753,0.07136141508817673,3.5764870643615723
2026-05-27-14-39-52-614319,64,uniform,753,0.042609408497810364,3.297060489654541
2026-05-27-14-39-52-614319,64,motion_peaks,753,0.09145273268222809,4.056632041931152
2026-05-27-14-39-52-614319,64,cheap_fps,753,0.04945237934589386,3.837308168411255
2026-05-27-14-39-52-614319,64,motion_gated_fps,753,0.04761496186256409,3.8616156578063965
2026-05-27-14-39-52-614319,2,ORACLE_greedy,753,0.13622647523880005,1.2512372732162476
2026-05-27-14-39-52-614319,2,ORACLE_fps,753,0.17668657004833221,1.901341438293457
2026-05-27-14-39-52-614319,4,ORACLE_greedy,753,0.10890743136405945,1.799284815788269
2026-05-27-14-39-52-614319,4,ORACLE_fps,753,0.1685904860496521,2.834012985229492
2026-05-27-14-39-52-614319,8,ORACLE_greedy,753,0.08618934452533722,1.9469246864318848
2026-05-27-14-39-52-614319,8,ORACLE_fps,753,0.14718317985534668,3.6263368129730225
2026-05-27-14-39-52-614319,16,ORACLE_greedy,753,0.06484059244394302,2.549609899520874
2026-05-27-14-39-52-614319,16,ORACLE_fps,753,0.12747953832149506,4.672372341156006
2026-05-27-14-39-52-614319,32,ORACLE_greedy,753,0.048827070742845535,3.0850417613983154
2026-05-27-14-39-52-614319,32,ORACLE_fps,753,0.08098400384187698,4.954074382781982
2026-05-27-14-39-52-614319,64,ORACLE_greedy,753,0.03596382960677147,3.6171977519989014
2026-05-27-14-39-52-614319,64,ORACLE_fps,753,0.05074643716216087,4.856826305389404
2026-04-28-07-13-42-489990,2,uniform,244,0.2615201771259308,1.5374854803085327
2026-04-28-07-13-42-489990,2,motion_peaks,244,0.28925010561943054,1.5710036754608154
2026-04-28-07-13-42-489990,2,cheap_fps,244,0.2813052237033844,1.750567078590393
2026-04-28-07-13-42-489990,2,motion_gated_fps,244,0.26957663893699646,1.6281410455703735
2026-04-28-07-13-42-489990,4,uniform,244,0.23937100172042847,2.244659185409546
2026-04-28-07-13-42-489990,4,motion_peaks,244,0.24093487858772278,2.1052086353302
2026-04-28-07-13-42-489990,4,cheap_fps,244,0.2513420581817627,2.5747222900390625
2026-04-28-07-13-42-489990,4,motion_gated_fps,244,0.2521606683731079,2.5755271911621094
2026-04-28-07-13-42-489990,8,uniform,244,0.197135329246521,3.112459659576416
2026-04-28-07-13-42-489990,8,motion_peaks,244,0.22516199946403503,2.6623034477233887
2026-04-28-07-13-42-489990,8,cheap_fps,244,0.20231221616268158,3.3745110034942627
2026-04-28-07-13-42-489990,8,motion_gated_fps,244,0.20818695425987244,3.4537973403930664
2026-04-28-07-13-42-489990,16,uniform,244,0.166259303689003,3.707880973815918
2026-04-28-07-13-42-489990,16,motion_peaks,244,0.19186529517173767,3.645866632461548
2026-04-28-07-13-42-489990,16,cheap_fps,244,0.17036481201648712,3.889179229736328
2026-04-28-07-13-42-489990,16,motion_gated_fps,244,0.1702388972043991,4.2273054122924805
2026-04-28-07-13-42-489990,32,uniform,244,0.12210605293512344,5.024673938751221
2026-04-28-07-13-42-489990,32,motion_peaks,244,0.16578951478004456,4.714852333068848
2026-04-28-07-13-42-489990,32,cheap_fps,244,0.12931114435195923,4.607848167419434
2026-04-28-07-13-42-489990,32,motion_gated_fps,244,0.13398894667625427,4.674527645111084
2026-04-28-07-13-42-489990,64,uniform,244,0.08438330143690109,5.29555082321167
2026-04-28-07-13-42-489990,64,motion_peaks,244,0.12324593216180801,5.207397937774658
2026-04-28-07-13-42-489990,64,cheap_fps,244,0.0881107971072197,5.370426177978516
2026-04-28-07-13-42-489990,64,motion_gated_fps,244,0.09950461238622665,5.172558784484863
2026-04-28-07-13-42-489990,2,ORACLE_greedy,244,0.22752498090267181,1.3333661556243896
2026-04-28-07-13-42-489990,2,ORACLE_fps,244,0.32113373279571533,1.7968661785125732
2026-04-28-07-13-42-489990,4,ORACLE_greedy,244,0.20348785817623138,1.9702879190444946
2026-04-28-07-13-42-489990,4,ORACLE_fps,244,0.3035666048526764,3.122680902481079
2026-04-28-07-13-42-489990,8,ORACLE_greedy,244,0.1709313988685608,2.8096377849578857
2026-04-28-07-13-42-489990,8,ORACLE_fps,244,0.2596414089202881,4.690749168395996
2026-04-28-07-13-42-489990,16,ORACLE_greedy,244,0.1405351310968399,3.651423215866089
2026-04-28-07-13-42-489990,16,ORACLE_fps,244,0.1968843787908554,6.211753845214844
2026-04-28-07-13-42-489990,32,ORACLE_greedy,244,0.10884527862071991,4.763670444488525
2026-04-28-07-13-42-489990,32,ORACLE_fps,244,0.14901308715343475,7.133237361907959
2026-04-28-07-13-42-489990,64,ORACLE_greedy,244,0.07358909398317337,5.8210344314575195
2026-04-28-07-13-42-489990,64,ORACLE_fps,244,0.0922539010643959,7.548586845397949
2026-05-16-20-07-39-013947,2,uniform,165,0.13710345327854156,1.4804868698120117
2026-05-16-20-07-39-013947,2,motion_peaks,165,0.24110223352909088,1.074701189994812
2026-05-16-20-07-39-013947,2,cheap_fps,165,0.13180042803287506,1.6632165908813477
2026-05-16-20-07-39-013947,2,motion_gated_fps,165,0.11822696775197983,1.5679419040679932
2026-05-16-20-07-39-013947,4,uniform,165,0.10201950371265411,1.7970976829528809
2026-05-16-20-07-39-013947,4,motion_peaks,165,0.1237541064620018,1.4948498010635376
2026-05-16-20-07-39-013947,4,cheap_fps,165,0.1075359582901001,2.094529390335083
2026-05-16-20-07-39-013947,4,motion_gated_fps,165,0.10187450796365738,1.9630050659179688
2026-05-16-20-07-39-013947,8,uniform,165,0.0739026591181755,2.1527483463287354
2026-05-16-20-07-39-013947,8,motion_peaks,165,0.11775600910186768,1.7903003692626953
2026-05-16-20-07-39-013947,8,cheap_fps,165,0.09632493555545807,2.323197364807129
2026-05-16-20-07-39-013947,8,motion_gated_fps,165,0.08489169180393219,2.2107176780700684
2026-05-16-20-07-39-013947,16,uniform,165,0.051119543612003326,2.446911096572876
2026-05-16-20-07-39-013947,16,motion_peaks,165,0.09830313920974731,2.0745551586151123
2026-05-16-20-07-39-013947,16,cheap_fps,165,0.06552298367023468,2.5620386600494385
2026-05-16-20-07-39-013947,16,motion_gated_fps,165,0.06122652813792229,2.4882800579071045
2026-05-16-20-07-39-013947,32,uniform,165,0.03757486492395401,2.597308874130249
2026-05-16-20-07-39-013947,32,motion_peaks,165,0.059952788054943085,2.286597490310669
2026-05-16-20-07-39-013947,32,cheap_fps,165,0.03988577425479889,2.7789695262908936
2026-05-16-20-07-39-013947,32,motion_gated_fps,165,0.041366804391145706,2.69901180267334
2026-05-16-20-07-39-013947,64,uniform,165,0.02324727363884449,2.7089974880218506
2026-05-16-20-07-39-013947,64,motion_peaks,165,0.034291986376047134,2.725893020629883
2026-05-16-20-07-39-013947,64,cheap_fps,165,0.025014320388436317,2.8218111991882324
2026-05-16-20-07-39-013947,64,motion_gated_fps,165,0.030973030254244804,2.795424222946167
2026-05-16-20-07-39-013947,2,ORACLE_greedy,165,0.08709634095430374,1.5314921140670776
2026-05-16-20-07-39-013947,2,ORACLE_fps,165,0.13495886325836182,1.6789039373397827
2026-05-16-20-07-39-013947,4,ORACLE_greedy,165,0.07336729764938354,1.7537838220596313
2026-05-16-20-07-39-013947,4,ORACLE_fps,165,0.11253128945827484,2.106295347213745
2026-05-16-20-07-39-013947,8,ORACLE_greedy,165,0.05955468490719795,2.159553050994873
2026-05-16-20-07-39-013947,8,ORACLE_fps,165,0.08719240128993988,2.6013686656951904
2026-05-16-20-07-39-013947,16,ORACLE_greedy,165,0.045566119253635406,2.3676538467407227
2026-05-16-20-07-39-013947,16,ORACLE_fps,165,0.06282218545675278,2.7532472610473633
2026-05-16-20-07-39-013947,32,ORACLE_greedy,165,0.03261175379157066,2.5652360916137695
2026-05-16-20-07-39-013947,32,ORACLE_fps,165,0.03967710956931114,2.9039547443389893
2026-05-16-20-07-39-013947,64,ORACLE_greedy,165,0.020469317212700844,2.7408807277679443
2026-05-16-20-07-39-013947,64,ORACLE_fps,165,0.022968264296650887,2.90272855758667
2026-04-09-12-44-35-311211,2,uniform,295,0.20430587232112885,1.5027062892913818
2026-04-09-12-44-35-311211,2,motion_peaks,295,0.3194518983364105,1.2746005058288574
2026-04-09-12-44-35-311211,2,cheap_fps,295,0.15003634989261627,1.4737777709960938
2026-04-09-12-44-35-311211,2,motion_gated_fps,295,0.21014337241649628,1.6614853143692017
2026-04-09-12-44-35-311211,4,uniform,295,0.132645845413208,1.9659042358398438
2026-04-09-12-44-35-311211,4,motion_peaks,295,0.2925964891910553,1.5254403352737427
2026-04-09-12-44-35-311211,4,cheap_fps,295,0.14092925190925598,2.378021240234375
2026-04-09-12-44-35-311211,4,motion_gated_fps,295,0.17994475364685059,2.3699605464935303
2026-04-09-12-44-35-311211,8,uniform,295,0.10624704509973526,2.2515218257904053
2026-04-09-12-44-35-311211,8,motion_peaks,295,0.1970748007297516,2.687558174133301
2026-04-09-12-44-35-311211,8,cheap_fps,295,0.12328781932592392,2.892040729522705
2026-04-09-12-44-35-311211,8,motion_gated_fps,295,0.1633300632238388,3.026306629180908
2026-04-09-12-44-35-311211,16,uniform,295,0.09044638276100159,2.768005609512329
2026-04-09-12-44-35-311211,16,motion_peaks,295,0.16780346632003784,3.267744541168213
2026-04-09-12-44-35-311211,16,cheap_fps,295,0.09716970473527908,3.4488658905029297
2026-04-09-12-44-35-311211,16,motion_gated_fps,295,0.09697464853525162,3.4364395141601562
2026-04-09-12-44-35-311211,32,uniform,295,0.06421598047018051,3.10955548286438
2026-04-09-12-44-35-311211,32,motion_peaks,295,0.11083857715129852,3.928309679031372
2026-04-09-12-44-35-311211,32,cheap_fps,295,0.07497464120388031,3.9500186443328857
2026-04-09-12-44-35-311211,32,motion_gated_fps,295,0.0705624371767044,3.757993221282959
2026-04-09-12-44-35-311211,64,uniform,295,0.04262254387140274,3.2234158515930176
2026-04-09-12-44-35-311211,64,motion_peaks,295,0.06830929219722748,4.289649963378906
2026-04-09-12-44-35-311211,64,cheap_fps,295,0.04933107644319534,4.14412260055542
2026-04-09-12-44-35-311211,64,motion_gated_fps,295,0.04808088392019272,4.026845455169678
2026-04-09-12-44-35-311211,2,ORACLE_greedy,295,0.1244291141629219,1.3856114149093628
2026-04-09-12-44-35-311211,2,ORACLE_fps,295,0.23015601933002472,1.651382327079773
2026-04-09-12-44-35-311211,4,ORACLE_greedy,295,0.10839149355888367,1.6541953086853027
2026-04-09-12-44-35-311211,4,ORACLE_fps,295,0.17380596697330475,2.636568069458008
2026-04-09-12-44-35-311211,8,ORACLE_greedy,295,0.09117409586906433,2.1798226833343506
2026-04-09-12-44-35-311211,8,ORACLE_fps,295,0.16177065670490265,3.7496936321258545
2026-04-09-12-44-35-311211,16,ORACLE_greedy,295,0.0726584643125534,2.8821210861206055
2026-04-09-12-44-35-311211,16,ORACLE_fps,295,0.1147122010588646,4.238655090332031
2026-04-09-12-44-35-311211,32,ORACLE_greedy,295,0.054755374789237976,3.148554801940918
2026-04-09-12-44-35-311211,32,ORACLE_fps,295,0.07601407915353775,4.555817127227783
2026-04-09-12-44-35-311211,64,ORACLE_greedy,295,0.03742922097444534,3.74731183052063
2026-04-09-12-44-35-311211,64,ORACLE_fps,295,0.04813126474618912,4.510865688323975
2026-06-13-08-43-56-692714,2,uniform,144,0.16056343913078308,1.379085898399353
2026-06-13-08-43-56-692714,2,motion_peaks,144,0.176288902759552,1.4930499792099
2026-06-13-08-43-56-692714,2,cheap_fps,144,0.16306424140930176,1.399340033531189
2026-06-13-08-43-56-692714,2,motion_gated_fps,144,0.14932319521903992,1.4536381959915161
2026-06-13-08-43-56-692714,4,uniform,144,0.10316071659326553,1.747774600982666
2026-06-13-08-43-56-692714,4,motion_peaks,144,0.13825827836990356,1.7279688119888306
2026-06-13-08-43-56-692714,4,cheap_fps,144,0.10646289587020874,1.9391275644302368
2026-06-13-08-43-56-692714,4,motion_gated_fps,144,0.10329919308423996,1.9104232788085938
2026-06-13-08-43-56-692714,8,uniform,144,0.07402096688747406,2.1892194747924805
2026-06-13-08-43-56-692714,8,motion_peaks,144,0.11026452481746674,2.0474777221679688
2026-06-13-08-43-56-692714,8,cheap_fps,144,0.08458976447582245,2.2471137046813965
2026-06-13-08-43-56-692714,8,motion_gated_fps,144,0.09039366990327835,2.314992666244507
2026-06-13-08-43-56-692714,16,uniform,144,0.05290712043642998,2.532742977142334
2026-06-13-08-43-56-692714,16,motion_peaks,144,0.10241791605949402,2.2235872745513916
2026-06-13-08-43-56-692714,16,cheap_fps,144,0.05659491568803787,2.5166866779327393
2026-06-13-08-43-56-692714,16,motion_gated_fps,144,0.05513276532292366,2.427018165588379
2026-06-13-08-43-56-692714,32,uniform,144,0.030757082626223564,2.488140821456909
2026-06-13-08-43-56-692714,32,motion_peaks,144,0.06666306406259537,2.4076216220855713
2026-06-13-08-43-56-692714,32,cheap_fps,144,0.03529277443885803,2.6876730918884277
2026-06-13-08-43-56-692714,32,motion_gated_fps,144,0.03880753740668297,2.663177728652954
2026-06-13-08-43-56-692714,64,uniform,144,0.018347539007663727,2.631730794906616
2026-06-13-08-43-56-692714,64,motion_peaks,144,0.029247453436255455,2.7641868591308594
2026-06-13-08-43-56-692714,64,cheap_fps,144,0.01905634067952633,2.797485113143921
2026-06-13-08-43-56-692714,64,motion_gated_fps,144,0.02622007578611374,2.7911250591278076
2026-06-13-08-43-56-692714,2,ORACLE_greedy,144,0.10737179219722748,1.3379405736923218
2026-06-13-08-43-56-692714,2,ORACLE_fps,144,0.14987070858478546,1.4911296367645264
2026-06-13-08-43-56-692714,4,ORACLE_greedy,144,0.08585402369499207,1.7828035354614258
2026-06-13-08-43-56-692714,4,ORACLE_fps,144,0.12990248203277588,2.224212884902954
2026-06-13-08-43-56-692714,8,ORACLE_greedy,144,0.0621049739420414,2.022447347640991
2026-06-13-08-43-56-692714,8,ORACLE_fps,144,0.08522623032331467,2.5668139457702637
2026-06-13-08-43-56-692714,16,ORACLE_greedy,144,0.04324815049767494,2.328906297683716
2026-06-13-08-43-56-692714,16,ORACLE_fps,144,0.060749396681785583,2.7964582443237305
2026-06-13-08-43-56-692714,32,ORACLE_greedy,144,0.028355684131383896,2.47780179977417
2026-06-13-08-43-56-692714,32,ORACLE_fps,144,0.03353128954768181,2.910898447036743
2026-06-13-08-43-56-692714,64,ORACLE_greedy,144,0.015530799515545368,2.688101291656494
2026-06-13-08-43-56-692714,64,ORACLE_fps,144,0.01759829930961132,2.886683225631714
2026-05-26-13-42-40-378371,2,uniform,215,0.2030673325061798,1.4264047145843506
2026-05-26-13-42-40-378371,2,motion_peaks,215,0.23218274116516113,1.1476410627365112
2026-05-26-13-42-40-378371,2,cheap_fps,215,0.20874637365341187,1.6947420835494995
2026-05-26-13-42-40-378371,2,motion_gated_fps,215,0.1893405169248581,1.5149364471435547
2026-05-26-13-42-40-378371,4,uniform,215,0.12667715549468994,1.9956295490264893
2026-05-26-13-42-40-378371,4,motion_peaks,215,0.21518421173095703,1.3222397565841675
2026-05-26-13-42-40-378371,4,cheap_fps,215,0.13474997878074646,2.2314867973327637
2026-05-26-13-42-40-378371,4,motion_gated_fps,215,0.12705929577350616,1.8115837574005127
2026-05-26-13-42-40-378371,8,uniform,215,0.08803029358386993,2.333915948867798
2026-05-26-13-42-40-378371,8,motion_peaks,215,0.15716589987277985,2.208709955215454
2026-05-26-13-42-40-378371,8,cheap_fps,215,0.08949560672044754,2.4977283477783203
2026-05-26-13-42-40-378371,8,motion_gated_fps,215,0.09020213782787323,2.460148572921753
2026-05-26-13-42-40-378371,16,uniform,215,0.06691053509712219,2.7406742572784424
2026-05-26-13-42-40-378371,16,motion_peaks,215,0.14662624895572662,2.806889295578003
2026-05-26-13-42-40-378371,16,cheap_fps,215,0.06991647928953171,3.0172038078308105
2026-05-26-13-42-40-378371,16,motion_gated_fps,215,0.06866765022277832,2.956782579421997
2026-05-26-13-42-40-378371,32,uniform,215,0.04656420275568962,3.1004691123962402
2026-05-26-13-42-40-378371,32,motion_peaks,215,0.08095483481884003,3.257563829421997
2026-05-26-13-42-40-378371,32,cheap_fps,215,0.04946397244930267,3.2747998237609863
2026-05-26-13-42-40-378371,32,motion_gated_fps,215,0.04783932864665985,3.176114082336426
2026-05-26-13-42-40-378371,64,uniform,215,0.029681114479899406,3.261446237564087
2026-05-26-13-42-40-378371,64,motion_peaks,215,0.05216298997402191,3.457872152328491
2026-05-26-13-42-40-378371,64,cheap_fps,215,0.02937498316168785,3.4481184482574463
2026-05-26-13-42-40-378371,64,motion_gated_fps,215,0.03415331244468689,3.50722074508667
2026-05-26-13-42-40-378371,2,ORACLE_greedy,215,0.13446110486984253,1.3931975364685059
2026-05-26-13-42-40-378371,2,ORACLE_fps,215,0.20154476165771484,1.7606631517410278
2026-05-26-13-42-40-378371,4,ORACLE_greedy,215,0.10349573194980621,1.7931602001190186
2026-05-26-13-42-40-378371,4,ORACLE_fps,215,0.1389044225215912,2.4834144115448
2026-05-26-13-42-40-378371,8,ORACLE_greedy,215,0.07690555602312088,2.245288610458374
2026-05-26-13-42-40-378371,8,ORACLE_fps,215,0.1073264330625534,3.0328102111816406
2026-05-26-13-42-40-378371,16,ORACLE_greedy,215,0.05532229319214821,2.6046512126922607
2026-05-26-13-42-40-378371,16,ORACLE_fps,215,0.07801135629415512,3.513655185699463
2026-05-26-13-42-40-378371,32,ORACLE_greedy,215,0.03994685783982277,3.0326497554779053
2026-05-26-13-42-40-378371,32,ORACLE_fps,215,0.05234093591570854,3.772510290145874
2026-05-26-13-42-40-378371,64,ORACLE_greedy,215,0.025317784398794174,3.425762891769409
2026-05-26-13-42-40-378371,64,ORACLE_fps,215,0.029596198350191116,3.6597278118133545
2026-04-01-10-56-34-881235,2,uniform,153,0.2198421061038971,1.4340846538543701
2026-04-01-10-56-34-881235,2,motion_peaks,153,0.16569884121418,1.401023268699646
2026-04-01-10-56-34-881235,2,cheap_fps,153,0.15811635553836823,1.431632399559021
2026-04-01-10-56-34-881235,2,motion_gated_fps,153,0.18996576964855194,1.5586625337600708
2026-04-01-10-56-34-881235,4,uniform,153,0.16261856257915497,2.2616937160491943
2026-04-01-10-56-34-881235,4,motion_peaks,153,0.1545075625181198,1.6417040824890137
2026-04-01-10-56-34-881235,4,cheap_fps,153,0.13300329446792603,1.8782052993774414
2026-04-01-10-56-34-881235,4,motion_gated_fps,153,0.1658283770084381,2.063896656036377
2026-04-01-10-56-34-881235,8,uniform,153,0.12592822313308716,2.452033758163452
2026-04-01-10-56-34-881235,8,motion_peaks,153,0.14442558586597443,1.8537375926971436
2026-04-01-10-56-34-881235,8,cheap_fps,153,0.11639726907014847,2.147904634475708
2026-04-01-10-56-34-881235,8,motion_gated_fps,153,0.12336868047714233,2.5216243267059326
2026-04-01-10-56-34-881235,16,uniform,153,0.09353088587522507,3.3120195865631104
2026-04-01-10-56-34-881235,16,motion_peaks,153,0.12672753632068634,2.3054001331329346
2026-04-01-10-56-34-881235,16,cheap_fps,153,0.08994031697511673,2.71366810798645
2026-04-01-10-56-34-881235,16,motion_gated_fps,153,0.096095010638237,2.9837045669555664
2026-04-01-10-56-34-881235,32,uniform,153,0.05877629294991493,3.3939337730407715
2026-04-01-10-56-34-881235,32,motion_peaks,153,0.09613878279924393,3.0126218795776367
2026-04-01-10-56-34-881235,32,cheap_fps,153,0.06091546639800072,3.1188697814941406
2026-04-01-10-56-34-881235,32,motion_gated_fps,153,0.07170838117599487,3.171466588973999
2026-04-01-10-56-34-881235,64,uniform,153,0.034755587577819824,3.6065261363983154
2026-04-01-10-56-34-881235,64,motion_peaks,153,0.053537894040346146,3.396087884902954
2026-04-01-10-56-34-881235,64,cheap_fps,153,0.03462165594100952,3.4885759353637695
2026-04-01-10-56-34-881235,64,motion_gated_fps,153,0.048300351947546005,3.3925459384918213
2026-04-01-10-56-34-881235,2,ORACLE_greedy,153,0.15151157975196838,1.3745617866516113
2026-04-01-10-56-34-881235,2,ORACLE_fps,153,0.17094935476779938,1.6189385652542114
2026-04-01-10-56-34-881235,4,ORACLE_greedy,153,0.12257539480924606,1.6600383520126343
2026-04-01-10-56-34-881235,4,ORACLE_fps,153,0.14638184010982513,2.4432547092437744
2026-04-01-10-56-34-881235,8,ORACLE_greedy,153,0.100070059299469,2.0935909748077393
2026-04-01-10-56-34-881235,8,ORACLE_fps,153,0.12143801897764206,3.044267416000366
2026-04-01-10-56-34-881235,16,ORACLE_greedy,153,0.0772675946354866,2.6012654304504395
2026-04-01-10-56-34-881235,16,ORACLE_fps,153,0.09619676321744919,3.610616683959961
2026-04-01-10-56-34-881235,32,ORACLE_greedy,153,0.05345913767814636,3.302720069885254
2026-04-01-10-56-34-881235,32,ORACLE_fps,153,0.06614020466804504,3.737787961959839
2026-04-01-10-56-34-881235,64,ORACLE_greedy,153,0.029386887326836586,3.7279868125915527
2026-04-01-10-56-34-881235,64,ORACLE_fps,153,0.03256123885512352,3.991028308868408
2026-04-19-08-10-30-419727,2,uniform,244,0.2667772173881531,1.7686964273452759
2026-04-19-08-10-30-419727,2,motion_peaks,244,0.4124559164047241,1.286031723022461
2026-04-19-08-10-30-419727,2,cheap_fps,244,0.32169654965400696,1.6222038269042969
2026-04-19-08-10-30-419727,2,motion_gated_fps,244,0.3308384418487549,1.8020612001419067
2026-04-19-08-10-30-419727,4,uniform,244,0.225311279296875,2.3768467903137207
2026-04-19-08-10-30-419727,4,motion_peaks,244,0.3355400264263153,2.210463047027588
2026-04-19-08-10-30-419727,4,cheap_fps,244,0.22914010286331177,2.456448793411255
2026-04-19-08-10-30-419727,4,motion_gated_fps,244,0.24029193818569183,2.862291097640991
2026-04-19-08-10-30-419727,8,uniform,244,0.18926610052585602,3.6395840644836426
2026-04-19-08-10-30-419727,8,motion_peaks,244,0.3097469210624695,2.9653573036193848
2026-04-19-08-10-30-419727,8,cheap_fps,244,0.19605645537376404,3.7024946212768555
2026-04-19-08-10-30-419727,8,motion_gated_fps,244,0.20501013100147247,3.7631123065948486
2026-04-19-08-10-30-419727,16,uniform,244,0.12821102142333984,4.223564624786377
2026-04-19-08-10-30-419727,16,motion_peaks,244,0.22030360996723175,3.565647840499878
2026-04-19-08-10-30-419727,16,cheap_fps,244,0.14765505492687225,4.661866188049316
2026-04-19-08-10-30-419727,16,motion_gated_fps,244,0.16002170741558075,4.810751914978027
2026-04-19-08-10-30-419727,32,uniform,244,0.09534413367509842,4.907273769378662
2026-04-19-08-10-30-419727,32,motion_peaks,244,0.18765667080879211,4.5276618003845215
2026-04-19-08-10-30-419727,32,cheap_fps,244,0.10403449088335037,5.510538101196289
2026-04-19-08-10-30-419727,32,motion_gated_fps,244,0.1061127707362175,5.759206295013428
2026-04-19-08-10-30-419727,64,uniform,244,0.057737622410058975,5.922569274902344
2026-04-19-08-10-30-419727,64,motion_peaks,244,0.123446524143219,5.725126266479492
2026-04-19-08-10-30-419727,64,cheap_fps,244,0.05892673507332802,6.065002918243408
2026-04-19-08-10-30-419727,64,motion_gated_fps,244,0.08233225345611572,6.197291851043701
2026-04-19-08-10-30-419727,2,ORACLE_greedy,244,0.2394786924123764,1.460821270942688
2026-04-19-08-10-30-419727,2,ORACLE_fps,244,0.3766207993030548,1.852988839149475
2026-04-19-08-10-30-419727,4,ORACLE_greedy,244,0.18370643258094788,2.386953592300415
2026-04-19-08-10-30-419727,4,ORACLE_fps,244,0.2918371558189392,3.033905506134033
2026-04-19-08-10-30-419727,8,ORACLE_greedy,244,0.14141102135181427,3.047224760055542
2026-04-19-08-10-30-419727,8,ORACLE_fps,244,0.22059383988380432,4.500513076782227
2026-04-19-08-10-30-419727,16,ORACLE_greedy,244,0.10825097560882568,3.9018661975860596
2026-04-19-08-10-30-419727,16,ORACLE_fps,244,0.16701558232307434,5.992303371429443
2026-04-19-08-10-30-419727,32,ORACLE_greedy,244,0.07716406136751175,4.756996154785156
2026-04-19-08-10-30-419727,32,ORACLE_fps,244,0.09887662529945374,6.498284339904785
2026-04-19-08-10-30-419727,64,ORACLE_greedy,244,0.049768008291721344,6.01328706741333
2026-04-19-08-10-30-419727,64,ORACLE_fps,244,0.05786200985312462,6.903998851776123
2026-06-21-06-50-19-385378,2,uniform,316,0.3292732834815979,1.7830747365951538
2026-06-21-06-50-19-385378,2,motion_peaks,316,0.5776796936988831,1.4323855638504028
2026-06-21-06-50-19-385378,2,cheap_fps,316,0.30266788601875305,1.5481120347976685
2026-06-21-06-50-19-385378,2,motion_gated_fps,316,0.33089834451675415,1.644166350364685
2026-06-21-06-50-19-385378,4,uniform,316,0.25232475996017456,2.4254636764526367
2026-06-21-06-50-19-385378,4,motion_peaks,316,0.41946372389793396,2.356768846511841
2026-06-21-06-50-19-385378,4,cheap_fps,316,0.24549271166324615,2.5381784439086914
2026-06-21-06-50-19-385378,4,motion_gated_fps,316,0.28313690423965454,3.0087404251098633
2026-06-21-06-50-19-385378,8,uniform,316,0.17874154448509216,3.6842145919799805
2026-06-21-06-50-19-385378,8,motion_peaks,316,0.34222519397735596,2.9670073986053467
2026-06-21-06-50-19-385378,8,cheap_fps,316,0.2033926546573639,3.987316846847534
2026-06-21-06-50-19-385378,8,motion_gated_fps,316,0.20828266441822052,4.0198869705200195
2026-06-21-06-50-19-385378,16,uniform,316,0.1386549472808838,4.529043197631836
2026-06-21-06-50-19-385378,16,motion_peaks,316,0.26279008388519287,3.955855131149292
2026-06-21-06-50-19-385378,16,cheap_fps,316,0.1495741903781891,5.251666069030762
2026-06-21-06-50-19-385378,16,motion_gated_fps,316,0.13702526688575745,5.22686767578125
2026-06-21-06-50-19-385378,32,uniform,316,0.09318633377552032,5.367960453033447
2026-06-21-06-50-19-385378,32,motion_peaks,316,0.18311209976673126,5.298588275909424
2026-06-21-06-50-19-385378,32,cheap_fps,316,0.10756304115056992,6.406123638153076
2026-06-21-06-50-19-385378,32,motion_gated_fps,316,0.10554083436727524,6.095874309539795
2026-06-21-06-50-19-385378,64,uniform,316,0.06273604929447174,6.732632160186768
2026-06-21-06-50-19-385378,64,motion_peaks,316,0.1249886006116867,6.509438514709473
2026-06-21-06-50-19-385378,64,cheap_fps,316,0.06952915340662003,6.95654821395874
2026-06-21-06-50-19-385378,64,motion_gated_fps,316,0.07376287877559662,6.948552131652832
2026-06-21-06-50-19-385378,2,ORACLE_greedy,316,0.24969568848609924,1.5452284812927246
2026-06-21-06-50-19-385378,2,ORACLE_fps,316,0.29534104466438293,1.9097093343734741
2026-06-21-06-50-19-385378,4,ORACLE_greedy,316,0.19503234326839447,2.387373208999634
2026-06-21-06-50-19-385378,4,ORACLE_fps,316,0.27358150482177734,3.2602646350860596
2026-06-21-06-50-19-385378,8,ORACLE_greedy,316,0.14882792532444,3.2533109188079834
2026-06-21-06-50-19-385378,8,ORACLE_fps,316,0.21191297471523285,5.1871538162231445
2026-06-21-06-50-19-385378,16,ORACLE_greedy,316,0.11283613741397858,4.307526588439941
2026-06-21-06-50-19-385378,16,ORACLE_fps,316,0.15476183593273163,6.739849090576172
2026-06-21-06-50-19-385378,32,ORACLE_greedy,316,0.08204681426286697,5.539985179901123
2026-06-21-06-50-19-385378,32,ORACLE_fps,316,0.10864269733428955,7.934933662414551
2026-06-21-06-50-19-385378,64,ORACLE_greedy,316,0.05607515573501587,6.681693077087402
2026-06-21-06-50-19-385378,64,ORACLE_fps,316,0.06889060884714127,8.402698516845703
2026-03-30-13-01-24-631805,2,uniform,416,0.26966044306755066,1.6639854907989502
2026-03-30-13-01-24-631805,2,motion_peaks,416,0.3782273530960083,1.1492475271224976
2026-03-30-13-01-24-631805,2,cheap_fps,416,0.29214951395988464,1.7736022472381592
2026-03-30-13-01-24-631805,2,motion_gated_fps,416,0.31617942452430725,1.7830921411514282
2026-03-30-13-01-24-631805,4,uniform,416,0.2457752525806427,2.4360156059265137
2026-03-30-13-01-24-631805,4,motion_peaks,416,0.3334933817386627,1.4425503015518188
2026-03-30-13-01-24-631805,4,cheap_fps,416,0.2624068856239319,2.6874847412109375
2026-03-30-13-01-24-631805,4,motion_gated_fps,416,0.2699129283428192,2.4330575466156006
2026-03-30-13-01-24-631805,8,uniform,416,0.15329957008361816,3.4079232215881348
2026-03-30-13-01-24-631805,8,motion_peaks,416,0.30747082829475403,2.163013458251953
2026-03-30-13-01-24-631805,8,cheap_fps,416,0.18329650163650513,3.694901466369629
2026-03-30-13-01-24-631805,8,motion_gated_fps,416,0.22967757284641266,3.821415901184082
2026-03-30-13-01-24-631805,16,uniform,416,0.12214713543653488,4.010397911071777
2026-03-30-13-01-24-631805,16,motion_peaks,416,0.23074942827224731,3.1324081420898438
2026-03-30-13-01-24-631805,16,cheap_fps,416,0.14225442707538605,4.439370155334473
2026-03-30-13-01-24-631805,16,motion_gated_fps,416,0.14865903556346893,4.481403350830078
2026-03-30-13-01-24-631805,32,uniform,416,0.09176547080278397,4.554271697998047
2026-03-30-13-01-24-631805,32,motion_peaks,416,0.2075076401233673,4.406557559967041
2026-03-30-13-01-24-631805,32,cheap_fps,416,0.10739385336637497,5.264117240905762
2026-03-30-13-01-24-631805,32,motion_gated_fps,416,0.10886640101671219,5.264187335968018
2026-03-30-13-01-24-631805,64,uniform,416,0.06666900217533112,5.267950534820557
2026-03-30-13-01-24-631805,64,motion_peaks,416,0.13434678316116333,5.935478210449219
2026-03-30-13-01-24-631805,64,cheap_fps,416,0.07327721267938614,6.077295303344727
2026-03-30-13-01-24-631805,64,motion_gated_fps,416,0.08320342004299164,6.111063480377197
2026-03-30-13-01-24-631805,2,ORACLE_greedy,416,0.1994912475347519,1.5664902925491333
2026-03-30-13-01-24-631805,2,ORACLE_fps,416,0.2813376486301422,1.8143595457077026
2026-03-30-13-01-24-631805,4,ORACLE_greedy,416,0.16382327675819397,2.0399930477142334
2026-03-30-13-01-24-631805,4,ORACLE_fps,416,0.2679620087146759,3.0971710681915283
2026-03-30-13-01-24-631805,8,ORACLE_greedy,416,0.1289891004562378,2.854619026184082
2026-03-30-13-01-24-631805,8,ORACLE_fps,416,0.18947818875312805,4.632879257202148
2026-03-30-13-01-24-631805,16,ORACLE_greedy,416,0.0995173305273056,4.05209493637085
2026-03-30-13-01-24-631805,16,ORACLE_fps,416,0.1500975787639618,6.076359272003174
2026-03-30-13-01-24-631805,32,ORACLE_greedy,416,0.07784159481525421,4.552215576171875
2026-03-30-13-01-24-631805,32,ORACLE_fps,416,0.1098843663930893,6.725474834442139
2026-03-30-13-01-24-631805,64,ORACLE_greedy,416,0.05750178545713425,5.374359607696533
2026-03-30-13-01-24-631805,64,ORACLE_fps,416,0.07427515089511871,7.2332353591918945
2026-05-14-16-27-44-573838,2,uniform,412,0.28141123056411743,1.5677717924118042
2026-05-14-16-27-44-573838,2,motion_peaks,412,0.29001888632774353,1.6234028339385986
2026-05-14-16-27-44-573838,2,cheap_fps,412,0.23646555840969086,1.4026665687561035
2026-05-14-16-27-44-573838,2,motion_gated_fps,412,0.2909603714942932,1.6163758039474487
2026-05-14-16-27-44-573838,4,uniform,412,0.17680662870407104,2.350802421569824
2026-05-14-16-27-44-573838,4,motion_peaks,412,0.2761555314064026,2.1133599281311035
2026-05-14-16-27-44-573838,4,cheap_fps,412,0.19602711498737335,2.064054012298584
2026-05-14-16-27-44-573838,4,motion_gated_fps,412,0.19177408516407013,2.431682825088501
2026-05-14-16-27-44-573838,8,uniform,412,0.13376736640930176,2.9047203063964844
2026-05-14-16-27-44-573838,8,motion_peaks,412,0.24015693366527557,2.483531951904297
2026-05-14-16-27-44-573838,8,cheap_fps,412,0.12830804288387299,2.9941513538360596
2026-05-14-16-27-44-573838,8,motion_gated_fps,412,0.13729800283908844,2.9149703979492188
2026-05-14-16-27-44-573838,16,uniform,412,0.10265228152275085,3.4894702434539795
2026-05-14-16-27-44-573838,16,motion_peaks,412,0.22321683168411255,2.9420294761657715
2026-05-14-16-27-44-573838,16,cheap_fps,412,0.09458962827920914,3.6594555377960205
2026-05-14-16-27-44-573838,16,motion_gated_fps,412,0.10163777321577072,3.907827377319336
2026-05-14-16-27-44-573838,32,uniform,412,0.06798462569713593,3.6584689617156982
2026-05-14-16-27-44-573838,32,motion_peaks,412,0.14123520255088806,3.228255033493042
2026-05-14-16-27-44-573838,32,cheap_fps,412,0.07373429089784622,4.261386394500732
2026-05-14-16-27-44-573838,32,motion_gated_fps,412,0.07693211734294891,4.2052531242370605
2026-05-14-16-27-44-573838,64,uniform,412,0.04921671003103256,4.355273246765137
2026-05-14-16-27-44-573838,64,motion_peaks,412,0.09232069551944733,4.152347564697266
2026-05-14-16-27-44-573838,64,cheap_fps,412,0.053626783192157745,4.513749122619629
2026-05-14-16-27-44-573838,64,motion_gated_fps,412,0.05751288682222366,4.525637149810791
2026-05-14-16-27-44-573838,2,ORACLE_greedy,412,0.1792907416820526,1.2748886346817017
2026-05-14-16-27-44-573838,2,ORACLE_fps,412,0.2298954278230667,1.7788256406784058
2026-05-14-16-27-44-573838,4,ORACLE_greedy,412,0.14538264274597168,1.837731122970581
2026-05-14-16-27-44-573838,4,ORACLE_fps,412,0.1854097694158554,2.6395227909088135
2026-05-14-16-27-44-573838,8,ORACLE_greedy,412,0.10681694746017456,2.568171262741089
2026-05-14-16-27-44-573838,8,ORACLE_fps,412,0.1437474936246872,3.8921217918395996
2026-05-14-16-27-44-573838,16,ORACLE_greedy,412,0.07995820045471191,3.3548011779785156
2026-05-14-16-27-44-573838,16,ORACLE_fps,412,0.11225318908691406,4.748432636260986
2026-05-14-16-27-44-573838,32,ORACLE_greedy,412,0.05908319354057312,3.6865179538726807
2026-05-14-16-27-44-573838,32,ORACLE_fps,412,0.0825830027461052,5.092322826385498
2026-05-14-16-27-44-573838,64,ORACLE_greedy,412,0.04262334480881691,4.200690746307373
2026-05-14-16-27-44-573838,64,ORACLE_fps,412,0.05681803077459335,5.173368453979492
2026-05-23-16-46-27-756328,2,uniform,282,0.23516282439231873,1.4857702255249023
2026-05-23-16-46-27-756328,2,motion_peaks,282,0.24450351297855377,1.6742181777954102
2026-05-23-16-46-27-756328,2,cheap_fps,282,0.21414606273174286,1.5276366472244263
2026-05-23-16-46-27-756328,2,motion_gated_fps,282,0.20935003459453583,1.4191383123397827
2026-05-23-16-46-27-756328,4,uniform,282,0.1985829919576645,2.123955488204956
2026-05-23-16-46-27-756328,4,motion_peaks,282,0.22556962072849274,2.1352851390838623
2026-05-23-16-46-27-756328,4,cheap_fps,282,0.19768017530441284,2.080536365509033
2026-05-23-16-46-27-756328,4,motion_gated_fps,282,0.20060017704963684,1.9197584390640259
2026-05-23-16-46-27-756328,8,uniform,282,0.1456461101770401,2.5504345893859863
2026-05-23-16-46-27-756328,8,motion_peaks,282,0.22025687992572784,2.547394037246704
2026-05-23-16-46-27-756328,8,cheap_fps,282,0.187189981341362,2.6111080646514893
2026-05-23-16-46-27-756328,8,motion_gated_fps,282,0.16261857748031616,2.5816938877105713
2026-05-23-16-46-27-756328,16,uniform,282,0.12310425937175751,3.3845815658569336
2026-05-23-16-46-27-756328,16,motion_peaks,282,0.19041413068771362,3.25459623336792
2026-05-23-16-46-27-756328,16,cheap_fps,282,0.13691061735153198,3.363193988800049
2026-05-23-16-46-27-756328,16,motion_gated_fps,282,0.13734109699726105,3.483442783355713
2026-05-23-16-46-27-756328,32,uniform,282,0.09094583988189697,3.646057605743408
2026-05-23-16-46-27-756328,32,motion_peaks,282,0.14764243364334106,3.7699830532073975
2026-05-23-16-46-27-756328,32,cheap_fps,282,0.09923335909843445,3.961907386779785
2026-05-23-16-46-27-756328,32,motion_gated_fps,282,0.1028236374258995,4.112208366394043
2026-05-23-16-46-27-756328,64,uniform,282,0.06413145363330841,4.089165210723877
2026-05-23-16-46-27-756328,64,motion_peaks,282,0.11029690504074097,4.402942657470703
2026-05-23-16-46-27-756328,64,cheap_fps,282,0.071370430290699,4.407108783721924
2026-05-23-16-46-27-756328,64,motion_gated_fps,282,0.07847331464290619,4.508541107177734
2026-05-23-16-46-27-756328,2,ORACLE_greedy,282,0.17591823637485504,1.287952184677124
2026-05-23-16-46-27-756328,2,ORACLE_fps,282,0.2144520878791809,1.6910864114761353
2026-05-23-16-46-27-756328,4,ORACLE_greedy,282,0.15125472843647003,1.686458945274353
2026-05-23-16-46-27-756328,4,ORACLE_fps,282,0.18530800938606262,2.5488100051879883
2026-05-23-16-46-27-756328,8,ORACLE_greedy,282,0.12594962120056152,2.3051822185516357
2026-05-23-16-46-27-756328,8,ORACLE_fps,282,0.16656851768493652,3.7535812854766846
2026-05-23-16-46-27-756328,16,ORACLE_greedy,282,0.10322689265012741,2.6958882808685303
2026-05-23-16-46-27-756328,16,ORACLE_fps,282,0.1405143439769745,4.614709854125977
2026-05-23-16-46-27-756328,32,ORACLE_greedy,282,0.07952112704515457,3.4103152751922607
2026-05-23-16-46-27-756328,32,ORACLE_fps,282,0.10379844158887863,5.109630584716797
2026-05-23-16-46-27-756328,64,ORACLE_greedy,282,0.05746963247656822,4.230251312255859
2026-05-23-16-46-27-756328,64,ORACLE_fps,282,0.06872371584177017,5.217320442199707
2026-04-29-01-21-22-400709,2,uniform,156,0.10919954627752304,1.2713849544525146
2026-04-29-01-21-22-400709,2,motion_peaks,156,0.12340585887432098,1.1058415174484253
2026-04-29-01-21-22-400709,2,cheap_fps,156,0.08718366175889969,1.307435154914856
2026-04-29-01-21-22-400709,2,motion_gated_fps,156,0.08331047743558884,1.3119298219680786
2026-04-29-01-21-22-400709,4,uniform,156,0.07716090977191925,1.5208816528320312
2026-04-29-01-21-22-400709,4,motion_peaks,156,0.07881380617618561,1.310546875
2026-04-29-01-21-22-400709,4,cheap_fps,156,0.0714457631111145,1.5446616411209106
2026-04-29-01-21-22-400709,4,motion_gated_fps,156,0.07151737064123154,1.5411549806594849
2026-04-29-01-21-22-400709,8,uniform,156,0.05424000695347786,1.7197576761245728
2026-04-29-01-21-22-400709,8,motion_peaks,156,0.06822013854980469,1.5197458267211914
2026-04-29-01-21-22-400709,8,cheap_fps,156,0.055170536041259766,1.6944787502288818
2026-04-29-01-21-22-400709,8,motion_gated_fps,156,0.05987489968538284,1.7037837505340576
2026-04-29-01-21-22-400709,16,uniform,156,0.03580459579825401,1.8452990055084229
2026-04-29-01-21-22-400709,16,motion_peaks,156,0.05880127102136612,1.6838548183441162
2026-04-29-01-21-22-400709,16,cheap_fps,156,0.04094786196947098,1.8443686962127686
2026-04-29-01-21-22-400709,16,motion_gated_fps,156,0.04489777609705925,1.7940280437469482
2026-04-29-01-21-22-400709,32,uniform,156,0.02615700289607048,2.01347279548645
2026-04-29-01-21-22-400709,32,motion_peaks,156,0.04085535183548927,1.8191245794296265
2026-04-29-01-21-22-400709,32,cheap_fps,156,0.02761276811361313,1.9138108491897583
2026-04-29-01-21-22-400709,32,motion_gated_fps,156,0.03052181750535965,1.915649652481079
2026-04-29-01-21-22-400709,64,uniform,156,0.015736933797597885,2.0078134536743164
2026-04-29-01-21-22-400709,64,motion_peaks,156,0.02423885092139244,1.9622397422790527
2026-04-29-01-21-22-400709,64,cheap_fps,156,0.015783460810780525,2.055899143218994
2026-04-29-01-21-22-400709,64,motion_gated_fps,156,0.021749846637248993,1.9723196029663086
2026-04-29-01-21-22-400709,2,ORACLE_greedy,156,0.07173897325992584,1.17030668258667
2026-04-29-01-21-22-400709,2,ORACLE_fps,156,0.10987588763237,1.50123929977417
2026-04-29-01-21-22-400709,4,ORACLE_greedy,156,0.0581798180937767,1.3981149196624756
2026-04-29-01-21-22-400709,4,ORACLE_fps,156,0.07311690598726273,1.7506848573684692
2026-04-29-01-21-22-400709,8,ORACLE_greedy,156,0.04491212218999863,1.590084195137024
2026-04-29-01-21-22-400709,8,ORACLE_fps,156,0.060483139008283615,1.9976733922958374
2026-04-29-01-21-22-400709,16,ORACLE_greedy,156,0.032185886055231094,1.792651891708374
2026-04-29-01-21-22-400709,16,ORACLE_fps,156,0.04230531305074692,2.0706536769866943
2026-04-29-01-21-22-400709,32,ORACLE_greedy,156,0.023204194381833076,1.8778235912322998
2026-04-29-01-21-22-400709,32,ORACLE_fps,156,0.02893516980111599,2.1270570755004883
2026-04-29-01-21-22-400709,64,ORACLE_greedy,156,0.01372703816741705,2.053471088409424
2026-04-29-01-21-22-400709,64,ORACLE_fps,156,0.015373187139630318,2.1627414226531982
2026-05-30-07-48-36-431411,2,uniform,176,0.1368790566921234,1.2147248983383179
2026-05-30-07-48-36-431411,2,motion_peaks,176,0.24616311490535736,1.2630984783172607
2026-05-30-07-48-36-431411,2,cheap_fps,176,0.13189926743507385,1.3217929601669312
2026-05-30-07-48-36-431411,2,motion_gated_fps,176,0.1385374516248703,1.3164160251617432
2026-05-30-07-48-36-431411,4,uniform,176,0.08990824222564697,1.4776692390441895
2026-05-30-07-48-36-431411,4,motion_peaks,176,0.22603739798069,1.5338523387908936
2026-05-30-07-48-36-431411,4,cheap_fps,176,0.10481656342744827,1.7039308547973633
2026-05-30-07-48-36-431411,4,motion_gated_fps,176,0.1300910860300064,1.7459219694137573
2026-05-30-07-48-36-431411,8,uniform,176,0.0638299435377121,1.906691312789917
2026-05-30-07-48-36-431411,8,motion_peaks,176,0.13315822184085846,1.7912650108337402
2026-05-30-07-48-36-431411,8,cheap_fps,176,0.08507662266492844,2.1287076473236084
2026-05-30-07-48-36-431411,8,motion_gated_fps,176,0.08826860785484314,2.049476146697998
2026-05-30-07-48-36-431411,16,uniform,176,0.045404743403196335,2.105527400970459
2026-05-30-07-48-36-431411,16,motion_peaks,176,0.09687287360429764,2.1721181869506836
2026-05-30-07-48-36-431411,16,cheap_fps,176,0.056333646178245544,2.498432159423828
2026-05-30-07-48-36-431411,16,motion_gated_fps,176,0.049856625497341156,2.3465163707733154
2026-05-30-07-48-36-431411,32,uniform,176,0.03079826384782791,2.2936224937438965
2026-05-30-07-48-36-431411,32,motion_peaks,176,0.06148019805550575,2.3821916580200195
2026-05-30-07-48-36-431411,32,cheap_fps,176,0.030843041837215424,2.5020618438720703
2026-05-30-07-48-36-431411,32,motion_gated_fps,176,0.037198808044195175,2.4497835636138916
2026-05-30-07-48-36-431411,64,uniform,176,0.01576692797243595,2.3610851764678955
2026-05-30-07-48-36-431411,64,motion_peaks,176,0.0347810722887516,2.3989291191101074
2026-05-30-07-48-36-431411,64,cheap_fps,176,0.01627040095627308,2.5127291679382324
2026-05-30-07-48-36-431411,64,motion_gated_fps,176,0.02544461376965046,2.5119974613189697
2026-05-30-07-48-36-431411,2,ORACLE_greedy,176,0.09038074314594269,1.2501306533813477
2026-05-30-07-48-36-431411,2,ORACLE_fps,176,0.12605500221252441,1.5244313478469849
2026-05-30-07-48-36-431411,4,ORACLE_greedy,176,0.06877509504556656,1.5453431606292725
2026-05-30-07-48-36-431411,4,ORACLE_fps,176,0.10718509554862976,2.178826332092285
2026-05-30-07-48-36-431411,8,ORACLE_greedy,176,0.052732691168785095,1.8171888589859009
2026-05-30-07-48-36-431411,8,ORACLE_fps,176,0.08693529665470123,2.4919443130493164
2026-05-30-07-48-36-431411,16,ORACLE_greedy,176,0.039107128977775574,2.1291322708129883
2026-05-30-07-48-36-431411,16,ORACLE_fps,176,0.0530749075114727,2.6030335426330566
2026-05-30-07-48-36-431411,32,ORACLE_greedy,176,0.0249033086001873,2.2503175735473633
2026-05-30-07-48-36-431411,32,ORACLE_fps,176,0.03137461468577385,2.586496114730835
2026-05-30-07-48-36-431411,64,ORACLE_greedy,176,0.01389553863555193,2.5149669647216797
2026-05-30-07-48-36-431411,64,ORACLE_fps,176,0.015728196129202843,2.5809922218322754
2026-04-27-13-32-59-527420,2,uniform,247,0.37072908878326416,1.7383438348770142
2026-04-27-13-32-59-527420,2,motion_peaks,247,0.36879491806030273,1.539879560470581
2026-04-27-13-32-59-527420,2,cheap_fps,247,0.2539021670818329,1.7475720643997192
2026-04-27-13-32-59-527420,2,motion_gated_fps,247,0.3047824800014496,1.8077659606933594
2026-04-27-13-32-59-527420,4,uniform,247,0.2670896351337433,2.458536386489868
2026-04-27-13-32-59-527420,4,motion_peaks,247,0.2837720215320587,1.9203681945800781
2026-04-27-13-32-59-527420,4,cheap_fps,247,0.23355022072792053,2.79465651512146
2026-04-27-13-32-59-527420,4,motion_gated_fps,247,0.2540726065635681,2.8978514671325684
2026-04-27-13-32-59-527420,8,uniform,247,0.2058255821466446,3.6644444465637207
2026-04-27-13-32-59-527420,8,motion_peaks,247,0.24921280145645142,2.6656064987182617
2026-04-27-13-32-59-527420,8,cheap_fps,247,0.20030270516872406,3.870190382003784
2026-04-27-13-32-59-527420,8,motion_gated_fps,247,0.2043965458869934,3.6531834602355957
2026-04-27-13-32-59-527420,16,uniform,247,0.14704592525959015,4.208817958831787
2026-04-27-13-32-59-527420,16,motion_peaks,247,0.2147582471370697,3.7918202877044678
2026-04-27-13-32-59-527420,16,cheap_fps,247,0.16383790969848633,4.58114767074585
2026-04-27-13-32-59-527420,16,motion_gated_fps,247,0.16433323919773102,4.478030681610107
2026-04-27-13-32-59-527420,32,uniform,247,0.11083488166332245,5.142906188964844
2026-04-27-13-32-59-527420,32,motion_peaks,247,0.15928319096565247,4.366392612457275
2026-04-27-13-32-59-527420,32,cheap_fps,247,0.11547203361988068,5.3247151374816895
2026-04-27-13-32-59-527420,32,motion_gated_fps,247,0.13197767734527588,5.383052349090576
2026-04-27-13-32-59-527420,64,uniform,247,0.07228314131498337,5.3612380027771
2026-04-27-13-32-59-527420,64,motion_peaks,247,0.11431432515382767,5.4815144538879395
2026-04-27-13-32-59-527420,64,cheap_fps,247,0.07401326298713684,5.726212024688721
2026-04-27-13-32-59-527420,64,motion_gated_fps,247,0.08751541376113892,6.200182914733887
2026-04-27-13-32-59-527420,2,ORACLE_greedy,247,0.21795058250427246,1.406657099723816
2026-04-27-13-32-59-527420,2,ORACLE_fps,247,0.2539021670818329,1.7475720643997192
2026-04-27-13-32-59-527420,4,ORACLE_greedy,247,0.18404290080070496,1.7714042663574219
2026-04-27-13-32-59-527420,4,ORACLE_fps,247,0.24499420821666718,2.902371883392334
2026-04-27-13-32-59-527420,8,ORACLE_greedy,247,0.15807847678661346,2.3638205528259277
2026-04-27-13-32-59-527420,8,ORACLE_fps,247,0.21238286793231964,4.349654197692871
2026-04-27-13-32-59-527420,16,ORACLE_greedy,247,0.12857367098331451,3.38553524017334
2026-04-27-13-32-59-527420,16,ORACLE_fps,247,0.17712324857711792,5.684205532073975
2026-04-27-13-32-59-527420,32,ORACLE_greedy,247,0.0969788059592247,4.543492794036865
2026-04-27-13-32-59-527420,32,ORACLE_fps,247,0.1246996596455574,6.744243144989014
2026-04-27-13-32-59-527420,64,ORACLE_greedy,247,0.06325017660856247,5.680304527282715
2026-04-27-13-32-59-527420,64,ORACLE_fps,247,0.07650212943553925,6.926252841949463
2026-06-09-07-52-40-120788,2,uniform,193,0.1983484923839569,1.5849103927612305
2026-06-09-07-52-40-120788,2,motion_peaks,193,0.2916942834854126,1.0794864892959595
2026-06-09-07-52-40-120788,2,cheap_fps,193,0.1849873661994934,1.7392969131469727
2026-06-09-07-52-40-120788,2,motion_gated_fps,193,0.20057235658168793,1.7179549932479858
2026-06-09-07-52-40-120788,4,uniform,193,0.12605930864810944,2.08516526222229
2026-06-09-07-52-40-120788,4,motion_peaks,193,0.25863099098205566,1.2460204362869263
2026-06-09-07-52-40-120788,4,cheap_fps,193,0.16131065785884857,2.007020950317383
2026-06-09-07-52-40-120788,4,motion_gated_fps,193,0.16485458612442017,2.235910415649414
2026-06-09-07-52-40-120788,8,uniform,193,0.10911563783884048,2.747448205947876
2026-06-09-07-52-40-120788,8,motion_peaks,193,0.2518419623374939,1.4771604537963867
2026-06-09-07-52-40-120788,8,cheap_fps,193,0.10239677131175995,2.8389737606048584
2026-06-09-07-52-40-120788,8,motion_gated_fps,193,0.12789760529994965,2.833587169647217
2026-06-09-07-52-40-120788,16,uniform,193,0.07137478142976761,3.188779354095459
2026-06-09-07-52-40-120788,16,motion_peaks,193,0.18779347836971283,1.880020022392273
2026-06-09-07-52-40-120788,16,cheap_fps,193,0.07652997970581055,3.3535008430480957
2026-06-09-07-52-40-120788,16,motion_gated_fps,193,0.07699331641197205,3.261428117752075
2026-06-09-07-52-40-120788,32,uniform,193,0.0473182313144207,3.4343013763427734
2026-06-09-07-52-40-120788,32,motion_peaks,193,0.10916641354560852,2.807056188583374
2026-06-09-07-52-40-120788,32,cheap_fps,193,0.050414279103279114,3.683992862701416
2026-06-09-07-52-40-120788,32,motion_gated_fps,193,0.055383797734975815,3.681800603866577
2026-06-09-07-52-40-120788,64,uniform,193,0.028338922187685966,3.5983846187591553
2026-06-09-07-52-40-120788,64,motion_peaks,193,0.0661555603146553,3.812983512878418
2026-06-09-07-52-40-120788,64,cheap_fps,193,0.031004859134554863,4.0051422119140625
2026-06-09-07-52-40-120788,64,motion_gated_fps,193,0.04260436072945595,3.873004674911499
2026-06-09-07-52-40-120788,2,ORACLE_greedy,193,0.14088623225688934,1.6149729490280151
2026-06-09-07-52-40-120788,2,ORACLE_fps,193,0.20125332474708557,1.8297227621078491
2026-06-09-07-52-40-120788,4,ORACLE_greedy,193,0.10810159146785736,1.8734161853790283
2026-06-09-07-52-40-120788,4,ORACLE_fps,193,0.18056724965572357,2.7650632858276367
2026-06-09-07-52-40-120788,8,ORACLE_greedy,193,0.08186958730220795,2.5802483558654785
2026-06-09-07-52-40-120788,8,ORACLE_fps,193,0.11853548884391785,3.4468986988067627
2026-06-09-07-52-40-120788,16,ORACLE_greedy,193,0.05876106396317482,2.9293081760406494
2026-06-09-07-52-40-120788,16,ORACLE_fps,193,0.07889197766780853,4.1214280128479
2026-06-09-07-52-40-120788,32,ORACLE_greedy,193,0.03937334939837456,3.501366138458252
2026-06-09-07-52-40-120788,32,ORACLE_fps,193,0.04949400573968887,4.139981269836426
2026-06-09-07-52-40-120788,64,ORACLE_greedy,193,0.023874251171946526,3.9842212200164795
2026-06-09-07-52-40-120788,64,ORACLE_fps,193,0.026844242587685585,4.342311382293701
2026-05-29-17-53-38-426603,2,uniform,158,0.27188435196876526,1.7443935871124268
2026-05-29-17-53-38-426603,2,motion_peaks,158,0.26726481318473816,1.7741693258285522
2026-05-29-17-53-38-426603,2,cheap_fps,158,0.15675345063209534,1.4163602590560913
2026-05-29-17-53-38-426603,2,motion_gated_fps,158,0.15933509171009064,1.4978305101394653
2026-05-29-17-53-38-426603,4,uniform,158,0.15151241421699524,2.2357218265533447
2026-05-29-17-53-38-426603,4,motion_peaks,158,0.2551702558994293,2.063528060913086
2026-05-29-17-53-38-426603,4,cheap_fps,158,0.1387559473514557,2.091214895248413
2026-05-29-17-53-38-426603,4,motion_gated_fps,158,0.13743619620800018,2.090120792388916
2026-05-29-17-53-38-426603,8,uniform,158,0.10667621344327927,2.5693812370300293
2026-05-29-17-53-38-426603,8,motion_peaks,158,0.15131132304668427,2.6595630645751953
2026-05-29-17-53-38-426603,8,cheap_fps,158,0.11568394303321838,2.6177523136138916
2026-05-29-17-53-38-426603,8,motion_gated_fps,158,0.11392071843147278,2.5884056091308594
2026-05-29-17-53-38-426603,16,uniform,158,0.0784488096833229,3.0595932006835938
2026-05-29-17-53-38-426603,16,motion_peaks,158,0.1176222562789917,3.2189319133758545
2026-05-29-17-53-38-426603,16,cheap_fps,158,0.08031079918146133,3.123106002807617
2026-05-29-17-53-38-426603,16,motion_gated_fps,158,0.0897928923368454,3.0144968032836914
2026-05-29-17-53-38-426603,32,uniform,158,0.049663007259368896,3.188324213027954
2026-05-29-17-53-38-426603,32,motion_peaks,158,0.0890493243932724,3.332240104675293
2026-05-29-17-53-38-426603,32,cheap_fps,158,0.05441493168473244,3.303166627883911
2026-05-29-17-53-38-426603,32,motion_gated_fps,158,0.059050705283880234,3.31459641456604
2026-05-29-17-53-38-426603,64,uniform,158,0.029076069593429565,3.194131374359131
2026-05-29-17-53-38-426603,64,motion_peaks,158,0.04807807132601738,3.3356707096099854
2026-05-29-17-53-38-426603,64,cheap_fps,158,0.030317487195134163,3.3601107597351074
2026-05-29-17-53-38-426603,64,motion_gated_fps,158,0.03951532021164894,3.5001654624938965
2026-05-29-17-53-38-426603,2,ORACLE_greedy,158,0.13491195440292358,1.3568835258483887
2026-05-29-17-53-38-426603,2,ORACLE_fps,158,0.18604502081871033,1.7244209051132202
2026-05-29-17-53-38-426603,4,ORACLE_greedy,158,0.11179470270872116,1.6533199548721313
2026-05-29-17-53-38-426603,4,ORACLE_fps,158,0.16334213316440582,2.4130005836486816
2026-05-29-17-53-38-426603,8,ORACLE_greedy,158,0.08780135214328766,2.013355255126953
2026-05-29-17-53-38-426603,8,ORACLE_fps,158,0.12543733417987823,3.195521831512451
2026-05-29-17-53-38-426603,16,ORACLE_greedy,158,0.0640464499592781,2.576439380645752
2026-05-29-17-53-38-426603,16,ORACLE_fps,158,0.09080953150987625,3.7417802810668945
2026-05-29-17-53-38-426603,32,ORACLE_greedy,158,0.04368317127227783,3.240546226501465
2026-05-29-17-53-38-426603,32,ORACLE_fps,158,0.0540027841925621,3.854825735092163
2026-05-29-17-53-38-426603,64,ORACLE_greedy,158,0.024922017008066177,3.5822017192840576
2026-05-29-17-53-38-426603,64,ORACLE_fps,158,0.02874385192990303,3.8022820949554443
2026-04-27-08-07-25-576732,2,uniform,379,0.18732669949531555,1.6149612665176392
2026-04-27-08-07-25-576732,2,motion_peaks,379,0.24364519119262695,1.1479078531265259
2026-04-27-08-07-25-576732,2,cheap_fps,379,0.1987527310848236,1.608031153678894
2026-04-27-08-07-25-576732,2,motion_gated_fps,379,0.2240297794342041,1.3851481676101685
2026-04-27-08-07-25-576732,4,uniform,379,0.16808733344078064,2.1829826831817627
2026-04-27-08-07-25-576732,4,motion_peaks,379,0.22490368783473969,1.3413474559783936
2026-04-27-08-07-25-576732,4,cheap_fps,379,0.16980108618736267,2.4137892723083496
2026-04-27-08-07-25-576732,4,motion_gated_fps,379,0.1911306232213974,1.8908742666244507
2026-04-27-08-07-25-576732,8,uniform,379,0.14418891072273254,2.8954079151153564
2026-04-27-08-07-25-576732,8,motion_peaks,379,0.20876248180866241,1.7397226095199585
2026-04-27-08-07-25-576732,8,cheap_fps,379,0.13891448080539703,2.8805160522460938
2026-04-27-08-07-25-576732,8,motion_gated_fps,379,0.16578036546707153,2.664119243621826
2026-04-27-08-07-25-576732,16,uniform,379,0.1094994843006134,3.2521631717681885
2026-04-27-08-07-25-576732,16,motion_peaks,379,0.17113976180553436,2.648360013961792
2026-04-27-08-07-25-576732,16,cheap_fps,379,0.11479756981134415,3.5253937244415283
2026-04-27-08-07-25-576732,16,motion_gated_fps,379,0.13015171885490417,3.1870083808898926
2026-04-27-08-07-25-576732,32,uniform,379,0.08176540583372116,3.8573148250579834
2026-04-27-08-07-25-576732,32,motion_peaks,379,0.15221792459487915,3.1983821392059326
2026-04-27-08-07-25-576732,32,cheap_fps,379,0.08584339171648026,3.8958780765533447
2026-04-27-08-07-25-576732,32,motion_gated_fps,379,0.08893035352230072,3.7850751876831055
2026-04-27-08-07-25-576732,64,uniform,379,0.056417692452669144,3.938042640686035
2026-04-27-08-07-25-576732,64,motion_peaks,379,0.0975557416677475,3.8610568046569824
2026-04-27-08-07-25-576732,64,cheap_fps,379,0.06099698320031166,4.1875739097595215
2026-04-27-08-07-25-576732,64,motion_gated_fps,379,0.0660344660282135,4.223630428314209
2026-04-27-08-07-25-576732,2,ORACLE_greedy,379,0.16497063636779785,1.461156964302063
2026-04-27-08-07-25-576732,2,ORACLE_fps,379,0.326018750667572,1.8186078071594238
2026-04-27-08-07-25-576732,4,ORACLE_greedy,379,0.14159968495368958,1.9220657348632812
2026-04-27-08-07-25-576732,4,ORACLE_fps,379,0.24623602628707886,2.8630259037017822
2026-04-27-08-07-25-576732,8,ORACLE_greedy,379,0.11544978618621826,2.2827694416046143
2026-04-27-08-07-25-576732,8,ORACLE_fps,379,0.19674597680568695,4.162994861602783
2026-04-27-08-07-25-576732,16,ORACLE_greedy,379,0.09110705554485321,2.914426803588867
2026-04-27-08-07-25-576732,16,ORACLE_fps,379,0.13201075792312622,5.071638107299805
2026-04-27-08-07-25-576732,32,ORACLE_greedy,379,0.06849916279315948,3.604891300201416
2026-04-27-08-07-25-576732,32,ORACLE_fps,379,0.09678472578525543,5.4104084968566895
2026-04-27-08-07-25-576732,64,ORACLE_greedy,379,0.04918140172958374,4.127535343170166
2026-04-27-08-07-25-576732,64,ORACLE_fps,379,0.06418956816196442,5.500164031982422
2026-05-22-17-57-10-717646,2,uniform,322,0.20705410838127136,1.6415294408798218
2026-05-22-17-57-10-717646,2,motion_peaks,322,0.26086297631263733,1.2404065132141113
2026-05-22-17-57-10-717646,2,cheap_fps,322,0.16502074897289276,1.5009225606918335
2026-05-22-17-57-10-717646,2,motion_gated_fps,322,0.14377830922603607,1.3688154220581055
2026-05-22-17-57-10-717646,4,uniform,322,0.08878408372402191,2.0143394470214844
2026-05-22-17-57-10-717646,4,motion_peaks,322,0.2573230564594269,1.6777845621109009
2026-05-22-17-57-10-717646,4,cheap_fps,322,0.09287046641111374,1.8633317947387695
2026-05-22-17-57-10-717646,4,motion_gated_fps,322,0.09361463785171509,1.7321268320083618
2026-05-22-17-57-10-717646,8,uniform,322,0.07695342600345612,2.229398727416992
2026-05-22-17-57-10-717646,8,motion_peaks,322,0.18257255852222443,2.314066171646118
2026-05-22-17-57-10-717646,8,cheap_fps,322,0.07941073924303055,2.3844618797302246
2026-05-22-17-57-10-717646,8,motion_gated_fps,322,0.08410303294658661,2.403799533843994
2026-05-22-17-57-10-717646,16,uniform,322,0.05733745917677879,2.2703089714050293
2026-05-22-17-57-10-717646,16,motion_peaks,322,0.15743497014045715,2.7439022064208984
2026-05-22-17-57-10-717646,16,cheap_fps,322,0.06748289614915848,2.9883387088775635
2026-05-22-17-57-10-717646,16,motion_gated_fps,322,0.06263865530490875,2.748879909515381
2026-05-22-17-57-10-717646,32,uniform,322,0.041629329323768616,2.2435975074768066
2026-05-22-17-57-10-717646,32,motion_peaks,322,0.08749993145465851,3.1100878715515137
2026-05-22-17-57-10-717646,32,cheap_fps,322,0.045627858489751816,3.161405563354492
2026-05-22-17-57-10-717646,32,motion_gated_fps,322,0.046636052429676056,2.8478004932403564
2026-05-22-17-57-10-717646,64,uniform,322,0.027955984696745872,2.4114952087402344
2026-05-22-17-57-10-717646,64,motion_peaks,322,0.07436385005712509,2.996311664581299
2026-05-22-17-57-10-717646,64,cheap_fps,322,0.02872178889811039,3.0578925609588623
2026-05-22-17-57-10-717646,64,motion_gated_fps,322,0.03466392308473587,3.0312366485595703
2026-05-22-17-57-10-717646,2,ORACLE_greedy,322,0.08662001043558121,1.1410765647888184
2026-05-22-17-57-10-717646,2,ORACLE_fps,322,0.16799381375312805,1.6278709173202515
2026-05-22-17-57-10-717646,4,ORACLE_greedy,322,0.07307887077331543,1.576364278793335
2026-05-22-17-57-10-717646,4,ORACLE_fps,322,0.1640537530183792,2.4712486267089844
2026-05-22-17-57-10-717646,8,ORACLE_greedy,322,0.05968039482831955,1.8264689445495605
2026-05-22-17-57-10-717646,8,ORACLE_fps,322,0.12406845390796661,3.188174247741699
2026-05-22-17-57-10-717646,16,ORACLE_greedy,322,0.04572845250368118,2.212836503982544
2026-05-22-17-57-10-717646,16,ORACLE_fps,322,0.07988486438989639,3.452946901321411
2026-05-22-17-57-10-717646,32,ORACLE_greedy,322,0.03294016420841217,2.736948013305664
2026-05-22-17-57-10-717646,32,ORACLE_fps,322,0.049374401569366455,3.4798154830932617
2026-05-22-17-57-10-717646,64,ORACLE_greedy,322,0.02185846120119095,2.9517874717712402
2026-05-22-17-57-10-717646,64,ORACLE_fps,322,0.029340779408812523,3.3145499229431152
2026-04-20-11-49-44-284373,2,uniform,274,0.23540359735488892,1.5080721378326416
2026-04-20-11-49-44-284373,2,motion_peaks,274,0.29372891783714294,1.184389591217041
2026-04-20-11-49-44-284373,2,cheap_fps,274,0.2566763460636139,1.7550692558288574
2026-04-20-11-49-44-284373,2,motion_gated_fps,274,0.23901796340942383,1.5404716730117798
2026-04-20-11-49-44-284373,4,uniform,274,0.18050535023212433,2.1082167625427246
2026-04-20-11-49-44-284373,4,motion_peaks,274,0.2805808484554291,1.3171685934066772
2026-04-20-11-49-44-284373,4,cheap_fps,274,0.17032921314239502,2.3799095153808594
2026-04-20-11-49-44-284373,4,motion_gated_fps,274,0.18304887413978577,2.451860189437866
2026-04-20-11-49-44-284373,8,uniform,274,0.12922261655330658,2.9593052864074707
2026-04-20-11-49-44-284373,8,motion_peaks,274,0.22758786380290985,1.7733125686645508
2026-04-20-11-49-44-284373,8,cheap_fps,274,0.13140451908111572,2.9696154594421387
2026-04-20-11-49-44-284373,8,motion_gated_fps,274,0.12726539373397827,2.990180730819702
2026-04-20-11-49-44-284373,16,uniform,274,0.0827629342675209,3.323167562484741
2026-04-20-11-49-44-284373,16,motion_peaks,274,0.21082757413387299,2.4127631187438965
2026-04-20-11-49-44-284373,16,cheap_fps,274,0.09680993109941483,3.54817795753479
2026-04-20-11-49-44-284373,16,motion_gated_fps,274,0.10364163666963577,3.4320459365844727
2026-04-20-11-49-44-284373,32,uniform,274,0.05609496310353279,4.091989994049072
2026-04-20-11-49-44-284373,32,motion_peaks,274,0.192917600274086,2.90079927444458
2026-04-20-11-49-44-284373,32,cheap_fps,274,0.06093763932585716,4.07193660736084
2026-04-20-11-49-44-284373,32,motion_gated_fps,274,0.06345392018556595,4.064767360687256
2026-04-20-11-49-44-284373,64,uniform,274,0.03410787507891655,4.280757427215576
2026-04-20-11-49-44-284373,64,motion_peaks,274,0.10447654873132706,3.7641091346740723
2026-04-20-11-49-44-284373,64,cheap_fps,274,0.03854421153664589,4.359785556793213
2026-04-20-11-49-44-284373,64,motion_gated_fps,274,0.04553355649113655,4.248231887817383
2026-04-20-11-49-44-284373,2,ORACLE_greedy,274,0.17592597007751465,1.4426534175872803
2026-04-20-11-49-44-284373,2,ORACLE_fps,274,0.2566763460636139,1.7550692558288574
2026-04-20-11-49-44-284373,4,ORACLE_greedy,274,0.1277075707912445,2.0696816444396973
2026-04-20-11-49-44-284373,4,ORACLE_fps,274,0.19026517868041992,2.7630763053894043
2026-04-20-11-49-44-284373,8,ORACLE_greedy,274,0.09557069838047028,2.527642250061035
2026-04-20-11-49-44-284373,8,ORACLE_fps,274,0.14648905396461487,3.595183849334717
2026-04-20-11-49-44-284373,16,ORACLE_greedy,274,0.0688914805650711,3.269533634185791
2026-04-20-11-49-44-284373,16,ORACLE_fps,274,0.0994071513414383,4.263034820556641
2026-04-20-11-49-44-284373,32,ORACLE_greedy,274,0.04833091050386429,3.7040460109710693
2026-04-20-11-49-44-284373,32,ORACLE_fps,274,0.06674452126026154,4.4824700355529785
2026-04-20-11-49-44-284373,64,ORACLE_greedy,274,0.030781440436840057,4.166866302490234
2026-04-20-11-49-44-284373,64,ORACLE_fps,274,0.03650364652276039,4.665609836578369
2026-03-27-18-50-36-594295,2,uniform,246,0.13634748756885529,1.4402965307235718
2026-03-27-18-50-36-594295,2,motion_peaks,246,0.14444401860237122,1.1138168573379517
2026-03-27-18-50-36-594295,2,cheap_fps,246,0.10311798006296158,1.3404160737991333
2026-03-27-18-50-36-594295,2,motion_gated_fps,246,0.11359531432390213,1.3240807056427002
2026-03-27-18-50-36-594295,4,uniform,246,0.09189514070749283,1.7263169288635254
2026-03-27-18-50-36-594295,4,motion_peaks,246,0.12480181455612183,1.372148871421814
2026-03-27-18-50-36-594295,4,cheap_fps,246,0.08615107834339142,1.5937083959579468
2026-03-27-18-50-36-594295,4,motion_gated_fps,246,0.0793701633810997,1.6440783739089966
2026-03-27-18-50-36-594295,8,uniform,246,0.0669577494263649,1.878487229347229
2026-03-27-18-50-36-594295,8,motion_peaks,246,0.1160179004073143,1.5935527086257935
2026-03-27-18-50-36-594295,8,cheap_fps,246,0.07371726632118225,1.9251292943954468
2026-03-27-18-50-36-594295,8,motion_gated_fps,246,0.0677730143070221,1.8849854469299316
2026-03-27-18-50-36-594295,16,uniform,246,0.05177918076515198,2.1874587535858154
2026-03-27-18-50-36-594295,16,motion_peaks,246,0.06762293726205826,1.9682592153549194
2026-03-27-18-50-36-594295,16,cheap_fps,246,0.055317822843790054,2.129091739654541
2026-03-27-18-50-36-594295,16,motion_gated_fps,246,0.054941851645708084,2.201618194580078
2026-03-27-18-50-36-594295,32,uniform,246,0.03576909750699997,2.1913087368011475
2026-03-27-18-50-36-594295,32,motion_peaks,246,0.05855301395058632,2.1524548530578613
2026-03-27-18-50-36-594295,32,cheap_fps,246,0.03817543759942055,2.3026766777038574
2026-03-27-18-50-36-594295,32,motion_gated_fps,246,0.04068898782134056,2.2985687255859375
2026-03-27-18-50-36-594295,64,uniform,246,0.02448534406721592,2.3866806030273438
2026-03-27-18-50-36-594295,64,motion_peaks,246,0.04035869985818863,2.357785940170288
2026-03-27-18-50-36-594295,64,cheap_fps,246,0.0250355564057827,2.4178919792175293
2026-03-27-18-50-36-594295,64,motion_gated_fps,246,0.030758440494537354,2.367349624633789
2026-03-27-18-50-36-594295,2,ORACLE_greedy,246,0.08031047880649567,1.2638401985168457
2026-03-27-18-50-36-594295,2,ORACLE_fps,246,0.11690628528594971,1.4157296419143677
2026-03-27-18-50-36-594295,4,ORACLE_greedy,246,0.06891632080078125,1.4571713209152222
2026-03-27-18-50-36-594295,4,ORACLE_fps,246,0.08985897898674011,1.8306341171264648
2026-03-27-18-50-36-594295,8,ORACLE_greedy,246,0.0569140650331974,1.6805177927017212
2026-03-27-18-50-36-594295,8,ORACLE_fps,246,0.0750013068318367,2.319719076156616
2026-03-27-18-50-36-594295,16,ORACLE_greedy,246,0.043199196457862854,1.8926188945770264
2026-03-27-18-50-36-594295,16,ORACLE_fps,246,0.05534140393137932,2.525618076324463
2026-03-27-18-50-36-594295,32,ORACLE_greedy,246,0.03220449015498161,2.1895110607147217
2026-03-27-18-50-36-594295,32,ORACLE_fps,246,0.0383433997631073,2.5529935359954834
2026-03-27-18-50-36-594295,64,ORACLE_greedy,246,0.021591778844594955,2.3543481826782227
2026-03-27-18-50-36-594295,64,ORACLE_fps,246,0.024907635524868965,2.546499252319336
2026-06-19-07-00-26-708283,2,uniform,732,0.19039954245090485,1.518027663230896
2026-06-19-07-00-26-708283,2,motion_peaks,732,0.24903732538223267,1.69107985496521
2026-06-19-07-00-26-708283,2,cheap_fps,732,0.16612298786640167,1.4921948909759521
2026-06-19-07-00-26-708283,2,motion_gated_fps,732,0.15720561146736145,1.345543622970581
2026-06-19-07-00-26-708283,4,uniform,732,0.14576596021652222,1.8829360008239746
2026-06-19-07-00-26-708283,4,motion_peaks,732,0.23552025854587555,2.179178476333618
2026-06-19-07-00-26-708283,4,cheap_fps,732,0.14748628437519073,2.1642343997955322
2026-06-19-07-00-26-708283,4,motion_gated_fps,732,0.14282622933387756,2.0211586952209473
2026-06-19-07-00-26-708283,8,uniform,732,0.11538635939359665,2.642587661743164
2026-06-19-07-00-26-708283,8,motion_peaks,732,0.22169029712677002,2.504828691482544
2026-06-19-07-00-26-708283,8,cheap_fps,732,0.12890931963920593,2.550081729888916
2026-06-19-07-00-26-708283,8,motion_gated_fps,732,0.11711979657411575,2.82015061378479
2026-06-19-07-00-26-708283,16,uniform,732,0.09723255038261414,2.710414409637451
2026-06-19-07-00-26-708283,16,motion_peaks,732,0.14291419088840485,3.1701881885528564
2026-06-19-07-00-26-708283,16,cheap_fps,732,0.10889036953449249,3.246203660964966
2026-06-19-07-00-26-708283,16,motion_gated_fps,732,0.10015999525785446,3.3101794719696045
2026-06-19-07-00-26-708283,32,uniform,732,0.07327550649642944,3.361637830734253
2026-06-19-07-00-26-708283,32,motion_peaks,732,0.10853272676467896,3.5406012535095215
2026-06-19-07-00-26-708283,32,cheap_fps,732,0.07680470496416092,3.727566957473755
2026-06-19-07-00-26-708283,32,motion_gated_fps,732,0.08004920184612274,3.6094894409179688
2026-06-19-07-00-26-708283,64,uniform,732,0.05637581646442413,3.665414333343506
2026-06-19-07-00-26-708283,64,motion_peaks,732,0.08756493031978607,3.641458034515381
2026-06-19-07-00-26-708283,64,cheap_fps,732,0.05884899944067001,3.891191005706787
2026-06-19-07-00-26-708283,64,motion_gated_fps,732,0.059218261390924454,3.7656261920928955
2026-06-19-07-00-26-708283,2,ORACLE_greedy,732,0.1472765952348709,1.303234577178955
2026-06-19-07-00-26-708283,2,ORACLE_fps,732,0.22739751636981964,1.7673505544662476
2026-06-19-07-00-26-708283,4,ORACLE_greedy,732,0.12534652650356293,1.7013951539993286
2026-06-19-07-00-26-708283,4,ORACLE_fps,732,0.17196238040924072,2.6030192375183105
2026-06-19-07-00-26-708283,8,ORACLE_greedy,732,0.09742974489927292,2.2577877044677734
2026-06-19-07-00-26-708283,8,ORACLE_fps,732,0.15979599952697754,3.38582444190979
2026-06-19-07-00-26-708283,16,ORACLE_greedy,732,0.07816357165575027,2.7061562538146973
2026-06-19-07-00-26-708283,16,ORACLE_fps,732,0.128523051738739,4.379981517791748
2026-06-19-07-00-26-708283,32,ORACLE_greedy,732,0.062078673392534256,2.9606103897094727
2026-06-19-07-00-26-708283,32,ORACLE_fps,732,0.08917661756277084,4.603005886077881
2026-06-19-07-00-26-708283,64,ORACLE_greedy,732,0.04713745415210724,3.6150712966918945
2026-06-19-07-00-26-708283,64,ORACLE_fps,732,0.062204815447330475,4.818246841430664
2026-05-25-07-46-28-389769,2,uniform,583,0.3284408152103424,1.8715029954910278
2026-05-25-07-46-28-389769,2,motion_peaks,583,0.3762751817703247,1.2080082893371582
2026-05-25-07-46-28-389769,2,cheap_fps,583,0.27986183762550354,1.7463375329971313
2026-05-25-07-46-28-389769,2,motion_gated_fps,583,0.3062080144882202,1.8718022108078003
2026-05-25-07-46-28-389769,4,uniform,583,0.2286936193704605,2.48394513130188
2026-05-25-07-46-28-389769,4,motion_peaks,583,0.3674607574939728,1.427024245262146
2026-05-25-07-46-28-389769,4,cheap_fps,583,0.2080494463443756,2.505225896835327
2026-05-25-07-46-28-389769,4,motion_gated_fps,583,0.28830835223197937,2.614790678024292
2026-05-25-07-46-28-389769,8,uniform,583,0.10447228699922562,3.532400608062744
2026-05-25-07-46-28-389769,8,motion_peaks,583,0.3581322133541107,1.709062933921814
2026-05-25-07-46-28-389769,8,cheap_fps,583,0.1757601648569107,3.3176190853118896
2026-05-25-07-46-28-389769,8,motion_gated_fps,583,0.15620873868465424,3.680711030960083
2026-05-25-07-46-28-389769,16,uniform,583,0.08393575996160507,3.9975836277008057
2026-05-25-07-46-28-389769,16,motion_peaks,583,0.2505689859390259,2.2604212760925293
2026-05-25-07-46-28-389769,16,cheap_fps,583,0.13206730782985687,4.057441234588623
2026-05-25-07-46-28-389769,16,motion_gated_fps,583,0.1155097559094429,4.4955854415893555
2026-05-25-07-46-28-389769,32,uniform,583,0.06245411932468414,4.456107139587402
2026-05-25-07-46-28-389769,32,motion_peaks,583,0.22778303921222687,3.046006441116333
2026-05-25-07-46-28-389769,32,cheap_fps,583,0.07123295962810516,5.249902725219727
2026-05-25-07-46-28-389769,32,motion_gated_fps,583,0.08496596664190292,4.9101128578186035
2026-05-25-07-46-28-389769,64,uniform,583,0.04404791444540024,4.884449005126953
2026-05-25-07-46-28-389769,64,motion_peaks,583,0.10718007385730743,4.689220428466797
2026-05-25-07-46-28-389769,64,cheap_fps,583,0.04959096387028694,5.420990467071533
2026-05-25-07-46-28-389769,64,motion_gated_fps,583,0.05725254863500595,5.5648956298828125
2026-05-25-07-46-28-389769,2,ORACLE_greedy,583,0.18987032771110535,1.626101016998291
2026-05-25-07-46-28-389769,2,ORACLE_fps,583,0.2823094129562378,1.7772812843322754
2026-05-25-07-46-28-389769,4,ORACLE_greedy,583,0.11454103142023087,2.6209545135498047
2026-05-25-07-46-28-389769,4,ORACLE_fps,583,0.18273234367370605,3.2435712814331055
2026-05-25-07-46-28-389769,8,ORACLE_greedy,583,0.08432529866695404,3.3224759101867676
2026-05-25-07-46-28-389769,8,ORACLE_fps,583,0.147421732544899,4.505153656005859
2026-05-25-07-46-28-389769,16,ORACLE_greedy,583,0.06365513056516647,3.853452444076538
2026-05-25-07-46-28-389769,16,ORACLE_fps,583,0.10592654347419739,5.414592742919922
2026-05-25-07-46-28-389769,32,ORACLE_greedy,583,0.04917162284255028,4.447350025177002
2026-05-25-07-46-28-389769,32,ORACLE_fps,583,0.07219094038009644,5.976754188537598
2026-05-25-07-46-28-389769,64,ORACLE_greedy,583,0.036074597388505936,5.000790596008301
2026-05-25-07-46-28-389769,64,ORACLE_fps,583,0.05422663688659668,6.129971504211426
2026-06-21-14-07-09-325696,2,uniform,662,0.14464476704597473,1.2244796752929688
2026-06-21-14-07-09-325696,2,motion_peaks,662,0.15525595843791962,1.0583378076553345
2026-06-21-14-07-09-325696,2,cheap_fps,662,0.12864583730697632,1.4685004949569702
2026-06-21-14-07-09-325696,2,motion_gated_fps,662,0.15465179085731506,1.3654941320419312
2026-06-21-14-07-09-325696,4,uniform,662,0.08638813346624374,1.665520429611206
2026-06-21-14-07-09-325696,4,motion_peaks,662,0.15462999045848846,1.1670249700546265
2026-06-21-14-07-09-325696,4,cheap_fps,662,0.1164892390370369,1.7408556938171387
2026-06-21-14-07-09-325696,4,motion_gated_fps,662,0.11296573281288147,1.7761231660842896
2026-06-21-14-07-09-325696,8,uniform,662,0.08312223851680756,2.0062835216522217
2026-06-21-14-07-09-325696,8,motion_peaks,662,0.11687317490577698,1.6518917083740234
2026-06-21-14-07-09-325696,8,cheap_fps,662,0.08166095614433289,1.9909133911132812
2026-06-21-14-07-09-325696,8,motion_gated_fps,662,0.07921847701072693,2.0330655574798584
2026-06-21-14-07-09-325696,16,uniform,662,0.05976688861846924,2.0278232097625732
2026-06-21-14-07-09-325696,16,motion_peaks,662,0.10621314495801926,2.074763059616089
2026-06-21-14-07-09-325696,16,cheap_fps,662,0.06939318031072617,2.1541550159454346
2026-06-21-14-07-09-325696,16,motion_gated_fps,662,0.06647516787052155,2.1513500213623047
2026-06-21-14-07-09-325696,32,uniform,662,0.04646053537726402,2.209639072418213
2026-06-21-14-07-09-325696,32,motion_peaks,662,0.0846392810344696,2.287519693374634
2026-06-21-14-07-09-325696,32,cheap_fps,662,0.05481218546628952,2.508601427078247
2026-06-21-14-07-09-325696,32,motion_gated_fps,662,0.053687140345573425,2.4777915477752686
2026-06-21-14-07-09-325696,64,uniform,662,0.03482873737812042,2.4314026832580566
2026-06-21-14-07-09-325696,64,motion_peaks,662,0.058795928955078125,2.524923801422119
2026-06-21-14-07-09-325696,64,cheap_fps,662,0.03888706862926483,2.6210951805114746
2026-06-21-14-07-09-325696,64,motion_gated_fps,662,0.04143738001585007,2.5830397605895996
2026-06-21-14-07-09-325696,2,ORACLE_greedy,662,0.08217587321996689,1.296249508857727
2026-06-21-14-07-09-325696,2,ORACLE_fps,662,0.13163432478904724,1.5264830589294434
2026-06-21-14-07-09-325696,4,ORACLE_greedy,662,0.06792180240154266,1.5673670768737793
2026-06-21-14-07-09-325696,4,ORACLE_fps,662,0.12647046148777008,2.133225679397583
2026-06-21-14-07-09-325696,8,ORACLE_greedy,662,0.05850134417414665,1.7166171073913574
2026-06-21-14-07-09-325696,8,ORACLE_fps,662,0.10406717658042908,2.6954996585845947
2026-06-21-14-07-09-325696,16,ORACLE_greedy,662,0.048775169998407364,1.9587833881378174
2026-06-21-14-07-09-325696,16,ORACLE_fps,662,0.0875391811132431,3.0708413124084473
2026-06-21-14-07-09-325696,32,ORACLE_greedy,662,0.03924533352255821,2.1335175037384033
2026-06-21-14-07-09-325696,32,ORACLE_fps,662,0.06289605796337128,3.072087287902832
2026-06-21-14-07-09-325696,64,ORACLE_greedy,662,0.029797295108437538,2.3338937759399414
2026-06-21-14-07-09-325696,64,ORACLE_fps,662,0.04363167658448219,3.000532627105713
2026-06-19-05-15-33-886581,2,uniform,163,0.18488360941410065,1.2789790630340576
2026-06-19-05-15-33-886581,2,motion_peaks,163,0.16314947605133057,1.3559712171554565
2026-06-19-05-15-33-886581,2,cheap_fps,163,0.1615234613418579,1.4012553691864014
2026-06-19-05-15-33-886581,2,motion_gated_fps,163,0.18810391426086426,1.3214224576950073
2026-06-19-05-15-33-886581,4,uniform,163,0.13037490844726562,1.82943594455719
2026-06-19-05-15-33-886581,4,motion_peaks,163,0.15684793889522552,1.4751008749008179
2026-06-19-05-15-33-886581,4,cheap_fps,163,0.13336418569087982,1.678391933441162
2026-06-19-05-15-33-886581,4,motion_gated_fps,163,0.13521933555603027,1.8007872104644775
2026-06-19-05-15-33-886581,8,uniform,163,0.0833234041929245,2.3196022510528564
2026-06-19-05-15-33-886581,8,motion_peaks,163,0.1480133831501007,1.7266145944595337
2026-06-19-05-15-33-886581,8,cheap_fps,163,0.10102254152297974,2.2433104515075684
2026-06-19-05-15-33-886581,8,motion_gated_fps,163,0.10548915714025497,2.217057228088379
2026-06-19-05-15-33-886581,16,uniform,163,0.05705416202545166,2.6687495708465576
2026-06-19-05-15-33-886581,16,motion_peaks,163,0.1380102038383484,1.929538369178772
2026-06-19-05-15-33-886581,16,cheap_fps,163,0.06578759849071503,2.701298713684082
2026-06-19-05-15-33-886581,16,motion_gated_fps,163,0.06793788820505142,2.7742605209350586
2026-06-19-05-15-33-886581,32,uniform,163,0.04075273871421814,2.912529945373535
2026-06-19-05-15-33-886581,32,motion_peaks,163,0.10347118228673935,2.592306137084961
2026-06-19-05-15-33-886581,32,cheap_fps,163,0.042322274297475815,3.027202606201172
2026-06-19-05-15-33-886581,32,motion_gated_fps,163,0.0425148643553257,3.1036767959594727
2026-06-19-05-15-33-886581,64,uniform,163,0.02508091740310192,3.0977790355682373
2026-06-19-05-15-33-886581,64,motion_peaks,163,0.03686303272843361,3.2571370601654053
2026-06-19-05-15-33-886581,64,cheap_fps,163,0.02479976788163185,3.2255442142486572
2026-06-19-05-15-33-886581,64,motion_gated_fps,163,0.030669786036014557,3.2750422954559326
2026-06-19-05-15-33-886581,2,ORACLE_greedy,163,0.12728622555732727,1.3851349353790283
2026-06-19-05-15-33-886581,2,ORACLE_fps,163,0.180235356092453,1.6630022525787354
2026-06-19-05-15-33-886581,4,ORACLE_greedy,163,0.08907368779182434,1.9865131378173828
2026-06-19-05-15-33-886581,4,ORACLE_fps,163,0.1413593590259552,2.200545072555542
2026-06-19-05-15-33-886581,8,ORACLE_greedy,163,0.06770910322666168,2.413527011871338
2026-06-19-05-15-33-886581,8,ORACLE_fps,163,0.09402577579021454,2.8574459552764893
2026-06-19-05-15-33-886581,16,ORACLE_greedy,163,0.04906990006566048,2.670717239379883
2026-06-19-05-15-33-886581,16,ORACLE_fps,163,0.06985431164503098,3.205610990524292
2026-06-19-05-15-33-886581,32,ORACLE_greedy,163,0.03481998294591904,2.951181650161743
2026-06-19-05-15-33-886581,32,ORACLE_fps,163,0.04185589402914047,3.4961328506469727
2026-06-19-05-15-33-886581,64,ORACLE_greedy,163,0.02134733460843563,3.296969413757324
2026-06-19-05-15-33-886581,64,ORACLE_fps,163,0.023656757548451424,3.463716506958008
