episode_hash,operator,lab,num_frames,task,task_description,scene,objects,is_deleted,embodiment,is_eval,eval_score,eval_success,zarr_processed_path,zarr_processing_error,zarr_mp4_path,license,segments,created_at,updated_at,rig_name,outcome
2026-03-27-23-03-58-240000,Baoyu,rl2,543.0,cup_on_saucer_failure_1,"pick up cup with one arm, hand it over to the other arm and place it on the saucer",white_wall,"{""white cup"",""green square saucer""}",False,eva_bimanual,False,-1.0,True,s3://rldb/processed_v3/eva/2026-03-27-23-03-58-240000.zarr,,s3://rldb/processed_v3/eva/2026-03-27-23-03-58-240000.mp4,,,2026-03-27 23:03:58.240000+00:00,2026-07-31 21:45:36.954967+00:00,eva,failure
2026-03-04-21-53-56-519000,__zQ0kS-xjtwKdGt,rl2,706.0,cup_on_saucer_success,"pick up cup with one arm, hand it over to the other arm and place it on the saucer",white_wall,"{""white ceramic cup"",""white saucer""}",False,eva_bimanual,False,-1.0,True,s3://rldb/processed_v3/eva/2026-03-04-21-53-56-519000.zarr,,s3://rldb/processed_v3/eva/2026-03-04-21-53-56-519000.mp4,CC BY-SA 4.0,,2026-03-04 21:53:56.519000+00:00,2026-07-31 21:45:36.954967+00:00,eva,success
2026-03-04-22-00-09-221000,__zQ0kS-xjtwKdGt,rl2,422.0,cup_on_saucer_success,"pick up cup with one arm, hand it over to the other arm and place it on the saucer",white_wall,"{""white ceramic cup"",""white saucer""}",False,eva_bimanual,False,-1.0,True,s3://rldb/processed_v3/eva/2026-03-04-22-00-09-221000.zarr,,s3://rldb/processed_v3/eva/2026-03-04-22-00-09-221000.mp4,CC BY-SA 4.0,,2026-03-04 22:00:09.221000+00:00,2026-07-31 21:45:36.954967+00:00,eva,success
2026-03-04-22-42-18-867000,pB5ssSy__hBrm6wJ,rl2,529.0,cup_on_saucer_success,"pick up cup with one arm, hand it over to the other arm and place it on the saucer",white_wall,"{""pink cup"",""green saucer""}",False,eva_bimanual,False,-1.0,True,s3://rldb/processed_v3/eva/2026-03-04-22-42-18-867000.zarr,,s3://rldb/processed_v3/eva/2026-03-04-22-42-18-867000.mp4,CC BY-SA 4.0,,2026-03-04 22:42:18.867000+00:00,2026-07-31 21:45:36.954967+00:00,eva,success
2026-03-04-19-14-42-916000,EwCW-BuE_nA9dzbr,rl2,555.0,cup_on_saucer_success,"pick up cup with one arm, hand it over to the other arm and place it on the saucer",white_wall,"{""white cup"",""green square saucer""}",False,eva_bimanual,False,-1.0,True,s3://rldb/processed_v3/eva/2026-03-04-19-14-42-916000.zarr,,s3://rldb/processed_v3/eva/2026-03-04-19-14-42-916000.mp4,CC BY-SA 4.0,,2026-03-04 19:14:42.916000+00:00,2026-07-31 21:45:36.954967+00:00,eva,success
2026-03-04-19-19-59-780000,EwCW-BuE_nA9dzbr,rl2,585.0,cup_on_saucer_success,"pick up cup with one arm, hand it over to the other arm and place it on the saucer",white_wall,"{""white cup"",""green square saucer""}",False,eva_bimanual,False,-1.0,True,s3://rldb/processed_v3/eva/2026-03-04-19-19-59-780000.zarr,,s3://rldb/processed_v3/eva/2026-03-04-19-19-59-780000.mp4,CC BY-SA 4.0,,2026-03-04 19:19:59.780000+00:00,2026-07-31 21:45:36.954967+00:00,eva,success
2026-03-28-19-59-07-341000,Xinchen,rl2,756.0,cup_on_saucer_success_1,"pick up cup with one arm, hand it over to the other arm and place it on the saucer",white_wall,"{""pink cup"",""green square saucer""}",False,eva_bimanual,False,-1.0,True,s3://rldb/processed_v3/eva/2026-03-28-19-59-07-341000.zarr,,s3://rldb/processed_v3/eva/2026-03-28-19-59-07-341000.mp4,,,2026-03-28 19:59:07.341000+00:00,2026-07-31 21:45:36.954967+00:00,eva,success
2026-03-28-18-48-29-581000,Xinchen,rl2,642.0,cup_on_saucer_success_1,"pick up cup with one arm, hand it over to the other arm and place it on the saucer",white_wall,"{""white ceramic cup"",""white saucer""}",False,eva_bimanual,False,-1.0,True,s3://rldb/processed_v3/eva/2026-03-28-18-48-29-581000.zarr,,s3://rldb/processed_v3/eva/2026-03-28-18-48-29-581000.mp4,,,2026-03-28 18:48:29.581000+00:00,2026-07-31 21:45:36.954967+00:00,eva,success
2026-03-28-18-54-09-662000,Xinchen,rl2,763.0,cup_on_saucer_success_1,"pick up cup with one arm, hand it over to the other arm and place it on the saucer",white_wall,"{""white ceramic cup"",""white saucer""}",False,eva_bimanual,False,-1.0,True,s3://rldb/processed_v3/eva/2026-03-28-18-54-09-662000.zarr,,s3://rldb/processed_v3/eva/2026-03-28-18-54-09-662000.mp4,,,2026-03-28 18:54:09.662000+00:00,2026-07-31 21:45:36.954967+00:00,eva,success
2026-03-28-00-26-52-265000,Xinchen,rl2,669.0,cup_on_saucer_success_1,"pick up cup with one arm, hand it over to the other arm and place it on the saucer",white_wall,"{""white cup"",""yellow saucer""}",False,eva_bimanual,False,-1.0,True,s3://rldb/processed_v3/eva/2026-03-28-00-26-52-265000.zarr,,s3://rldb/processed_v3/eva/2026-03-28-00-26-52-265000.mp4,,,2026-03-28 00:26:52.265000+00:00,2026-07-31 21:45:36.954967+00:00,eva,success
2026-03-28-00-24-47-003000,Xinchen,rl2,734.0,cup_on_saucer_success_1,"pick up cup with one arm, hand it over to the other arm and place it on the saucer",white_wall,"{""white cup"",""yellow saucer""}",False,eva_bimanual,False,-1.0,True,s3://rldb/processed_v3/eva/2026-03-28-00-24-47-003000.zarr,,s3://rldb/processed_v3/eva/2026-03-28-00-24-47-003000.mp4,,,2026-03-28 00:24:47.003000+00:00,2026-07-31 21:45:36.954967+00:00,eva,success
2026-03-28-21-49-31-226000,Baoyu,rl2,503.0,cup_on_saucer_success_1,"pick up cup with one arm, hand it over to the other arm and place it on the saucer",white_wall,"{""pink cup"",""white saucer""}",False,eva_bimanual,False,-1.0,True,s3://rldb/processed_v3/eva/2026-03-28-21-49-31-226000.zarr,,s3://rldb/processed_v3/eva/2026-03-28-21-49-31-226000.mp4,,,2026-03-28 21:49:31.226000+00:00,2026-07-31 21:45:36.954967+00:00,eva,success
2026-03-28-18-16-57-293000,Baoyu,rl2,595.0,cup_on_saucer_success_1,"pick up cup with one arm, hand it over to the other arm and place it on the saucer",white_wall,"{""white ceramic cup"",""yellow saucer""}",False,eva_bimanual,False,-1.0,True,s3://rldb/processed_v3/eva/2026-03-28-18-16-57-293000.zarr,,s3://rldb/processed_v3/eva/2026-03-28-18-16-57-293000.mp4,,,2026-03-28 18:16:57.293000+00:00,2026-07-31 21:45:36.954967+00:00,eva,success
2026-03-27-22-45-26-911000,Baoyu,rl2,503.0,cup_on_saucer_success_1,"pick up cup with one arm, hand it over to the other arm and place it on the saucer",white_wall,"{""white cup"",""green square saucer""}",False,eva_bimanual,False,-1.0,True,s3://rldb/processed_v3/eva/2026-03-27-22-45-26-911000.zarr,,s3://rldb/processed_v3/eva/2026-03-27-22-45-26-911000.mp4,,,2026-03-27 22:45:26.911000+00:00,2026-07-31 21:45:36.954967+00:00,eva,success
2026-03-28-19-52-53-186000,Xinchen,rl2,585.0,cup_on_saucer_success_1,"pick up cup with one arm, hand it over to the other arm and place it on the saucer",white_wall,"{""pink cup"",""green square saucer""}",False,eva_bimanual,False,-1.0,True,s3://rldb/processed_v3/eva/2026-03-28-19-52-53-186000.zarr,,s3://rldb/processed_v3/eva/2026-03-28-19-52-53-186000.mp4,,,2026-03-28 19:52:53.186000+00:00,2026-07-31 21:45:36.954967+00:00,eva,success
2026-03-28-01-00-39-319000,Baoyu,rl2,543.0,cup_on_saucer_success_1,"pick up cup with one arm, hand it over to the other arm and place it on the saucer",white_wall,"{""white cup"",""white saucer""}",False,eva_bimanual,False,-1.0,True,s3://rldb/processed_v3/eva/2026-03-28-01-00-39-319000.zarr,,s3://rldb/processed_v3/eva/2026-03-28-01-00-39-319000.mp4,,,2026-03-28 01:00:39.319000+00:00,2026-07-31 21:45:36.954967+00:00,eva,success
2026-03-28-19-57-34-440000,Xinchen,rl2,604.0,cup_on_saucer_success_1,"pick up cup with one arm, hand it over to the other arm and place it on the saucer",white_wall,"{""pink cup"",""green square saucer""}",False,eva_bimanual,False,-1.0,True,s3://rldb/processed_v3/eva/2026-03-28-19-57-34-440000.zarr,,s3://rldb/processed_v3/eva/2026-03-28-19-57-34-440000.mp4,,,2026-03-28 19:57:34.440000+00:00,2026-07-31 21:45:36.954967+00:00,eva,success
2026-03-28-00-49-37-155000,Baoyu,rl2,506.0,cup_on_saucer_success_1,"pick up cup with one arm, hand it over to the other arm and place it on the saucer",white_wall,"{""white cup"",""white saucer""}",False,eva_bimanual,False,-1.0,True,s3://rldb/processed_v3/eva/2026-03-28-00-49-37-155000.zarr,,s3://rldb/processed_v3/eva/2026-03-28-00-49-37-155000.mp4,,,2026-03-28 00:49:37.155000+00:00,2026-07-31 21:45:36.954967+00:00,eva,success
2026-03-28-18-03-45-961000,Baoyu,rl2,579.0,cup_on_saucer_success_1,"pick up cup with one arm, hand it over to the other arm and place it on the saucer",white_wall,"{""white ceramic cup"",""yellow saucer""}",False,eva_bimanual,False,-1.0,True,s3://rldb/processed_v3/eva/2026-03-28-18-03-45-961000.zarr,,s3://rldb/processed_v3/eva/2026-03-28-18-03-45-961000.mp4,,,2026-03-28 18:03:45.961000+00:00,2026-07-31 21:45:36.954967+00:00,eva,success
2026-03-28-18-11-34-685000,Baoyu,rl2,482.0,cup_on_saucer_success_1,"pick up cup with one arm, hand it over to the other arm and place it on the saucer",white_wall,"{""white ceramic cup"",""yellow saucer""}",False,eva_bimanual,False,-1.0,True,s3://rldb/processed_v3/eva/2026-03-28-18-11-34-685000.zarr,,s3://rldb/processed_v3/eva/2026-03-28-18-11-34-685000.mp4,,,2026-03-28 18:11:34.685000+00:00,2026-07-31 21:45:36.954967+00:00,eva,success
2026-03-28-22-38-33-788000,Baoyu,rl2,464.0,cup_on_saucer_success_1,"pick up cup with one arm, hand it over to the other arm and place it on the saucer",white_wall,"{""pink cup"",""yellow saucer""}",False,eva_bimanual,False,-1.0,True,s3://rldb/processed_v3/eva/2026-03-28-22-38-33-788000.zarr,,s3://rldb/processed_v3/eva/2026-03-28-22-38-33-788000.mp4,,,2026-03-28 22:38:33.788000+00:00,2026-07-31 21:45:36.954967+00:00,eva,success
2026-03-28-22-35-15-754000,Baoyu,rl2,230.0,cup_on_saucer_failure_1,"pick up cup with one arm, hand it over to the other arm and place it on the saucer",white_wall,"{""pink cup"",""yellow saucer""}",False,eva_bimanual,False,-1.0,True,s3://rldb/processed_v3/eva/2026-03-28-22-35-15-754000.zarr,,s3://rldb/processed_v3/eva/2026-03-28-22-35-15-754000.mp4,,,2026-03-28 22:35:15.754000+00:00,2026-07-31 21:45:36.954967+00:00,eva,failure
2026-03-28-18-17-33-024000,Baoyu,rl2,587.0,cup_on_saucer_success_1,"pick up cup with one arm, hand it over to the other arm and place it on the saucer",white_wall,"{""white ceramic cup"",""yellow saucer""}",False,eva_bimanual,False,-1.0,True,s3://rldb/processed_v3/eva/2026-03-28-18-17-33-024000.zarr,,s3://rldb/processed_v3/eva/2026-03-28-18-17-33-024000.mp4,,,2026-03-28 18:17:33.024000+00:00,2026-07-31 21:45:36.954967+00:00,eva,success
2026-03-28-01-11-34-904000,Baoyu,rl2,571.0,cup_on_saucer_success_1,"pick up cup with one arm, hand it over to the other arm and place it on the saucer",white_wall,"{""white cup"",""white saucer""}",False,eva_bimanual,False,-1.0,True,s3://rldb/processed_v3/eva/2026-03-28-01-11-34-904000.zarr,,s3://rldb/processed_v3/eva/2026-03-28-01-11-34-904000.mp4,,,2026-03-28 01:11:34.904000+00:00,2026-07-31 21:45:36.954967+00:00,eva,success
2026-03-28-01-09-58-663000,Baoyu,rl2,486.0,cup_on_saucer_success_1,"pick up cup with one arm, hand it over to the other arm and place it on the saucer",white_wall,"{""white cup"",""white saucer""}",False,eva_bimanual,False,-1.0,True,s3://rldb/processed_v3/eva/2026-03-28-01-09-58-663000.zarr,,s3://rldb/processed_v3/eva/2026-03-28-01-09-58-663000.mp4,,,2026-03-28 01:09:58.663000+00:00,2026-07-31 21:45:36.954967+00:00,eva,success
2026-03-28-22-26-49-147000,Baoyu,rl2,545.0,cup_on_saucer_success_1,"pick up cup with one arm, hand it over to the other arm and place it on the saucer",white_wall,"{""pink cup"",""yellow saucer""}",False,eva_bimanual,False,-1.0,True,s3://rldb/processed_v3/eva/2026-03-28-22-26-49-147000.zarr,,s3://rldb/processed_v3/eva/2026-03-28-22-26-49-147000.mp4,,,2026-03-28 22:26:49.147000+00:00,2026-07-31 21:45:36.954967+00:00,eva,success
2026-03-28-21-46-56-933000,Baoyu,rl2,445.0,cup_on_saucer_success_1,"pick up cup with one arm, hand it over to the other arm and place it on the saucer",white_wall,"{""pink cup"",""white saucer""}",False,eva_bimanual,False,-1.0,True,s3://rldb/processed_v3/eva/2026-03-28-21-46-56-933000.zarr,,s3://rldb/processed_v3/eva/2026-03-28-21-46-56-933000.mp4,,,2026-03-28 21:46:56.933000+00:00,2026-07-31 21:45:36.954967+00:00,eva,success
2026-03-28-22-33-49-811000,Baoyu,rl2,476.0,cup_on_saucer_success_1,"pick up cup with one arm, hand it over to the other arm and place it on the saucer",white_wall,"{""pink cup"",""yellow saucer""}",False,eva_bimanual,False,-1.0,True,s3://rldb/processed_v3/eva/2026-03-28-22-33-49-811000.zarr,,s3://rldb/processed_v3/eva/2026-03-28-22-33-49-811000.mp4,,,2026-03-28 22:33:49.811000+00:00,2026-07-31 21:45:36.954967+00:00,eva,success
2026-03-28-19-07-49-864000,Baoyu,rl2,506.0,cup_on_saucer_success_1,"pick up cup with one arm, hand it over to the other arm and place it on the saucer",white_wall,"{""white ceramic cup"",""green square saucer""}",False,eva_bimanual,False,-1.0,True,s3://rldb/processed_v3/eva/2026-03-28-19-07-49-864000.zarr,,s3://rldb/processed_v3/eva/2026-03-28-19-07-49-864000.mp4,,,2026-03-28 19:07:49.864000+00:00,2026-07-31 21:45:36.954967+00:00,eva,success
2026-03-28-00-54-27-281000,Baoyu,rl2,529.0,cup_on_saucer_success_1,"pick up cup with one arm, hand it over to the other arm and place it on the saucer",white_wall,"{""white cup"",""white saucer""}",False,eva_bimanual,False,-1.0,True,s3://rldb/processed_v3/eva/2026-03-28-00-54-27-281000.zarr,,s3://rldb/processed_v3/eva/2026-03-28-00-54-27-281000.mp4,,,2026-03-28 00:54:27.281000+00:00,2026-07-31 21:45:36.954967+00:00,eva,success
2026-03-28-01-07-58-160000,Baoyu,rl2,579.0,cup_on_saucer_success_1,"pick up cup with one arm, hand it over to the other arm and place it on the saucer",white_wall,"{""white cup"",""white saucer""}",False,eva_bimanual,False,-1.0,True,s3://rldb/processed_v3/eva/2026-03-28-01-07-58-160000.zarr,,s3://rldb/processed_v3/eva/2026-03-28-01-07-58-160000.mp4,,,2026-03-28 01:07:58.160000+00:00,2026-07-31 21:45:36.954967+00:00,eva,success
2026-03-28-00-15-28-278000,Xinchen,rl2,571.0,cup_on_saucer_success_1,"pick up cup with one arm, hand it over to the other arm and place it on the saucer",white_wall,"{""white cup"",""yellow saucer""}",False,eva_bimanual,False,-1.0,True,s3://rldb/processed_v3/eva/2026-03-28-00-15-28-278000.zarr,,s3://rldb/processed_v3/eva/2026-03-28-00-15-28-278000.mp4,,,2026-03-28 00:15:28.278000+00:00,2026-07-31 21:45:36.954967+00:00,eva,success
2026-03-27-23-06-20-255000,Baoyu,rl2,593.0,cup_on_saucer_success_1,"pick up cup with one arm, hand it over to the other arm and place it on the saucer",white_wall,"{""white cup"",""green square saucer""}",False,eva_bimanual,False,-1.0,True,s3://rldb/processed_v3/eva/2026-03-27-23-06-20-255000.zarr,,s3://rldb/processed_v3/eva/2026-03-27-23-06-20-255000.mp4,,,2026-03-27 23:06:20.255000+00:00,2026-07-31 21:45:36.954967+00:00,eva,success
2026-03-28-21-51-13-836000,Baoyu,rl2,563.0,cup_on_saucer_success_1,"pick up cup with one arm, hand it over to the other arm and place it on the saucer",white_wall,"{""pink cup"",""white saucer""}",False,eva_bimanual,False,-1.0,True,s3://rldb/processed_v3/eva/2026-03-28-21-51-13-836000.zarr,,s3://rldb/processed_v3/eva/2026-03-28-21-51-13-836000.mp4,,,2026-03-28 21:51:13.836000+00:00,2026-07-31 21:45:36.954967+00:00,eva,success
2026-03-27-23-08-36-216000,Baoyu,rl2,524.0,cup_on_saucer_success_1,"pick up cup with one arm, hand it over to the other arm and place it on the saucer",white_wall,"{""white cup"",""green square saucer""}",False,eva_bimanual,False,-1.0,True,s3://rldb/processed_v3/eva/2026-03-27-23-08-36-216000.zarr,,s3://rldb/processed_v3/eva/2026-03-27-23-08-36-216000.mp4,,,2026-03-27 23:08:36.216000+00:00,2026-07-31 21:45:36.954967+00:00,eva,success
2026-03-28-17-52-04-255000,Baoyu,rl2,552.0,cup_on_saucer_success_1,"pick up cup with one arm, hand it over to the other arm and place it on the saucer",white_wall,"{""white ceramic cup"",""yellow saucer""}",False,eva_bimanual,False,-1.0,True,s3://rldb/processed_v3/eva/2026-03-28-17-52-04-255000.zarr,,s3://rldb/processed_v3/eva/2026-03-28-17-52-04-255000.mp4,,,2026-03-28 17:52:04.255000+00:00,2026-07-31 21:45:36.954967+00:00,eva,success
2026-03-28-00-43-57-113000,Baoyu,rl2,544.0,cup_on_saucer_success_1,"pick up cup with one arm, hand it over to the other arm and place it on the saucer",white_wall,"{""white cup"",""white saucer""}",False,eva_bimanual,False,-1.0,True,s3://rldb/processed_v3/eva/2026-03-28-00-43-57-113000.zarr,,s3://rldb/processed_v3/eva/2026-03-28-00-43-57-113000.mp4,,,2026-03-28 00:43:57.113000+00:00,2026-07-31 21:45:36.954967+00:00,eva,success
2026-03-28-22-32-45-292000,Baoyu,rl2,517.0,cup_on_saucer_success_1,"pick up cup with one arm, hand it over to the other arm and place it on the saucer",white_wall,"{""pink cup"",""yellow saucer""}",False,eva_bimanual,False,-1.0,True,s3://rldb/processed_v3/eva/2026-03-28-22-32-45-292000.zarr,,s3://rldb/processed_v3/eva/2026-03-28-22-32-45-292000.mp4,,,2026-03-28 22:32:45.292000+00:00,2026-07-31 21:45:36.954967+00:00,eva,success
2026-03-28-19-28-02-137000,Baoyu,rl2,691.0,cup_on_saucer_success_1,"pick up cup with one arm, hand it over to the other arm and place it on the saucer",white_wall,"{""white ceramic cup"",""green square saucer""}",False,eva_bimanual,False,-1.0,True,s3://rldb/processed_v3/eva/2026-03-28-19-28-02-137000.zarr,,s3://rldb/processed_v3/eva/2026-03-28-19-28-02-137000.mp4,,,2026-03-28 19:28:02.137000+00:00,2026-07-31 21:45:36.954967+00:00,eva,success
2026-03-28-22-30-09-576000,Baoyu,rl2,446.0,cup_on_saucer_success_1,"pick up cup with one arm, hand it over to the other arm and place it on the saucer",white_wall,"{""pink cup"",""yellow saucer""}",False,eva_bimanual,False,-1.0,True,s3://rldb/processed_v3/eva/2026-03-28-22-30-09-576000.zarr,,s3://rldb/processed_v3/eva/2026-03-28-22-30-09-576000.mp4,,,2026-03-28 22:30:09.576000+00:00,2026-07-31 21:45:36.954967+00:00,eva,success
2026-03-28-22-32-13-729000,Baoyu,rl2,498.0,cup_on_saucer_success_1,"pick up cup with one arm, hand it over to the other arm and place it on the saucer",white_wall,"{""pink cup"",""yellow saucer""}",False,eva_bimanual,False,-1.0,True,s3://rldb/processed_v3/eva/2026-03-28-22-32-13-729000.zarr,,s3://rldb/processed_v3/eva/2026-03-28-22-32-13-729000.mp4,,,2026-03-28 22:32:13.729000+00:00,2026-07-31 21:45:36.954967+00:00,eva,success
2026-03-28-00-48-16-366000,Baoyu,rl2,676.0,cup_on_saucer_success_1,"pick up cup with one arm, hand it over to the other arm and place it on the saucer",white_wall,"{""white cup"",""white saucer""}",False,eva_bimanual,False,-1.0,True,s3://rldb/processed_v3/eva/2026-03-28-00-48-16-366000.zarr,,s3://rldb/processed_v3/eva/2026-03-28-00-48-16-366000.mp4,,,2026-03-28 00:48:16.366000+00:00,2026-07-31 21:45:36.954967+00:00,eva,success
2026-03-28-22-13-32-556000,Baoyu,rl2,493.0,cup_on_saucer_success_1,"pick up cup with one arm, hand it over to the other arm and place it on the saucer",white_wall,"{""pink cup"",""white saucer""}",False,eva_bimanual,False,-1.0,True,s3://rldb/processed_v3/eva/2026-03-28-22-13-32-556000.zarr,,s3://rldb/processed_v3/eva/2026-03-28-22-13-32-556000.mp4,,,2026-03-28 22:13:32.556000+00:00,2026-07-31 21:45:36.954967+00:00,eva,success
2026-03-28-00-14-52-053000,Xinchen,rl2,529.0,cup_on_saucer_success_1,"pick up cup with one arm, hand it over to the other arm and place it on the saucer",white_wall,"{""white cup"",""yellow saucer""}",False,eva_bimanual,False,-1.0,True,s3://rldb/processed_v3/eva/2026-03-28-00-14-52-053000.zarr,,s3://rldb/processed_v3/eva/2026-03-28-00-14-52-053000.mp4,,,2026-03-28 00:14:52.053000+00:00,2026-07-31 21:45:36.954967+00:00,eva,success
2026-03-28-22-40-58-077000,Baoyu,rl2,336.0,cup_on_saucer_failure_1,"pick up cup with one arm, hand it over to the other arm and place it on the saucer",white_wall,"{""pink cup"",""yellow saucer""}",False,eva_bimanual,False,-1.0,True,s3://rldb/processed_v3/eva/2026-03-28-22-40-58-077000.zarr,,s3://rldb/processed_v3/eva/2026-03-28-22-40-58-077000.mp4,,,2026-03-28 22:40:58.077000+00:00,2026-07-31 21:45:36.954967+00:00,eva,failure
2026-03-28-00-50-14-403000,Baoyu,rl2,612.0,cup_on_saucer_success_1,"pick up cup with one arm, hand it over to the other arm and place it on the saucer",white_wall,"{""white cup"",""white saucer""}",False,eva_bimanual,False,-1.0,True,s3://rldb/processed_v3/eva/2026-03-28-00-50-14-403000.zarr,,s3://rldb/processed_v3/eva/2026-03-28-00-50-14-403000.mp4,,,2026-03-28 00:50:14.403000+00:00,2026-07-31 21:45:36.954967+00:00,eva,success
2026-03-28-00-55-07-542000,Baoyu,rl2,688.0,cup_on_saucer_success_1,"pick up cup with one arm, hand it over to the other arm and place it on the saucer",white_wall,"{""white cup"",""white saucer""}",False,eva_bimanual,False,-1.0,True,s3://rldb/processed_v3/eva/2026-03-28-00-55-07-542000.zarr,,s3://rldb/processed_v3/eva/2026-03-28-00-55-07-542000.mp4,,,2026-03-28 00:55:07.542000+00:00,2026-07-31 21:45:36.954967+00:00,eva,success
2026-03-28-00-55-57-880000,Baoyu,rl2,630.0,cup_on_saucer_success_1,"pick up cup with one arm, hand it over to the other arm and place it on the saucer",white_wall,"{""white cup"",""white saucer""}",False,eva_bimanual,False,-1.0,True,s3://rldb/processed_v3/eva/2026-03-28-00-55-57-880000.zarr,,s3://rldb/processed_v3/eva/2026-03-28-00-55-57-880000.mp4,,,2026-03-28 00:55:57.880000+00:00,2026-07-31 21:45:36.954967+00:00,eva,success
2026-03-28-00-45-12-294000,Baoyu,rl2,546.0,cup_on_saucer_success_1,"pick up cup with one arm, hand it over to the other arm and place it on the saucer",white_wall,"{""white cup"",""white saucer""}",False,eva_bimanual,False,-1.0,True,s3://rldb/processed_v3/eva/2026-03-28-00-45-12-294000.zarr,,s3://rldb/processed_v3/eva/2026-03-28-00-45-12-294000.mp4,,,2026-03-28 00:45:12.294000+00:00,2026-07-31 21:45:36.954967+00:00,eva,success
2026-03-28-21-44-16-056000,Baoyu,rl2,597.0,cup_on_saucer_success_1,"pick up cup with one arm, hand it over to the other arm and place it on the saucer",white_wall,"{""pink cup"",""white saucer""}",False,eva_bimanual,False,-1.0,True,s3://rldb/processed_v3/eva/2026-03-28-21-44-16-056000.zarr,,s3://rldb/processed_v3/eva/2026-03-28-21-44-16-056000.mp4,,,2026-03-28 21:44:16.056000+00:00,2026-07-31 21:45:36.954967+00:00,eva,success
2026-03-28-00-18-18-571000,Xinchen,rl2,707.0,cup_on_saucer_success_1,"pick up cup with one arm, hand it over to the other arm and place it on the saucer",white_wall,"{""white cup"",""yellow saucer""}",False,eva_bimanual,False,-1.0,True,s3://rldb/processed_v3/eva/2026-03-28-00-18-18-571000.zarr,,s3://rldb/processed_v3/eva/2026-03-28-00-18-18-571000.mp4,,,2026-03-28 00:18:18.571000+00:00,2026-07-31 21:45:36.954967+00:00,eva,success
2026-03-28-18-51-23-740000,Xinchen,rl2,696.0,cup_on_saucer_success_1,"pick up cup with one arm, hand it over to the other arm and place it on the saucer",white_wall,"{""white ceramic cup"",""white saucer""}",False,eva_bimanual,False,-1.0,True,s3://rldb/processed_v3/eva/2026-03-28-18-51-23-740000.zarr,,s3://rldb/processed_v3/eva/2026-03-28-18-51-23-740000.mp4,,,2026-03-28 18:51:23.740000+00:00,2026-07-31 21:45:36.954967+00:00,eva,success
2026-03-28-17-55-28-539000,Baoyu,rl2,648.0,cup_on_saucer_success_1,"pick up cup with one arm, hand it over to the other arm and place it on the saucer",white_wall,"{""white ceramic cup"",""yellow saucer""}",False,eva_bimanual,False,-1.0,True,s3://rldb/processed_v3/eva/2026-03-28-17-55-28-539000.zarr,,s3://rldb/processed_v3/eva/2026-03-28-17-55-28-539000.mp4,,,2026-03-28 17:55:28.539000+00:00,2026-07-31 21:45:36.954967+00:00,eva,success
2026-03-28-01-00-02-609000,Baoyu,rl2,777.0,cup_on_saucer_success_1,"pick up cup with one arm, hand it over to the other arm and place it on the saucer",white_wall,"{""white cup"",""white saucer""}",False,eva_bimanual,False,-1.0,True,s3://rldb/processed_v3/eva/2026-03-28-01-00-02-609000.zarr,,s3://rldb/processed_v3/eva/2026-03-28-01-00-02-609000.mp4,,,2026-03-28 01:00:02.609000+00:00,2026-07-31 21:45:36.954967+00:00,eva,success
2026-03-28-22-36-57-076000,Baoyu,rl2,599.0,cup_on_saucer_success_1,"pick up cup with one arm, hand it over to the other arm and place it on the saucer",white_wall,"{""pink cup"",""yellow saucer""}",False,eva_bimanual,False,-1.0,True,s3://rldb/processed_v3/eva/2026-03-28-22-36-57-076000.zarr,,s3://rldb/processed_v3/eva/2026-03-28-22-36-57-076000.mp4,,,2026-03-28 22:36:57.076000+00:00,2026-07-31 21:45:36.954967+00:00,eva,success
2026-03-28-21-37-18-118000,Baoyu,rl2,515.0,cup_on_saucer_success_1,"pick up cup with one arm, hand it over to the other arm and place it on the saucer",white_wall,"{""pink cup"",""white saucer""}",False,eva_bimanual,False,-1.0,True,s3://rldb/processed_v3/eva/2026-03-28-21-37-18-118000.zarr,,s3://rldb/processed_v3/eva/2026-03-28-21-37-18-118000.mp4,,,2026-03-28 21:37:18.118000+00:00,2026-07-31 21:45:36.954967+00:00,eva,success
2026-03-28-01-24-16-026000,Xinchen,rl2,558.0,cup_on_saucer_success_1,"pick up cup with one arm, hand it over to the other arm and place it on the saucer",white_wall,"{""white ceramic cup"",""white saucer""}",False,eva_bimanual,False,-1.0,True,s3://rldb/processed_v3/eva/2026-03-28-01-24-16-026000.zarr,,s3://rldb/processed_v3/eva/2026-03-28-01-24-16-026000.mp4,,,2026-03-28 01:24:16.026000+00:00,2026-07-31 21:45:36.954967+00:00,eva,success
2026-03-27-22-38-17-083000,Baoyu,rl2,479.0,cup_on_saucer_success_1,"pick up cup with one arm, hand it over to the other arm and place it on the saucer",white_wall,"{""white cup"",""green square saucer""}",False,eva_bimanual,False,-1.0,True,s3://rldb/processed_v3/eva/2026-03-27-22-38-17-083000.zarr,,s3://rldb/processed_v3/eva/2026-03-27-22-38-17-083000.mp4,,,2026-03-27 22:38:17.083000+00:00,2026-07-31 21:45:36.954967+00:00,eva,success
2026-03-28-19-41-50-589000,Baoyu,rl2,480.0,cup_on_saucer_success_1,"pick up cup with one arm, hand it over to the other arm and place it on the saucer",white_wall,"{""white ceramic cup"",""green square saucer""}",False,eva_bimanual,False,-1.0,True,s3://rldb/processed_v3/eva/2026-03-28-19-41-50-589000.zarr,,s3://rldb/processed_v3/eva/2026-03-28-19-41-50-589000.mp4,,,2026-03-28 19:41:50.589000+00:00,2026-07-31 21:45:36.954967+00:00,eva,success
2026-03-28-22-38-02-320000,Baoyu,rl2,635.0,cup_on_saucer_success_1,"pick up cup with one arm, hand it over to the other arm and place it on the saucer",white_wall,"{""pink cup"",""yellow saucer""}",False,eva_bimanual,False,-1.0,True,s3://rldb/processed_v3/eva/2026-03-28-22-38-02-320000.zarr,,s3://rldb/processed_v3/eva/2026-03-28-22-38-02-320000.mp4,,,2026-03-28 22:38:02.320000+00:00,2026-07-31 21:45:36.954967+00:00,eva,success
2026-03-28-20-15-07-884000,Xinchen,rl2,517.0,cup_on_saucer_success_1,"pick up cup with one arm, hand it over to the other arm and place it on the saucer",white_wall,"{""pink cup"",""green square saucer""}",False,eva_bimanual,False,-1.0,True,s3://rldb/processed_v3/eva/2026-03-28-20-15-07-884000.zarr,,s3://rldb/processed_v3/eva/2026-03-28-20-15-07-884000.mp4,,,2026-03-28 20:15:07.884000+00:00,2026-07-31 21:45:36.954967+00:00,eva,success
2026-03-28-00-17-33-951000,Xinchen,rl2,848.0,cup_on_saucer_success_1,"pick up cup with one arm, hand it over to the other arm and place it on the saucer",white_wall,"{""white cup"",""yellow saucer""}",False,eva_bimanual,False,-1.0,True,s3://rldb/processed_v3/eva/2026-03-28-00-17-33-951000.zarr,,s3://rldb/processed_v3/eva/2026-03-28-00-17-33-951000.mp4,,,2026-03-28 00:17:33.951000+00:00,2026-07-31 21:45:36.954967+00:00,eva,success
2026-03-28-00-46-01-712000,Baoyu,rl2,536.0,cup_on_saucer_success_1,"pick up cup with one arm, hand it over to the other arm and place it on the saucer",white_wall,"{""white cup"",""white saucer""}",False,eva_bimanual,False,-1.0,True,s3://rldb/processed_v3/eva/2026-03-28-00-46-01-712000.zarr,,s3://rldb/processed_v3/eva/2026-03-28-00-46-01-712000.mp4,,,2026-03-28 00:46:01.712000+00:00,2026-07-31 21:45:36.954967+00:00,eva,success
2026-03-28-01-10-46-309000,Baoyu,rl2,391.0,cup_on_saucer_success_1,"pick up cup with one arm, hand it over to the other arm and place it on the saucer",white_wall,"{""white cup"",""white saucer""}",False,eva_bimanual,False,-1.0,True,s3://rldb/processed_v3/eva/2026-03-28-01-10-46-309000.zarr,,s3://rldb/processed_v3/eva/2026-03-28-01-10-46-309000.mp4,,,2026-03-28 01:10:46.309000+00:00,2026-07-31 21:45:36.954967+00:00,eva,success
2026-03-28-21-46-29-149000,Baoyu,rl2,567.0,cup_on_saucer_success_1,"pick up cup with one arm, hand it over to the other arm and place it on the saucer",white_wall,"{""pink cup"",""white saucer""}",False,eva_bimanual,False,-1.0,True,s3://rldb/processed_v3/eva/2026-03-28-21-46-29-149000.zarr,,s3://rldb/processed_v3/eva/2026-03-28-21-46-29-149000.mp4,,,2026-03-28 21:46:29.149000+00:00,2026-07-31 21:45:36.954967+00:00,eva,success
2026-03-28-00-02-30-867000,Xinchen,rl2,450.0,cup_on_saucer_success_1,"pick up cup with one arm, hand it over to the other arm and place it on the saucer",white_wall,"{""white cup"",""yellow saucer""}",False,eva_bimanual,False,-1.0,True,s3://rldb/processed_v3/eva/2026-03-28-00-02-30-867000.zarr,,s3://rldb/processed_v3/eva/2026-03-28-00-02-30-867000.mp4,,,2026-03-28 00:02:30.867000+00:00,2026-07-31 21:45:36.954967+00:00,eva,success
2026-03-28-20-09-18-187000,Xinchen,rl2,937.0,cup_on_saucer_success_1,"pick up cup with one arm, hand it over to the other arm and place it on the saucer",white_wall,"{""pink cup"",""green square saucer""}",False,eva_bimanual,False,-1.0,True,s3://rldb/processed_v3/eva/2026-03-28-20-09-18-187000.zarr,,s3://rldb/processed_v3/eva/2026-03-28-20-09-18-187000.mp4,,,2026-03-28 20:09:18.187000+00:00,2026-07-31 21:45:36.954967+00:00,eva,success
2026-03-28-19-39-12-671000,Baoyu,rl2,520.0,cup_on_saucer_success_1,"pick up cup with one arm, hand it over to the other arm and place it on the saucer",white_wall,"{""white ceramic cup"",""green square saucer""}",False,eva_bimanual,False,-1.0,True,s3://rldb/processed_v3/eva/2026-03-28-19-39-12-671000.zarr,,s3://rldb/processed_v3/eva/2026-03-28-19-39-12-671000.mp4,,,2026-03-28 19:39:12.671000+00:00,2026-07-31 21:45:36.954967+00:00,eva,success
2026-03-28-19-42-35-653000,Baoyu,rl2,507.0,cup_on_saucer_success_1,"pick up cup with one arm, hand it over to the other arm and place it on the saucer",white_wall,"{""white ceramic cup"",""green square saucer""}",False,eva_bimanual,False,-1.0,True,s3://rldb/processed_v3/eva/2026-03-28-19-42-35-653000.zarr,,s3://rldb/processed_v3/eva/2026-03-28-19-42-35-653000.mp4,,,2026-03-28 19:42:35.653000+00:00,2026-07-31 21:45:36.954967+00:00,eva,success
2026-03-27-23-56-03-408000,Xinchen,rl2,606.0,cup_on_saucer_success_1,"pick up cup with one arm, hand it over to the other arm and place it on the saucer",white_wall,"{""white cup"",""yellow saucer""}",False,eva_bimanual,False,-1.0,True,s3://rldb/processed_v3/eva/2026-03-27-23-56-03-408000.zarr,,s3://rldb/processed_v3/eva/2026-03-27-23-56-03-408000.mp4,,,2026-03-27 23:56:03.408000+00:00,2026-07-31 21:45:36.954967+00:00,eva,success
2026-03-28-00-40-44-902000,Baoyu,rl2,544.0,cup_on_saucer_success_1,"pick up cup with one arm, hand it over to the other arm and place it on the saucer",white_wall,"{""white cup"",""white saucer""}",False,eva_bimanual,False,-1.0,True,s3://rldb/processed_v3/eva/2026-03-28-00-40-44-902000.zarr,,s3://rldb/processed_v3/eva/2026-03-28-00-40-44-902000.mp4,,,2026-03-28 00:40:44.902000+00:00,2026-07-31 21:45:36.954967+00:00,eva,success
2026-03-28-21-50-36-076000,Baoyu,rl2,457.0,cup_on_saucer_success_1,"pick up cup with one arm, hand it over to the other arm and place it on the saucer",white_wall,"{""pink cup"",""white saucer""}",False,eva_bimanual,False,-1.0,True,s3://rldb/processed_v3/eva/2026-03-28-21-50-36-076000.zarr,,s3://rldb/processed_v3/eva/2026-03-28-21-50-36-076000.mp4,,,2026-03-28 21:50:36.076000+00:00,2026-07-31 21:45:36.954967+00:00,eva,success
2026-03-28-18-05-00-328000,Baoyu,rl2,644.0,cup_on_saucer_success_1,"pick up cup with one arm, hand it over to the other arm and place it on the saucer",white_wall,"{""white ceramic cup"",""yellow saucer""}",False,eva_bimanual,False,-1.0,True,s3://rldb/processed_v3/eva/2026-03-28-18-05-00-328000.zarr,,s3://rldb/processed_v3/eva/2026-03-28-18-05-00-328000.mp4,,,2026-03-28 18:05:00.328000+00:00,2026-07-31 21:45:36.954967+00:00,eva,success
2026-03-28-18-04-19-292000,Baoyu,rl2,499.0,cup_on_saucer_success_1,"pick up cup with one arm, hand it over to the other arm and place it on the saucer",white_wall,"{""white ceramic cup"",""yellow saucer""}",False,eva_bimanual,False,-1.0,True,s3://rldb/processed_v3/eva/2026-03-28-18-04-19-292000.zarr,,s3://rldb/processed_v3/eva/2026-03-28-18-04-19-292000.mp4,,,2026-03-28 18:04:19.292000+00:00,2026-07-31 21:45:36.954967+00:00,eva,success
2026-03-28-19-49-36-010000,Xinchen,rl2,149.0,cup_on_saucer_failure_1,"pick up cup with one arm, hand it over to the other arm and place it on the saucer",white_wall,"{""pink cup"",""green square saucer""}",False,eva_bimanual,False,-1.0,True,s3://rldb/processed_v3/eva/2026-03-28-19-49-36-010000.zarr,,s3://rldb/processed_v3/eva/2026-03-28-19-49-36-010000.mp4,,,2026-03-28 19:49:36.010000+00:00,2026-07-31 21:45:36.954967+00:00,eva,failure
2026-03-28-18-37-25-801000,Xinchen,rl2,719.0,cup_on_saucer_success_1,"pick up cup with one arm, hand it over to the other arm and place it on the saucer",white_wall,"{""white ceramic cup"",""white saucer""}",False,eva_bimanual,False,-1.0,True,s3://rldb/processed_v3/eva/2026-03-28-18-37-25-801000.zarr,,s3://rldb/processed_v3/eva/2026-03-28-18-37-25-801000.mp4,,,2026-03-28 18:37:25.801000+00:00,2026-07-31 21:45:36.954967+00:00,eva,success
2026-03-28-00-21-40-119000,Xinchen,rl2,559.0,cup_on_saucer_success_1,"pick up cup with one arm, hand it over to the other arm and place it on the saucer",white_wall,"{""white cup"",""yellow saucer""}",False,eva_bimanual,False,-1.0,True,s3://rldb/processed_v3/eva/2026-03-28-00-21-40-119000.zarr,,s3://rldb/processed_v3/eva/2026-03-28-00-21-40-119000.mp4,,,2026-03-28 00:21:40.119000+00:00,2026-07-31 21:45:36.954967+00:00,eva,success
2026-03-04-23-14-11-514000,pB5ssSy__hBrm6wJ,rl2,609.0,cup_on_saucer_success,"pick up cup with one arm, hand it over to the other arm and place it on the saucer",white_wall,"{""pink cup"",""yellow saucer""}",False,eva_bimanual,False,-1.0,True,s3://rldb/processed_v3/eva/2026-03-04-23-14-11-514000.zarr,,s3://rldb/processed_v3/eva/2026-03-04-23-14-11-514000.mp4,CC BY-SA 4.0,,2026-03-04 23:14:11.514000+00:00,2026-07-31 21:45:36.954967+00:00,eva,success
2026-03-28-01-28-45-109000,Xinchen,rl2,767.0,cup_on_saucer_success_1,"pick up cup with one arm, hand it over to the other arm and place it on the saucer",white_wall,"{""white ceramic cup"",""white saucer""}",False,eva_bimanual,False,-1.0,True,s3://rldb/processed_v3/eva/2026-03-28-01-28-45-109000.zarr,,s3://rldb/processed_v3/eva/2026-03-28-01-28-45-109000.mp4,,,2026-03-28 01:28:45.109000+00:00,2026-07-31 21:45:36.954967+00:00,eva,success
2026-03-28-00-23-11-592000,Xinchen,rl2,752.0,cup_on_saucer_success_1,"pick up cup with one arm, hand it over to the other arm and place it on the saucer",white_wall,"{""white cup"",""yellow saucer""}",False,eva_bimanual,False,-1.0,True,s3://rldb/processed_v3/eva/2026-03-28-00-23-11-592000.zarr,,s3://rldb/processed_v3/eva/2026-03-28-00-23-11-592000.mp4,,,2026-03-28 00:23:11.592000+00:00,2026-07-31 21:45:36.954967+00:00,eva,success
2026-03-28-00-27-41-309000,Xinchen,rl2,657.0,cup_on_saucer_success_1,"pick up cup with one arm, hand it over to the other arm and place it on the saucer",white_wall,"{""white cup"",""yellow saucer""}",False,eva_bimanual,False,-1.0,True,s3://rldb/processed_v3/eva/2026-03-28-00-27-41-309000.zarr,,s3://rldb/processed_v3/eva/2026-03-28-00-27-41-309000.mp4,,,2026-03-28 00:27:41.309000+00:00,2026-07-31 21:45:36.954967+00:00,eva,success
2026-03-28-00-08-38-466000,Xinchen,rl2,752.0,cup_on_saucer_success_1,"pick up cup with one arm, hand it over to the other arm and place it on the saucer",white_wall,"{""white cup"",""yellow saucer""}",False,eva_bimanual,False,-1.0,True,s3://rldb/processed_v3/eva/2026-03-28-00-08-38-466000.zarr,,s3://rldb/processed_v3/eva/2026-03-28-00-08-38-466000.mp4,,,2026-03-28 00:08:38.466000+00:00,2026-07-31 21:45:36.954967+00:00,eva,success
2026-03-28-01-03-20-179000,Baoyu,rl2,466.0,cup_on_saucer_success_1,"pick up cup with one arm, hand it over to the other arm and place it on the saucer",white_wall,"{""white cup"",""white saucer""}",False,eva_bimanual,False,-1.0,True,s3://rldb/processed_v3/eva/2026-03-28-01-03-20-179000.zarr,,s3://rldb/processed_v3/eva/2026-03-28-01-03-20-179000.mp4,,,2026-03-28 01:03:20.179000+00:00,2026-07-31 21:45:36.954967+00:00,eva,success
2026-03-27-22-31-07-912000,Baoyu,rl2,150.0,cup_on_saucer_failure_1,"pick up cup with one arm, hand it over to the other arm and place it on the saucer",white_wall,"{""white cup"",""green square saucer""}",False,eva_bimanual,False,-1.0,True,s3://rldb/processed_v3/eva/2026-03-27-22-31-07-912000.zarr,,s3://rldb/processed_v3/eva/2026-03-27-22-31-07-912000.mp4,,,2026-03-27 22:31:07.912000+00:00,2026-07-31 21:45:36.954967+00:00,eva,failure
2026-03-28-00-09-48-793000,Xinchen,rl2,473.0,cup_on_saucer_failure_1,"pick up cup with one arm, hand it over to the other arm and place it on the saucer",white_wall,"{""white cup"",""yellow saucer""}",False,eva_bimanual,False,-1.0,True,s3://rldb/processed_v3/eva/2026-03-28-00-09-48-793000.zarr,,s3://rldb/processed_v3/eva/2026-03-28-00-09-48-793000.mp4,,,2026-03-28 00:09:48.793000+00:00,2026-07-31 21:45:36.954967+00:00,eva,failure
2026-03-28-00-47-23-410000,Baoyu,rl2,654.0,cup_on_saucer_success_1,"pick up cup with one arm, hand it over to the other arm and place it on the saucer",white_wall,"{""white cup"",""white saucer""}",False,eva_bimanual,False,-1.0,True,s3://rldb/processed_v3/eva/2026-03-28-00-47-23-410000.zarr,,s3://rldb/processed_v3/eva/2026-03-28-00-47-23-410000.mp4,,,2026-03-28 00:47:23.410000+00:00,2026-07-31 21:45:36.954967+00:00,eva,success
2026-03-28-00-03-17-249000,Xinchen,rl2,698.0,cup_on_saucer_success_1,"pick up cup with one arm, hand it over to the other arm and place it on the saucer",white_wall,"{""white cup"",""yellow saucer""}",False,eva_bimanual,False,-1.0,True,s3://rldb/processed_v3/eva/2026-03-28-00-03-17-249000.zarr,,s3://rldb/processed_v3/eva/2026-03-28-00-03-17-249000.mp4,,,2026-03-28 00:03:17.249000+00:00,2026-07-31 21:45:36.954967+00:00,eva,success
2026-03-28-00-29-16-873000,Xinchen,rl2,744.0,cup_on_saucer_success_1,"pick up cup with one arm, hand it over to the other arm and place it on the saucer",white_wall,"{""white cup"",""yellow saucer""}",False,eva_bimanual,False,-1.0,True,s3://rldb/processed_v3/eva/2026-03-28-00-29-16-873000.zarr,,s3://rldb/processed_v3/eva/2026-03-28-00-29-16-873000.mp4,,,2026-03-28 00:29:16.873000+00:00,2026-07-31 21:45:36.954967+00:00,eva,success
2026-03-27-22-40-26-878000,Baoyu,rl2,596.0,cup_on_saucer_success_1,"pick up cup with one arm, hand it over to the other arm and place it on the saucer",white_wall,"{""white cup"",""green square saucer""}",False,eva_bimanual,False,-1.0,True,s3://rldb/processed_v3/eva/2026-03-27-22-40-26-878000.zarr,,s3://rldb/processed_v3/eva/2026-03-27-22-40-26-878000.mp4,,,2026-03-27 22:40:26.878000+00:00,2026-07-31 21:45:36.954967+00:00,eva,success
2026-03-28-01-40-46-344000,Xinchen,rl2,749.0,cup_on_saucer_failure_1,"pick up cup with one arm, hand it over to the other arm and place it on the saucer",white_wall,"{""white ceramic cup"",""white saucer""}",False,eva_bimanual,False,-1.0,True,s3://rldb/processed_v3/eva/2026-03-28-01-40-46-344000.zarr,,s3://rldb/processed_v3/eva/2026-03-28-01-40-46-344000.mp4,,,2026-03-28 01:40:46.344000+00:00,2026-07-31 21:45:36.954967+00:00,eva,failure
2026-03-28-18-44-34-596000,Xinchen,rl2,746.0,cup_on_saucer_success_1,"pick up cup with one arm, hand it over to the other arm and place it on the saucer",white_wall,"{""white ceramic cup"",""white saucer""}",False,eva_bimanual,False,-1.0,True,s3://rldb/processed_v3/eva/2026-03-28-18-44-34-596000.zarr,,s3://rldb/processed_v3/eva/2026-03-28-18-44-34-596000.mp4,,,2026-03-28 18:44:34.596000+00:00,2026-07-31 21:45:36.954967+00:00,eva,success
2026-03-28-18-15-39-944000,Baoyu,rl2,538.0,cup_on_saucer_success_1,"pick up cup with one arm, hand it over to the other arm and place it on the saucer",white_wall,"{""white ceramic cup"",""yellow saucer""}",False,eva_bimanual,False,-1.0,True,s3://rldb/processed_v3/eva/2026-03-28-18-15-39-944000.zarr,,s3://rldb/processed_v3/eva/2026-03-28-18-15-39-944000.mp4,,,2026-03-28 18:15:39.944000+00:00,2026-07-31 21:45:36.954967+00:00,eva,success
2026-03-28-01-29-49-923000,Xinchen,rl2,647.0,cup_on_saucer_success_1,"pick up cup with one arm, hand it over to the other arm and place it on the saucer",white_wall,"{""white ceramic cup"",""white saucer""}",False,eva_bimanual,False,-1.0,True,s3://rldb/processed_v3/eva/2026-03-28-01-29-49-923000.zarr,,s3://rldb/processed_v3/eva/2026-03-28-01-29-49-923000.mp4,,,2026-03-28 01:29:49.923000+00:00,2026-07-31 21:45:36.954967+00:00,eva,success
2026-03-28-20-02-52-348000,Xinchen,rl2,451.0,cup_on_saucer_success_1,"pick up cup with one arm, hand it over to the other arm and place it on the saucer",white_wall,"{""pink cup"",""green square saucer""}",False,eva_bimanual,False,-1.0,True,s3://rldb/processed_v3/eva/2026-03-28-20-02-52-348000.zarr,,s3://rldb/processed_v3/eva/2026-03-28-20-02-52-348000.mp4,,,2026-03-28 20:02:52.348000+00:00,2026-07-31 21:45:36.954967+00:00,eva,success
2026-03-28-20-01-34-499000,Xinchen,rl2,524.0,cup_on_saucer_success_1,"pick up cup with one arm, hand it over to the other arm and place it on the saucer",white_wall,"{""pink cup"",""green square saucer""}",False,eva_bimanual,False,-1.0,True,s3://rldb/processed_v3/eva/2026-03-28-20-01-34-499000.zarr,,s3://rldb/processed_v3/eva/2026-03-28-20-01-34-499000.mp4,,,2026-03-28 20:01:34.499000+00:00,2026-07-31 21:45:36.954967+00:00,eva,success
2026-03-28-22-27-54-908000,Baoyu,rl2,569.0,cup_on_saucer_success_1,"pick up cup with one arm, hand it over to the other arm and place it on the saucer",white_wall,"{""pink cup"",""yellow saucer""}",False,eva_bimanual,False,-1.0,True,s3://rldb/processed_v3/eva/2026-03-28-22-27-54-908000.zarr,,s3://rldb/processed_v3/eva/2026-03-28-22-27-54-908000.mp4,,,2026-03-28 22:27:54.908000+00:00,2026-07-31 21:45:36.954967+00:00,eva,success
2026-03-28-22-23-42-760000,Baoyu,rl2,471.0,cup_on_saucer_success_1,"pick up cup with one arm, hand it over to the other arm and place it on the saucer",white_wall,"{""pink cup"",""yellow saucer""}",False,eva_bimanual,False,-1.0,True,s3://rldb/processed_v3/eva/2026-03-28-22-23-42-760000.zarr,,s3://rldb/processed_v3/eva/2026-03-28-22-23-42-760000.mp4,,,2026-03-28 22:23:42.760000+00:00,2026-07-31 21:45:36.954967+00:00,eva,success
2026-03-28-01-37-59-931000,Xinchen,rl2,932.0,cup_on_saucer_success_1,"pick up cup with one arm, hand it over to the other arm and place it on the saucer",white_wall,"{""white ceramic cup"",""white saucer""}",False,eva_bimanual,False,-1.0,True,s3://rldb/processed_v3/eva/2026-03-28-01-37-59-931000.zarr,,s3://rldb/processed_v3/eva/2026-03-28-01-37-59-931000.mp4,,,2026-03-28 01:37:59.931000+00:00,2026-07-31 21:45:36.954967+00:00,eva,success
2026-03-28-18-00-20-664000,Baoyu,rl2,519.0,cup_on_saucer_success_1,"pick up cup with one arm, hand it over to the other arm and place it on the saucer",white_wall,"{""white ceramic cup"",""yellow saucer""}",False,eva_bimanual,False,-1.0,True,s3://rldb/processed_v3/eva/2026-03-28-18-00-20-664000.zarr,,s3://rldb/processed_v3/eva/2026-03-28-18-00-20-664000.mp4,,,2026-03-28 18:00:20.664000+00:00,2026-07-31 21:45:36.954967+00:00,eva,success
2026-03-28-22-39-35-542000,Baoyu,rl2,348.0,cup_on_saucer_success_1,"pick up cup with one arm, hand it over to the other arm and place it on the saucer",white_wall,"{""pink cup"",""yellow saucer""}",False,eva_bimanual,False,-1.0,True,s3://rldb/processed_v3/eva/2026-03-28-22-39-35-542000.zarr,,s3://rldb/processed_v3/eva/2026-03-28-22-39-35-542000.mp4,,,2026-03-28 22:39:35.542000+00:00,2026-07-31 21:45:36.954967+00:00,eva,success
2026-03-28-19-54-20-546000,Xinchen,rl2,567.0,cup_on_saucer_success_1,"pick up cup with one arm, hand it over to the other arm and place it on the saucer",white_wall,"{""pink cup"",""green square saucer""}",False,eva_bimanual,False,-1.0,True,s3://rldb/processed_v3/eva/2026-03-28-19-54-20-546000.zarr,,s3://rldb/processed_v3/eva/2026-03-28-19-54-20-546000.mp4,,,2026-03-28 19:54:20.546000+00:00,2026-07-31 21:45:36.954967+00:00,eva,success
2026-03-27-22-50-33-616000,Baoyu,rl2,542.0,cup_on_saucer_success_1,"pick up cup with one arm, hand it over to the other arm and place it on the saucer",white_wall,"{""white cup"",""green square saucer""}",False,eva_bimanual,False,-1.0,True,s3://rldb/processed_v3/eva/2026-03-27-22-50-33-616000.zarr,,s3://rldb/processed_v3/eva/2026-03-27-22-50-33-616000.mp4,,,2026-03-27 22:50:33.616000+00:00,2026-07-31 21:45:36.954967+00:00,eva,success
2026-03-28-19-26-02-735000,Baoyu,rl2,582.0,cup_on_saucer_success_1,"pick up cup with one arm, hand it over to the other arm and place it on the saucer",white_wall,"{""white ceramic cup"",""green square saucer""}",False,eva_bimanual,False,-1.0,True,s3://rldb/processed_v3/eva/2026-03-28-19-26-02-735000.zarr,,s3://rldb/processed_v3/eva/2026-03-28-19-26-02-735000.mp4,,,2026-03-28 19:26:02.735000+00:00,2026-07-31 21:45:36.954967+00:00,eva,success
2026-03-28-01-36-54-187000,Xinchen,rl2,656.0,cup_on_saucer_success_1,"pick up cup with one arm, hand it over to the other arm and place it on the saucer",white_wall,"{""white ceramic cup"",""white saucer""}",False,eva_bimanual,False,-1.0,True,s3://rldb/processed_v3/eva/2026-03-28-01-36-54-187000.zarr,,s3://rldb/processed_v3/eva/2026-03-28-01-36-54-187000.mp4,,,2026-03-28 01:36:54.187000+00:00,2026-07-31 21:45:36.954967+00:00,eva,success
2026-03-28-18-54-46-880000,Xinchen,rl2,598.0,cup_on_saucer_success_1,"pick up cup with one arm, hand it over to the other arm and place it on the saucer",white_wall,"{""white ceramic cup"",""white saucer""}",False,eva_bimanual,False,-1.0,True,s3://rldb/processed_v3/eva/2026-03-28-18-54-46-880000.zarr,,s3://rldb/processed_v3/eva/2026-03-28-18-54-46-880000.mp4,,,2026-03-28 18:54:46.880000+00:00,2026-07-31 21:45:36.954967+00:00,eva,success
2026-03-28-19-24-18-885000,Baoyu,rl2,564.0,cup_on_saucer_success_1,"pick up cup with one arm, hand it over to the other arm and place it on the saucer",white_wall,"{""white ceramic cup"",""green square saucer""}",False,eva_bimanual,False,-1.0,True,s3://rldb/processed_v3/eva/2026-03-28-19-24-18-885000.zarr,,s3://rldb/processed_v3/eva/2026-03-28-19-24-18-885000.mp4,,,2026-03-28 19:24:18.885000+00:00,2026-07-31 21:45:36.954967+00:00,eva,success
2026-03-28-01-25-29-720000,Xinchen,rl2,379.0,cup_on_saucer_failure_1,"pick up cup with one arm, hand it over to the other arm and place it on the saucer",white_wall,"{""white ceramic cup"",""white saucer""}",False,eva_bimanual,False,-1.0,True,s3://rldb/processed_v3/eva/2026-03-28-01-25-29-720000.zarr,,s3://rldb/processed_v3/eva/2026-03-28-01-25-29-720000.mp4,,,2026-03-28 01:25:29.720000+00:00,2026-07-31 21:45:36.954967+00:00,eva,failure
2026-03-28-01-22-57-406000,Xinchen,rl2,337.0,cup_on_saucer_failure_1,"pick up cup with one arm, hand it over to the other arm and place it on the saucer",white_wall,"{""white ceramic cup"",""white saucer""}",False,eva_bimanual,False,-1.0,True,s3://rldb/processed_v3/eva/2026-03-28-01-22-57-406000.zarr,,s3://rldb/processed_v3/eva/2026-03-28-01-22-57-406000.mp4,,,2026-03-28 01:22:57.406000+00:00,2026-07-31 21:45:36.954967+00:00,eva,failure
2026-03-28-18-36-23-726000,Xinchen,rl2,645.0,cup_on_saucer_success_1,"pick up cup with one arm, hand it over to the other arm and place it on the saucer",white_wall,"{""white ceramic cup"",""white saucer""}",False,eva_bimanual,False,-1.0,True,s3://rldb/processed_v3/eva/2026-03-28-18-36-23-726000.zarr,,s3://rldb/processed_v3/eva/2026-03-28-18-36-23-726000.mp4,,,2026-03-28 18:36:23.726000+00:00,2026-07-31 21:45:36.954967+00:00,eva,success
2026-03-28-21-45-22-389000,Baoyu,rl2,582.0,cup_on_saucer_success_1,"pick up cup with one arm, hand it over to the other arm and place it on the saucer",white_wall,"{""pink cup"",""white saucer""}",False,eva_bimanual,False,-1.0,True,s3://rldb/processed_v3/eva/2026-03-28-21-45-22-389000.zarr,,s3://rldb/processed_v3/eva/2026-03-28-21-45-22-389000.mp4,,,2026-03-28 21:45:22.389000+00:00,2026-07-31 21:45:36.954967+00:00,eva,success
2026-03-28-20-15-49-706000,Xinchen,rl2,667.0,cup_on_saucer_success_1,"pick up cup with one arm, hand it over to the other arm and place it on the saucer",white_wall,"{""pink cup"",""green square saucer""}",False,eva_bimanual,False,-1.0,True,s3://rldb/processed_v3/eva/2026-03-28-20-15-49-706000.zarr,,s3://rldb/processed_v3/eva/2026-03-28-20-15-49-706000.mp4,,,2026-03-28 20:15:49.706000+00:00,2026-07-31 21:45:36.954967+00:00,eva,success
2026-03-28-19-33-02-006000,Baoyu,rl2,574.0,cup_on_saucer_success_1,"pick up cup with one arm, hand it over to the other arm and place it on the saucer",white_wall,"{""white ceramic cup"",""green square saucer""}",False,eva_bimanual,False,-1.0,True,s3://rldb/processed_v3/eva/2026-03-28-19-33-02-006000.zarr,,s3://rldb/processed_v3/eva/2026-03-28-19-33-02-006000.mp4,,,2026-03-28 19:33:02.006000+00:00,2026-07-31 21:45:36.954967+00:00,eva,success
2026-03-28-19-48-06-489000,Xinchen,rl2,723.0,cup_on_saucer_success_1,"pick up cup with one arm, hand it over to the other arm and place it on the saucer",white_wall,"{""pink cup"",""green square saucer""}",False,eva_bimanual,False,-1.0,True,s3://rldb/processed_v3/eva/2026-03-28-19-48-06-489000.zarr,,s3://rldb/processed_v3/eva/2026-03-28-19-48-06-489000.mp4,,,2026-03-28 19:48:06.489000+00:00,2026-07-31 21:45:36.954967+00:00,eva,success
2026-03-28-00-52-08-017000,Baoyu,rl2,290.0,cup_on_saucer_failure_1,"pick up cup with one arm, hand it over to the other arm and place it on the saucer",white_wall,"{""white cup"",""white saucer""}",False,eva_bimanual,False,-1.0,True,s3://rldb/processed_v3/eva/2026-03-28-00-52-08-017000.zarr,,s3://rldb/processed_v3/eva/2026-03-28-00-52-08-017000.mp4,,,2026-03-28 00:52:08.017000+00:00,2026-07-31 21:45:36.954967+00:00,eva,failure
2026-03-28-00-46-46-573000,Baoyu,rl2,740.0,cup_on_saucer_failure_1,"pick up cup with one arm, hand it over to the other arm and place it on the saucer",white_wall,"{""white cup"",""white saucer""}",False,eva_bimanual,False,-1.0,True,s3://rldb/processed_v3/eva/2026-03-28-00-46-46-573000.zarr,,s3://rldb/processed_v3/eva/2026-03-28-00-46-46-573000.mp4,,,2026-03-28 00:46:46.573000+00:00,2026-07-31 21:45:36.954967+00:00,eva,failure
2026-03-28-21-50-05-134000,Baoyu,rl2,513.0,cup_on_saucer_success_1,"pick up cup with one arm, hand it over to the other arm and place it on the saucer",white_wall,"{""pink cup"",""white saucer""}",False,eva_bimanual,False,-1.0,True,s3://rldb/processed_v3/eva/2026-03-28-21-50-05-134000.zarr,,s3://rldb/processed_v3/eva/2026-03-28-21-50-05-134000.mp4,,,2026-03-28 21:50:05.134000+00:00,2026-07-31 21:45:36.954967+00:00,eva,success
2026-03-28-22-42-42-865000,Baoyu,rl2,546.0,cup_on_saucer_success_1,"pick up cup with one arm, hand it over to the other arm and place it on the saucer",white_wall,"{""pink cup"",""yellow saucer""}",False,eva_bimanual,False,-1.0,True,s3://rldb/processed_v3/eva/2026-03-28-22-42-42-865000.zarr,,s3://rldb/processed_v3/eva/2026-03-28-22-42-42-865000.mp4,,,2026-03-28 22:42:42.865000+00:00,2026-07-31 21:45:36.954967+00:00,eva,success
2026-03-28-01-05-14-706000,Baoyu,rl2,605.0,cup_on_saucer_success_1,"pick up cup with one arm, hand it over to the other arm and place it on the saucer",white_wall,"{""white cup"",""white saucer""}",False,eva_bimanual,False,-1.0,True,s3://rldb/processed_v3/eva/2026-03-28-01-05-14-706000.zarr,,s3://rldb/processed_v3/eva/2026-03-28-01-05-14-706000.mp4,,,2026-03-28 01:05:14.706000+00:00,2026-07-31 21:45:36.954967+00:00,eva,success
2026-03-28-00-16-44-116000,Xinchen,rl2,442.0,cup_on_saucer_success_1,"pick up cup with one arm, hand it over to the other arm and place it on the saucer",white_wall,"{""white cup"",""yellow saucer""}",False,eva_bimanual,False,-1.0,True,s3://rldb/processed_v3/eva/2026-03-28-00-16-44-116000.zarr,,s3://rldb/processed_v3/eva/2026-03-28-00-16-44-116000.mp4,,,2026-03-28 00:16:44.116000+00:00,2026-07-31 21:45:36.954967+00:00,eva,success
2026-03-28-01-02-38-256000,Baoyu,rl2,641.0,cup_on_saucer_success_1,"pick up cup with one arm, hand it over to the other arm and place it on the saucer",white_wall,"{""white cup"",""white saucer""}",False,eva_bimanual,False,-1.0,True,s3://rldb/processed_v3/eva/2026-03-28-01-02-38-256000.zarr,,s3://rldb/processed_v3/eva/2026-03-28-01-02-38-256000.mp4,,,2026-03-28 01:02:38.256000+00:00,2026-07-31 21:45:36.954967+00:00,eva,success
2026-03-28-17-49-39-014000,Baoyu,rl2,665.0,cup_on_saucer_success_1,"pick up cup with one arm, hand it over to the other arm and place it on the saucer",white_wall,"{""white ceramic cup"",""yellow saucer""}",False,eva_bimanual,False,-1.0,True,s3://rldb/processed_v3/eva/2026-03-28-17-49-39-014000.zarr,,s3://rldb/processed_v3/eva/2026-03-28-17-49-39-014000.mp4,,,2026-03-28 17:49:39.014000+00:00,2026-07-31 21:45:36.954967+00:00,eva,success
2026-03-04-18-32-33-630000,__zQ0kS-xjtwKdGt,rl2,613.0,cup_on_saucer_failure,"pick up cup with one arm, hand it over to the other arm and place it on the saucer",white_wall,"{""white ceramic cup"",""green square saucer""}",False,eva_bimanual,False,-1.0,True,s3://rldb/processed_v3/eva/2026-03-04-18-32-33-630000.zarr,,s3://rldb/processed_v3/eva/2026-03-04-18-32-33-630000.mp4,CC BY-SA 4.0,,2026-03-04 18:32:33.630000+00:00,2026-07-31 21:45:36.954967+00:00,eva,failure
2026-03-28-01-06-36-307000,Baoyu,rl2,593.0,cup_on_saucer_success_1,"pick up cup with one arm, hand it over to the other arm and place it on the saucer",white_wall,"{""white cup"",""white saucer""}",False,eva_bimanual,False,-1.0,True,s3://rldb/processed_v3/eva/2026-03-28-01-06-36-307000.zarr,,s3://rldb/processed_v3/eva/2026-03-28-01-06-36-307000.mp4,,,2026-03-28 01:06:36.307000+00:00,2026-07-31 21:45:36.954967+00:00,eva,success
2026-03-27-22-33-09-391000,Baoyu,rl2,491.0,cup_on_saucer_success_1,"pick up cup with one arm, hand it over to the other arm and place it on the saucer",white_wall,"{""white cup"",""green square saucer""}",False,eva_bimanual,False,-1.0,True,s3://rldb/processed_v3/eva/2026-03-27-22-33-09-391000.zarr,,s3://rldb/processed_v3/eva/2026-03-27-22-33-09-391000.mp4,,,2026-03-27 22:33:09.391000+00:00,2026-07-31 21:45:36.954967+00:00,eva,success
2026-03-28-20-02-12-323000,Xinchen,rl2,574.0,cup_on_saucer_success_1,"pick up cup with one arm, hand it over to the other arm and place it on the saucer",white_wall,"{""pink cup"",""green square saucer""}",False,eva_bimanual,False,-1.0,True,s3://rldb/processed_v3/eva/2026-03-28-20-02-12-323000.zarr,,s3://rldb/processed_v3/eva/2026-03-28-20-02-12-323000.mp4,,,2026-03-28 20:02:12.323000+00:00,2026-07-31 21:45:36.954967+00:00,eva,success
2026-03-28-00-56-38-316000,Baoyu,rl2,518.0,cup_on_saucer_success_1,"pick up cup with one arm, hand it over to the other arm and place it on the saucer",white_wall,"{""white cup"",""white saucer""}",False,eva_bimanual,False,-1.0,True,s3://rldb/processed_v3/eva/2026-03-28-00-56-38-316000.zarr,,s3://rldb/processed_v3/eva/2026-03-28-00-56-38-316000.mp4,,,2026-03-28 00:56:38.316000+00:00,2026-07-31 21:45:36.954967+00:00,eva,success
2026-03-28-21-43-44-085000,Baoyu,rl2,472.0,cup_on_saucer_success_1,"pick up cup with one arm, hand it over to the other arm and place it on the saucer",white_wall,"{""pink cup"",""white saucer""}",False,eva_bimanual,False,-1.0,True,s3://rldb/processed_v3/eva/2026-03-28-21-43-44-085000.zarr,,s3://rldb/processed_v3/eva/2026-03-28-21-43-44-085000.mp4,,,2026-03-28 21:43:44.085000+00:00,2026-07-31 21:45:36.954967+00:00,eva,success
2026-03-28-00-11-35-583000,Xinchen,rl2,585.0,cup_on_saucer_success_1,"pick up cup with one arm, hand it over to the other arm and place it on the saucer",white_wall,"{""white cup"",""yellow saucer""}",False,eva_bimanual,False,-1.0,True,s3://rldb/processed_v3/eva/2026-03-28-00-11-35-583000.zarr,,s3://rldb/processed_v3/eva/2026-03-28-00-11-35-583000.mp4,,,2026-03-28 00:11:35.583000+00:00,2026-07-31 21:45:36.954967+00:00,eva,success
2026-03-27-23-08-02-450000,Baoyu,rl2,649.0,cup_on_saucer_success_1,"pick up cup with one arm, hand it over to the other arm and place it on the saucer",white_wall,"{""white cup"",""green square saucer""}",False,eva_bimanual,False,-1.0,True,s3://rldb/processed_v3/eva/2026-03-27-23-08-02-450000.zarr,,s3://rldb/processed_v3/eva/2026-03-27-23-08-02-450000.mp4,,,2026-03-27 23:08:02.450000+00:00,2026-07-31 21:45:36.954967+00:00,eva,success
2026-03-28-00-57-41-394000,Baoyu,rl2,564.0,cup_on_saucer_success_1,"pick up cup with one arm, hand it over to the other arm and place it on the saucer",white_wall,"{""white cup"",""white saucer""}",False,eva_bimanual,False,-1.0,True,s3://rldb/processed_v3/eva/2026-03-28-00-57-41-394000.zarr,,s3://rldb/processed_v3/eva/2026-03-28-00-57-41-394000.mp4,,,2026-03-28 00:57:41.394000+00:00,2026-07-31 21:45:36.954967+00:00,eva,success
2026-03-28-21-33-52-514000,Baoyu,rl2,553.0,cup_on_saucer_success_1,"pick up cup with one arm, hand it over to the other arm and place it on the saucer",white_wall,"{""pink cup"",""white saucer""}",False,eva_bimanual,False,-1.0,True,s3://rldb/processed_v3/eva/2026-03-28-21-33-52-514000.zarr,,s3://rldb/processed_v3/eva/2026-03-28-21-33-52-514000.mp4,,,2026-03-28 21:33:52.514000+00:00,2026-07-31 21:45:36.954967+00:00,eva,success
2026-03-28-20-17-00-018000,Xinchen,rl2,596.0,cup_on_saucer_success_1,"pick up cup with one arm, hand it over to the other arm and place it on the saucer",white_wall,"{""pink cup"",""green square saucer""}",False,eva_bimanual,False,-1.0,True,s3://rldb/processed_v3/eva/2026-03-28-20-17-00-018000.zarr,,s3://rldb/processed_v3/eva/2026-03-28-20-17-00-018000.mp4,,,2026-03-28 20:17:00.018000+00:00,2026-07-31 21:45:36.954967+00:00,eva,success
2026-03-28-17-59-06-097000,Baoyu,rl2,497.0,cup_on_saucer_success_1,"pick up cup with one arm, hand it over to the other arm and place it on the saucer",white_wall,"{""white ceramic cup"",""yellow saucer""}",False,eva_bimanual,False,-1.0,True,s3://rldb/processed_v3/eva/2026-03-28-17-59-06-097000.zarr,,s3://rldb/processed_v3/eva/2026-03-28-17-59-06-097000.mp4,,,2026-03-28 17:59:06.097000+00:00,2026-07-31 21:45:36.954967+00:00,eva,success
2026-03-28-18-10-24-045000,Baoyu,rl2,453.0,cup_on_saucer_success_1,"pick up cup with one arm, hand it over to the other arm and place it on the saucer",white_wall,"{""white ceramic cup"",""yellow saucer""}",False,eva_bimanual,False,-1.0,True,s3://rldb/processed_v3/eva/2026-03-28-18-10-24-045000.zarr,,s3://rldb/processed_v3/eva/2026-03-28-18-10-24-045000.mp4,,,2026-03-28 18:10:24.045000+00:00,2026-07-31 21:45:36.954967+00:00,eva,success
2026-03-28-20-13-47-047000,Xinchen,rl2,538.0,cup_on_saucer_success_1,"pick up cup with one arm, hand it over to the other arm and place it on the saucer",white_wall,"{""pink cup"",""green square saucer""}",False,eva_bimanual,False,-1.0,True,s3://rldb/processed_v3/eva/2026-03-28-20-13-47-047000.zarr,,s3://rldb/processed_v3/eva/2026-03-28-20-13-47-047000.mp4,,,2026-03-28 20:13:47.047000+00:00,2026-07-31 21:45:36.954967+00:00,eva,success
2026-03-28-22-19-54-712000,Baoyu,rl2,447.0,cup_on_saucer_success_1,"pick up cup with one arm, hand it over to the other arm and place it on the saucer",white_wall,"{""pink cup"",""yellow saucer""}",False,eva_bimanual,False,-1.0,True,s3://rldb/processed_v3/eva/2026-03-28-22-19-54-712000.zarr,,s3://rldb/processed_v3/eva/2026-03-28-22-19-54-712000.mp4,,,2026-03-28 22:19:54.712000+00:00,2026-07-31 21:45:36.954967+00:00,eva,success
2026-03-28-19-49-52-786000,Xinchen,rl2,162.0,cup_on_saucer_failure_1,"pick up cup with one arm, hand it over to the other arm and place it on the saucer",white_wall,"{""pink cup"",""green square saucer""}",False,eva_bimanual,False,-1.0,True,s3://rldb/processed_v3/eva/2026-03-28-19-49-52-786000.zarr,,s3://rldb/processed_v3/eva/2026-03-28-19-49-52-786000.mp4,,,2026-03-28 19:49:52.786000+00:00,2026-07-31 21:45:36.954967+00:00,eva,failure
2026-03-28-21-44-49-794000,Baoyu,rl2,563.0,cup_on_saucer_success_1,"pick up cup with one arm, hand it over to the other arm and place it on the saucer",white_wall,"{""pink cup"",""white saucer""}",False,eva_bimanual,False,-1.0,True,s3://rldb/processed_v3/eva/2026-03-28-21-44-49-794000.zarr,,s3://rldb/processed_v3/eva/2026-03-28-21-44-49-794000.mp4,,,2026-03-28 21:44:49.794000+00:00,2026-07-31 21:45:36.954967+00:00,eva,success
2026-03-04-22-39-54-792000,pB5ssSy__hBrm6wJ,rl2,745.0,cup_on_saucer_success,"pick up cup with one arm, hand it over to the other arm and place it on the saucer",white_wall,"{""pink cup"",""green saucer""}",False,eva_bimanual,False,-1.0,True,s3://rldb/processed_v3/eva/2026-03-04-22-39-54-792000.zarr,,s3://rldb/processed_v3/eva/2026-03-04-22-39-54-792000.mp4,CC BY-SA 4.0,,2026-03-04 22:39:54.792000+00:00,2026-07-31 21:45:36.954967+00:00,eva,success
2026-03-28-01-27-33-938000,Xinchen,rl2,479.0,cup_on_saucer_failure_1,"pick up cup with one arm, hand it over to the other arm and place it on the saucer",white_wall,"{""white ceramic cup"",""white saucer""}",False,eva_bimanual,False,-1.0,True,s3://rldb/processed_v3/eva/2026-03-28-01-27-33-938000.zarr,,s3://rldb/processed_v3/eva/2026-03-28-01-27-33-938000.mp4,,,2026-03-28 01:27:33.938000+00:00,2026-07-31 21:45:36.954967+00:00,eva,failure
2026-03-28-19-30-50-032000,Baoyu,rl2,537.0,cup_on_saucer_success_1,"pick up cup with one arm, hand it over to the other arm and place it on the saucer",white_wall,"{""white ceramic cup"",""green square saucer""}",False,eva_bimanual,False,-1.0,True,s3://rldb/processed_v3/eva/2026-03-28-19-30-50-032000.zarr,,s3://rldb/processed_v3/eva/2026-03-28-19-30-50-032000.mp4,,,2026-03-28 19:30:50.032000+00:00,2026-07-31 21:45:36.954967+00:00,eva,success
2026-03-28-21-51-46-535000,Baoyu,rl2,544.0,cup_on_saucer_success_1,"pick up cup with one arm, hand it over to the other arm and place it on the saucer",white_wall,"{""pink cup"",""white saucer""}",False,eva_bimanual,False,-1.0,True,s3://rldb/processed_v3/eva/2026-03-28-21-51-46-535000.zarr,,s3://rldb/processed_v3/eva/2026-03-28-21-51-46-535000.mp4,,,2026-03-28 21:51:46.535000+00:00,2026-07-31 21:45:36.954967+00:00,eva,success
2026-03-28-00-06-10-146000,Xinchen,rl2,570.0,cup_on_saucer_success_1,"pick up cup with one arm, hand it over to the other arm and place it on the saucer",white_wall,"{""white cup"",""yellow saucer""}",False,eva_bimanual,False,-1.0,True,s3://rldb/processed_v3/eva/2026-03-28-00-06-10-146000.zarr,,s3://rldb/processed_v3/eva/2026-03-28-00-06-10-146000.mp4,,,2026-03-28 00:06:10.146000+00:00,2026-07-31 21:45:36.954967+00:00,eva,success
2026-03-28-18-15-07-574000,Baoyu,rl2,520.0,cup_on_saucer_success_1,"pick up cup with one arm, hand it over to the other arm and place it on the saucer",white_wall,"{""white ceramic cup"",""yellow saucer""}",False,eva_bimanual,False,-1.0,True,s3://rldb/processed_v3/eva/2026-03-28-18-15-07-574000.zarr,,s3://rldb/processed_v3/eva/2026-03-28-18-15-07-574000.mp4,,,2026-03-28 18:15:07.574000+00:00,2026-07-31 21:45:36.954967+00:00,eva,success
2026-03-28-17-52-31-933000,Baoyu,rl2,427.0,cup_on_saucer_success_1,"pick up cup with one arm, hand it over to the other arm and place it on the saucer",white_wall,"{""white ceramic cup"",""yellow saucer""}",False,eva_bimanual,False,-1.0,True,s3://rldb/processed_v3/eva/2026-03-28-17-52-31-933000.zarr,,s3://rldb/processed_v3/eva/2026-03-28-17-52-31-933000.mp4,,,2026-03-28 17:52:31.933000+00:00,2026-07-31 21:45:36.954967+00:00,eva,success
2026-03-28-00-25-33-181000,Xinchen,rl2,513.0,cup_on_saucer_success_1,"pick up cup with one arm, hand it over to the other arm and place it on the saucer",white_wall,"{""white cup"",""yellow saucer""}",False,eva_bimanual,False,-1.0,True,s3://rldb/processed_v3/eva/2026-03-28-00-25-33-181000.zarr,,s3://rldb/processed_v3/eva/2026-03-28-00-25-33-181000.mp4,,,2026-03-28 00:25:33.181000+00:00,2026-07-31 21:45:36.954967+00:00,eva,success
2026-03-28-18-03-06-650000,Baoyu,rl2,537.0,cup_on_saucer_success_1,"pick up cup with one arm, hand it over to the other arm and place it on the saucer",white_wall,"{""white ceramic cup"",""yellow saucer""}",False,eva_bimanual,False,-1.0,True,s3://rldb/processed_v3/eva/2026-03-28-18-03-06-650000.zarr,,s3://rldb/processed_v3/eva/2026-03-28-18-03-06-650000.mp4,,,2026-03-28 18:03:06.650000+00:00,2026-07-31 21:45:36.954967+00:00,eva,success
2026-03-28-01-40-02-758000,Xinchen,rl2,668.0,cup_on_saucer_success_1,"pick up cup with one arm, hand it over to the other arm and place it on the saucer",white_wall,"{""white ceramic cup"",""white saucer""}",False,eva_bimanual,False,-1.0,True,s3://rldb/processed_v3/eva/2026-03-28-01-40-02-758000.zarr,,s3://rldb/processed_v3/eva/2026-03-28-01-40-02-758000.mp4,,,2026-03-28 01:40:02.758000+00:00,2026-07-31 21:45:36.954967+00:00,eva,success
2026-03-28-19-28-33-286000,Baoyu,rl2,566.0,cup_on_saucer_success_1,"pick up cup with one arm, hand it over to the other arm and place it on the saucer",white_wall,"{""white ceramic cup"",""green square saucer""}",False,eva_bimanual,False,-1.0,True,s3://rldb/processed_v3/eva/2026-03-28-19-28-33-286000.zarr,,s3://rldb/processed_v3/eva/2026-03-28-19-28-33-286000.mp4,,,2026-03-28 19:28:33.286000+00:00,2026-07-31 21:45:36.954967+00:00,eva,success
2026-03-28-01-01-56-529000,Baoyu,rl2,638.0,cup_on_saucer_success_1,"pick up cup with one arm, hand it over to the other arm and place it on the saucer",white_wall,"{""white cup"",""white saucer""}",False,eva_bimanual,False,-1.0,True,s3://rldb/processed_v3/eva/2026-03-28-01-01-56-529000.zarr,,s3://rldb/processed_v3/eva/2026-03-28-01-01-56-529000.mp4,,,2026-03-28 01:01:56.529000+00:00,2026-07-31 21:45:36.954967+00:00,eva,success
2026-03-28-19-29-14-978000,Baoyu,rl2,728.0,cup_on_saucer_success_1,"pick up cup with one arm, hand it over to the other arm and place it on the saucer",white_wall,"{""white ceramic cup"",""green square saucer""}",False,eva_bimanual,False,-1.0,True,s3://rldb/processed_v3/eva/2026-03-28-19-29-14-978000.zarr,,s3://rldb/processed_v3/eva/2026-03-28-19-29-14-978000.mp4,,,2026-03-28 19:29:14.978000+00:00,2026-07-31 21:45:36.954967+00:00,eva,success
2026-03-28-01-31-41-080000,Xinchen,rl2,637.0,cup_on_saucer_success_1,"pick up cup with one arm, hand it over to the other arm and place it on the saucer",white_wall,"{""white ceramic cup"",""white saucer""}",False,eva_bimanual,False,-1.0,True,s3://rldb/processed_v3/eva/2026-03-28-01-31-41-080000.zarr,,s3://rldb/processed_v3/eva/2026-03-28-01-31-41-080000.mp4,,,2026-03-28 01:31:41.080000+00:00,2026-07-31 21:45:36.954967+00:00,eva,success
2026-03-28-00-19-39-667000,Xinchen,rl2,608.0,cup_on_saucer_success_1,"pick up cup with one arm, hand it over to the other arm and place it on the saucer",white_wall,"{""white cup"",""yellow saucer""}",False,eva_bimanual,False,-1.0,True,s3://rldb/processed_v3/eva/2026-03-28-00-19-39-667000.zarr,,s3://rldb/processed_v3/eva/2026-03-28-00-19-39-667000.mp4,,,2026-03-28 00:19:39.667000+00:00,2026-07-31 21:45:36.954967+00:00,eva,success
2026-03-28-21-42-39-440000,Baoyu,rl2,570.0,cup_on_saucer_success_1,"pick up cup with one arm, hand it over to the other arm and place it on the saucer",white_wall,"{""pink cup"",""white saucer""}",False,eva_bimanual,False,-1.0,True,s3://rldb/processed_v3/eva/2026-03-28-21-42-39-440000.zarr,,s3://rldb/processed_v3/eva/2026-03-28-21-42-39-440000.mp4,,,2026-03-28 21:42:39.440000+00:00,2026-07-31 21:45:36.954967+00:00,eva,success
2026-03-28-19-23-41-346000,Baoyu,rl2,540.0,cup_on_saucer_success_1,"pick up cup with one arm, hand it over to the other arm and place it on the saucer",white_wall,"{""white ceramic cup"",""green square saucer""}",False,eva_bimanual,False,-1.0,True,s3://rldb/processed_v3/eva/2026-03-28-19-23-41-346000.zarr,,s3://rldb/processed_v3/eva/2026-03-28-19-23-41-346000.mp4,,,2026-03-28 19:23:41.346000+00:00,2026-07-31 21:45:36.954967+00:00,eva,success
2026-03-28-19-40-15-688000,Baoyu,rl2,386.0,cup_on_saucer_failure_1,"pick up cup with one arm, hand it over to the other arm and place it on the saucer",white_wall,"{""white ceramic cup"",""green square saucer""}",False,eva_bimanual,False,-1.0,True,s3://rldb/processed_v3/eva/2026-03-28-19-40-15-688000.zarr,,s3://rldb/processed_v3/eva/2026-03-28-19-40-15-688000.mp4,,,2026-03-28 19:40:15.688000+00:00,2026-07-31 21:45:36.954967+00:00,eva,failure
2026-03-28-01-01-19-479000,Baoyu,rl2,650.0,cup_on_saucer_success_1,"pick up cup with one arm, hand it over to the other arm and place it on the saucer",white_wall,"{""white cup"",""white saucer""}",False,eva_bimanual,False,-1.0,True,s3://rldb/processed_v3/eva/2026-03-28-01-01-19-479000.zarr,,s3://rldb/processed_v3/eva/2026-03-28-01-01-19-479000.mp4,,,2026-03-28 01:01:19.479000+00:00,2026-07-31 21:45:36.954967+00:00,eva,success
2026-03-28-18-18-45-396000,Baoyu,rl2,540.0,cup_on_saucer_success_1,"pick up cup with one arm, hand it over to the other arm and place it on the saucer",white_wall,"{""white ceramic cup"",""yellow saucer""}",False,eva_bimanual,False,-1.0,True,s3://rldb/processed_v3/eva/2026-03-28-18-18-45-396000.zarr,,s3://rldb/processed_v3/eva/2026-03-28-18-18-45-396000.mp4,,,2026-03-28 18:18:45.396000+00:00,2026-07-31 21:45:36.954967+00:00,eva,success
2026-03-28-19-30-19-153000,Baoyu,rl2,554.0,cup_on_saucer_success_1,"pick up cup with one arm, hand it over to the other arm and place it on the saucer",white_wall,"{""white ceramic cup"",""green square saucer""}",False,eva_bimanual,False,-1.0,True,s3://rldb/processed_v3/eva/2026-03-28-19-30-19-153000.zarr,,s3://rldb/processed_v3/eva/2026-03-28-19-30-19-153000.mp4,,,2026-03-28 19:30:19.153000+00:00,2026-07-31 21:45:36.954967+00:00,eva,success
2026-03-28-01-28-06-020000,Xinchen,rl2,272.0,cup_on_saucer_failure_1,"pick up cup with one arm, hand it over to the other arm and place it on the saucer",white_wall,"{""white ceramic cup"",""white saucer""}",False,eva_bimanual,False,-1.0,True,s3://rldb/processed_v3/eva/2026-03-28-01-28-06-020000.zarr,,s3://rldb/processed_v3/eva/2026-03-28-01-28-06-020000.mp4,,,2026-03-28 01:28:06.020000+00:00,2026-07-31 21:45:36.954967+00:00,eva,failure
2026-03-28-01-36-11-559000,Xinchen,rl2,687.0,cup_on_saucer_success_1,"pick up cup with one arm, hand it over to the other arm and place it on the saucer",white_wall,"{""white ceramic cup"",""white saucer""}",False,eva_bimanual,False,-1.0,True,s3://rldb/processed_v3/eva/2026-03-28-01-36-11-559000.zarr,,s3://rldb/processed_v3/eva/2026-03-28-01-36-11-559000.mp4,,,2026-03-28 01:36:11.559000+00:00,2026-07-31 21:45:36.954967+00:00,eva,success
2026-03-04-18-37-03-521000,pB5ssSy__hBrm6wJ,rl2,477.0,cup_on_saucer_success,"pick up cup with one arm, hand it over to the other arm and place it on the saucer",white_wall,"{""white ceramic cup"",""green square saucer""}",False,eva_bimanual,False,-1.0,True,s3://rldb/processed_v3/eva/2026-03-04-18-37-03-521000.zarr,,s3://rldb/processed_v3/eva/2026-03-04-18-37-03-521000.mp4,CC BY-SA 4.0,,2026-03-04 18:37:03.521000+00:00,2026-07-31 21:45:36.954967+00:00,eva,success
2026-03-28-17-52-57-384000,Baoyu,rl2,402.0,cup_on_saucer_failure_1,"pick up cup with one arm, hand it over to the other arm and place it on the saucer",white_wall,"{""white ceramic cup"",""yellow saucer""}",False,eva_bimanual,False,-1.0,True,s3://rldb/processed_v3/eva/2026-03-28-17-52-57-384000.zarr,,s3://rldb/processed_v3/eva/2026-03-28-17-52-57-384000.mp4,,,2026-03-28 17:52:57.384000+00:00,2026-07-31 21:45:36.954967+00:00,eva,failure
2026-03-28-21-40-45-904000,Baoyu,rl2,665.0,cup_on_saucer_success_1,"pick up cup with one arm, hand it over to the other arm and place it on the saucer",white_wall,"{""pink cup"",""white saucer""}",False,eva_bimanual,False,-1.0,True,s3://rldb/processed_v3/eva/2026-03-28-21-40-45-904000.zarr,,s3://rldb/processed_v3/eva/2026-03-28-21-40-45-904000.mp4,,,2026-03-28 21:40:45.904000+00:00,2026-07-31 21:45:36.954967+00:00,eva,success
2026-03-28-18-02-35-339000,Baoyu,rl2,561.0,cup_on_saucer_success_1,"pick up cup with one arm, hand it over to the other arm and place it on the saucer",white_wall,"{""white ceramic cup"",""yellow saucer""}",False,eva_bimanual,False,-1.0,True,s3://rldb/processed_v3/eva/2026-03-28-18-02-35-339000.zarr,,s3://rldb/processed_v3/eva/2026-03-28-18-02-35-339000.mp4,,,2026-03-28 18:02:35.339000+00:00,2026-07-31 21:45:36.954967+00:00,eva,success
2026-03-28-20-00-50-742000,Xinchen,rl2,600.0,cup_on_saucer_success_1,"pick up cup with one arm, hand it over to the other arm and place it on the saucer",white_wall,"{""pink cup"",""green square saucer""}",False,eva_bimanual,False,-1.0,True,s3://rldb/processed_v3/eva/2026-03-28-20-00-50-742000.zarr,,s3://rldb/processed_v3/eva/2026-03-28-20-00-50-742000.mp4,,,2026-03-28 20:00:50.742000+00:00,2026-07-31 21:45:36.954967+00:00,eva,success
2026-03-28-18-18-08-726000,Baoyu,rl2,501.0,cup_on_saucer_success_1,"pick up cup with one arm, hand it over to the other arm and place it on the saucer",white_wall,"{""white ceramic cup"",""yellow saucer""}",False,eva_bimanual,False,-1.0,True,s3://rldb/processed_v3/eva/2026-03-28-18-18-08-726000.zarr,,s3://rldb/processed_v3/eva/2026-03-28-18-18-08-726000.mp4,,,2026-03-28 18:18:08.726000+00:00,2026-07-31 21:45:36.954967+00:00,eva,success
2026-03-28-17-51-32-318000,Baoyu,rl2,457.0,cup_on_saucer_success_1,"pick up cup with one arm, hand it over to the other arm and place it on the saucer",white_wall,"{""white ceramic cup"",""yellow saucer""}",False,eva_bimanual,False,-1.0,True,s3://rldb/processed_v3/eva/2026-03-28-17-51-32-318000.zarr,,s3://rldb/processed_v3/eva/2026-03-28-17-51-32-318000.mp4,,,2026-03-28 17:51:32.318000+00:00,2026-07-31 21:45:36.954967+00:00,eva,success
2026-03-28-19-51-41-725000,Xinchen,rl2,512.0,cup_on_saucer_success_1,"pick up cup with one arm, hand it over to the other arm and place it on the saucer",white_wall,"{""pink cup"",""green square saucer""}",False,eva_bimanual,False,-1.0,True,s3://rldb/processed_v3/eva/2026-03-28-19-51-41-725000.zarr,,s3://rldb/processed_v3/eva/2026-03-28-19-51-41-725000.mp4,,,2026-03-28 19:51:41.725000+00:00,2026-07-31 21:45:36.954967+00:00,eva,success
2026-03-28-18-05-36-604000,Baoyu,rl2,558.0,cup_on_saucer_failure_1,"pick up cup with one arm, hand it over to the other arm and place it on the saucer",white_wall,"{""white ceramic cup"",""yellow saucer""}",False,eva_bimanual,False,-1.0,True,s3://rldb/processed_v3/eva/2026-03-28-18-05-36-604000.zarr,,s3://rldb/processed_v3/eva/2026-03-28-18-05-36-604000.mp4,,,2026-03-28 18:05:36.604000+00:00,2026-07-31 21:45:36.954967+00:00,eva,failure
2026-03-28-00-00-38-399000,Xinchen,rl2,605.0,cup_on_saucer_failure_1,"pick up cup with one arm, hand it over to the other arm and place it on the saucer",white_wall,"{""white cup"",""yellow saucer""}",False,eva_bimanual,False,-1.0,True,s3://rldb/processed_v3/eva/2026-03-28-00-00-38-399000.zarr,,s3://rldb/processed_v3/eva/2026-03-28-00-00-38-399000.mp4,,,2026-03-28 00:00:38.399000+00:00,2026-07-31 21:45:36.954967+00:00,eva,failure
2026-03-28-22-31-40-435000,Baoyu,rl2,439.0,cup_on_saucer_success_1,"pick up cup with one arm, hand it over to the other arm and place it on the saucer",white_wall,"{""pink cup"",""yellow saucer""}",False,eva_bimanual,False,-1.0,True,s3://rldb/processed_v3/eva/2026-03-28-22-31-40-435000.zarr,,s3://rldb/processed_v3/eva/2026-03-28-22-31-40-435000.mp4,,,2026-03-28 22:31:40.435000+00:00,2026-07-31 21:45:36.954967+00:00,eva,success
2026-03-28-00-51-30-835000,Baoyu,rl2,541.0,cup_on_saucer_failure_1,"pick up cup with one arm, hand it over to the other arm and place it on the saucer",white_wall,"{""white cup"",""white saucer""}",False,eva_bimanual,False,-1.0,True,s3://rldb/processed_v3/eva/2026-03-28-00-51-30-835000.zarr,,s3://rldb/processed_v3/eva/2026-03-28-00-51-30-835000.mp4,,,2026-03-28 00:51:30.835000+00:00,2026-07-31 21:45:36.954967+00:00,eva,failure
2026-03-28-21-33-10-548000,Baoyu,rl2,348.0,cup_on_saucer_success_1,"pick up cup with one arm, hand it over to the other arm and place it on the saucer",white_wall,"{""pink cup"",""white saucer""}",False,eva_bimanual,False,-1.0,True,s3://rldb/processed_v3/eva/2026-03-28-21-33-10-548000.zarr,,s3://rldb/processed_v3/eva/2026-03-28-21-33-10-548000.mp4,,,2026-03-28 21:33:10.548000+00:00,2026-07-31 21:45:36.954967+00:00,eva,success
2026-03-28-22-34-54-815000,Baoyu,rl2,522.0,cup_on_saucer_success_1,"pick up cup with one arm, hand it over to the other arm and place it on the saucer",white_wall,"{""pink cup"",""yellow saucer""}",False,eva_bimanual,False,-1.0,True,s3://rldb/processed_v3/eva/2026-03-28-22-34-54-815000.zarr,,s3://rldb/processed_v3/eva/2026-03-28-22-34-54-815000.mp4,,,2026-03-28 22:34:54.815000+00:00,2026-07-31 21:45:36.954967+00:00,eva,success
2026-03-28-18-12-29-683000,Baoyu,rl2,565.0,cup_on_saucer_success_1,"pick up cup with one arm, hand it over to the other arm and place it on the saucer",white_wall,"{""white ceramic cup"",""yellow saucer""}",False,eva_bimanual,False,-1.0,True,s3://rldb/processed_v3/eva/2026-03-28-18-12-29-683000.zarr,,s3://rldb/processed_v3/eva/2026-03-28-18-12-29-683000.mp4,,,2026-03-28 18:12:29.683000+00:00,2026-07-31 21:45:36.954967+00:00,eva,success
2026-03-27-22-53-32-350000,Baoyu,rl2,485.0,cup_on_saucer_success_1,"pick up cup with one arm, hand it over to the other arm and place it on the saucer",white_wall,"{""white cup"",""green square saucer""}",False,eva_bimanual,False,-1.0,True,s3://rldb/processed_v3/eva/2026-03-27-22-53-32-350000.zarr,,s3://rldb/processed_v3/eva/2026-03-27-22-53-32-350000.mp4,,,2026-03-27 22:53:32.350000+00:00,2026-07-31 21:45:36.954967+00:00,eva,success
2026-03-28-19-06-06-716000,Baoyu,rl2,434.0,cup_on_saucer_success_1,"pick up cup with one arm, hand it over to the other arm and place it on the saucer",white_wall,"{""white ceramic cup"",""green square saucer""}",False,eva_bimanual,False,-1.0,True,s3://rldb/processed_v3/eva/2026-03-28-19-06-06-716000.zarr,,s3://rldb/processed_v3/eva/2026-03-28-19-06-06-716000.mp4,,,2026-03-28 19:06:06.716000+00:00,2026-07-31 21:45:36.954967+00:00,eva,success
2026-03-28-19-37-12-740000,Baoyu,rl2,517.0,cup_on_saucer_success_1,"pick up cup with one arm, hand it over to the other arm and place it on the saucer",white_wall,"{""white ceramic cup"",""green square saucer""}",False,eva_bimanual,False,-1.0,True,s3://rldb/processed_v3/eva/2026-03-28-19-37-12-740000.zarr,,s3://rldb/processed_v3/eva/2026-03-28-19-37-12-740000.mp4,,,2026-03-28 19:37:12.740000+00:00,2026-07-31 21:45:36.954967+00:00,eva,success
2026-03-28-19-24-52-468000,Baoyu,rl2,577.0,cup_on_saucer_success_1,"pick up cup with one arm, hand it over to the other arm and place it on the saucer",white_wall,"{""white ceramic cup"",""green square saucer""}",False,eva_bimanual,False,-1.0,True,s3://rldb/processed_v3/eva/2026-03-28-19-24-52-468000.zarr,,s3://rldb/processed_v3/eva/2026-03-28-19-24-52-468000.mp4,,,2026-03-28 19:24:52.468000+00:00,2026-07-31 21:45:36.954967+00:00,eva,success
2026-03-10-17-37-07-062000,pB5ssSy__hBrm6wJ,rl2,4682.0,cup_on_saucer_success,"pick up cup with one arm, hand it over to the other arm and place it on the saucer",white_wall,"{""pink cup"",""green square saucer""}",False,human_bimanual,False,-1.0,True,s3://rldb/processed_v3/aria/2026-03-10-17-37-07-062000.zarr,,s3://rldb/processed_v3/aria/2026-03-10-17-37-07-062000.mp4,CC BY-SA 4.0,,2026-03-10 17:37:07.062000+00:00,2026-07-31 21:45:36.954967+00:00,aria_gen1,success
2026-03-28-00-53-13-183000,Baoyu,rl2,504.0,cup_on_saucer_success_1,"pick up cup with one arm, hand it over to the other arm and place it on the saucer",white_wall,"{""white cup"",""white saucer""}",False,eva_bimanual,False,-1.0,True,s3://rldb/processed_v3/eva/2026-03-28-00-53-13-183000.zarr,,s3://rldb/processed_v3/eva/2026-03-28-00-53-13-183000.mp4,,,2026-03-28 00:53:13.183000+00:00,2026-07-31 21:45:36.954967+00:00,eva,success
2026-03-28-00-16-12-827000,Xinchen,rl2,555.0,cup_on_saucer_failure_1,"pick up cup with one arm, hand it over to the other arm and place it on the saucer",white_wall,"{""white cup"",""yellow saucer""}",False,eva_bimanual,False,-1.0,True,s3://rldb/processed_v3/eva/2026-03-28-00-16-12-827000.zarr,,s3://rldb/processed_v3/eva/2026-03-28-00-16-12-827000.mp4,,,2026-03-28 00:16:12.827000+00:00,2026-07-31 21:45:36.954967+00:00,eva,failure
2026-03-28-00-07-08-606000,Xinchen,rl2,117.0,cup_on_saucer_failure_1,"pick up cup with one arm, hand it over to the other arm and place it on the saucer",white_wall,"{""white cup"",""yellow saucer""}",False,eva_bimanual,False,-1.0,True,s3://rldb/processed_v3/eva/2026-03-28-00-07-08-606000.zarr,,s3://rldb/processed_v3/eva/2026-03-28-00-07-08-606000.mp4,,,2026-03-28 00:07:08.606000+00:00,2026-07-31 21:45:36.954967+00:00,eva,failure
2026-03-28-01-07-09-167000,Baoyu,rl2,493.0,cup_on_saucer_success_1,"pick up cup with one arm, hand it over to the other arm and place it on the saucer",white_wall,"{""white cup"",""white saucer""}",False,eva_bimanual,False,-1.0,True,s3://rldb/processed_v3/eva/2026-03-28-01-07-09-167000.zarr,,s3://rldb/processed_v3/eva/2026-03-28-01-07-09-167000.mp4,,,2026-03-28 01:07:09.167000+00:00,2026-07-31 21:45:36.954967+00:00,eva,success
2026-03-28-20-12-28-508000,Xinchen,rl2,585.0,cup_on_saucer_success_1,"pick up cup with one arm, hand it over to the other arm and place it on the saucer",white_wall,"{""pink cup"",""green square saucer""}",False,eva_bimanual,False,-1.0,True,s3://rldb/processed_v3/eva/2026-03-28-20-12-28-508000.zarr,,s3://rldb/processed_v3/eva/2026-03-28-20-12-28-508000.mp4,,,2026-03-28 20:12:28.508000+00:00,2026-07-31 21:45:36.954967+00:00,eva,success
2026-03-28-18-13-01-064000,Baoyu,rl2,486.0,cup_on_saucer_failure_1,"pick up cup with one arm, hand it over to the other arm and place it on the saucer",white_wall,"{""white ceramic cup"",""yellow saucer""}",False,eva_bimanual,False,-1.0,True,s3://rldb/processed_v3/eva/2026-03-28-18-13-01-064000.zarr,,s3://rldb/processed_v3/eva/2026-03-28-18-13-01-064000.mp4,,,2026-03-28 18:13:01.064000+00:00,2026-07-31 21:45:36.954967+00:00,eva,failure
2026-03-27-22-47-55-093000,Baoyu,rl2,658.0,cup_on_saucer_success_1,"pick up cup with one arm, hand it over to the other arm and place it on the saucer",white_wall,"{""white cup"",""green square saucer""}",False,eva_bimanual,False,-1.0,True,s3://rldb/processed_v3/eva/2026-03-27-22-47-55-093000.zarr,,s3://rldb/processed_v3/eva/2026-03-27-22-47-55-093000.mp4,,,2026-03-27 22:47:55.093000+00:00,2026-07-31 21:45:36.954967+00:00,eva,success
2026-03-28-22-28-34-951000,Baoyu,rl2,685.0,cup_on_saucer_success_1,"pick up cup with one arm, hand it over to the other arm and place it on the saucer",white_wall,"{""pink cup"",""yellow saucer""}",False,eva_bimanual,False,-1.0,True,s3://rldb/processed_v3/eva/2026-03-28-22-28-34-951000.zarr,,s3://rldb/processed_v3/eva/2026-03-28-22-28-34-951000.mp4,,,2026-03-28 22:28:34.951000+00:00,2026-07-31 21:45:36.954967+00:00,eva,success
2026-03-04-21-35-21-791000,EwCW-BuE_nA9dzbr,rl2,769.0,cup_on_saucer_success,"pick up cup with one arm, hand it over to the other arm and place it on the saucer",white_wall,"{""white cup"",""white saucer""}",False,eva_bimanual,False,-1.0,True,s3://rldb/processed_v3/eva/2026-03-04-21-35-21-791000.zarr,,s3://rldb/processed_v3/eva/2026-03-04-21-35-21-791000.mp4,CC BY-SA 4.0,,2026-03-04 21:35:21.791000+00:00,2026-07-31 21:45:36.954967+00:00,eva,success
2026-03-28-20-05-43-145000,Xinchen,rl2,654.0,cup_on_saucer_success_1,"pick up cup with one arm, hand it over to the other arm and place it on the saucer",white_wall,"{""pink cup"",""green square saucer""}",False,eva_bimanual,False,-1.0,True,s3://rldb/processed_v3/eva/2026-03-28-20-05-43-145000.zarr,,s3://rldb/processed_v3/eva/2026-03-28-20-05-43-145000.mp4,,,2026-03-28 20:05:43.145000+00:00,2026-07-31 21:45:36.954967+00:00,eva,success
2026-03-27-22-44-43-455000,Baoyu,rl2,510.0,cup_on_saucer_success_1,"pick up cup with one arm, hand it over to the other arm and place it on the saucer",white_wall,"{""white cup"",""green square saucer""}",False,eva_bimanual,False,-1.0,True,s3://rldb/processed_v3/eva/2026-03-27-22-44-43-455000.zarr,,s3://rldb/processed_v3/eva/2026-03-27-22-44-43-455000.mp4,,,2026-03-27 22:44:43.455000+00:00,2026-07-31 21:45:36.954967+00:00,eva,success
2026-03-28-18-06-26-811000,Baoyu,rl2,208.0,cup_on_saucer_failure_1,"pick up cup with one arm, hand it over to the other arm and place it on the saucer",white_wall,"{""white ceramic cup"",""yellow saucer""}",False,eva_bimanual,False,-1.0,True,s3://rldb/processed_v3/eva/2026-03-28-18-06-26-811000.zarr,,s3://rldb/processed_v3/eva/2026-03-28-18-06-26-811000.mp4,,,2026-03-28 18:06:26.811000+00:00,2026-07-31 21:45:36.954967+00:00,eva,failure
2026-03-27-22-39-10-809000,Baoyu,rl2,553.0,cup_on_saucer_success_1,"pick up cup with one arm, hand it over to the other arm and place it on the saucer",white_wall,"{""white cup"",""green square saucer""}",False,eva_bimanual,False,-1.0,True,s3://rldb/processed_v3/eva/2026-03-27-22-39-10-809000.zarr,,s3://rldb/processed_v3/eva/2026-03-27-22-39-10-809000.mp4,,,2026-03-27 22:39:10.809000+00:00,2026-07-31 21:45:36.954967+00:00,eva,success
2026-03-28-19-12-00-161000,Baoyu,rl2,560.0,cup_on_saucer_success_1,"pick up cup with one arm, hand it over to the other arm and place it on the saucer",white_wall,"{""white ceramic cup"",""green square saucer""}",False,eva_bimanual,False,-1.0,True,s3://rldb/processed_v3/eva/2026-03-28-19-12-00-161000.zarr,,s3://rldb/processed_v3/eva/2026-03-28-19-12-00-161000.mp4,,,2026-03-28 19:12:00.161000+00:00,2026-07-31 21:45:36.954967+00:00,eva,success
2026-03-28-22-22-04-954000,Baoyu,rl2,565.0,cup_on_saucer_success_1,"pick up cup with one arm, hand it over to the other arm and place it on the saucer",white_wall,"{""pink cup"",""yellow saucer""}",False,eva_bimanual,False,-1.0,True,s3://rldb/processed_v3/eva/2026-03-28-22-22-04-954000.zarr,,s3://rldb/processed_v3/eva/2026-03-28-22-22-04-954000.mp4,,,2026-03-28 22:22:04.954000+00:00,2026-07-31 21:45:36.954967+00:00,eva,success
2026-03-28-21-37-52-675000,Baoyu,rl2,515.0,cup_on_saucer_success_1,"pick up cup with one arm, hand it over to the other arm and place it on the saucer",white_wall,"{""pink cup"",""white saucer""}",False,eva_bimanual,False,-1.0,True,s3://rldb/processed_v3/eva/2026-03-28-21-37-52-675000.zarr,,s3://rldb/processed_v3/eva/2026-03-28-21-37-52-675000.mp4,,,2026-03-28 21:37:52.675000+00:00,2026-07-31 21:45:36.954967+00:00,eva,success
2026-03-28-21-43-13-846000,Baoyu,rl2,559.0,cup_on_saucer_success_1,"pick up cup with one arm, hand it over to the other arm and place it on the saucer",white_wall,"{""pink cup"",""white saucer""}",False,eva_bimanual,False,-1.0,True,s3://rldb/processed_v3/eva/2026-03-28-21-43-13-846000.zarr,,s3://rldb/processed_v3/eva/2026-03-28-21-43-13-846000.mp4,,,2026-03-28 21:43:13.846000+00:00,2026-07-31 21:45:36.954967+00:00,eva,success
2026-03-28-20-06-47-227000,Xinchen,rl2,708.0,cup_on_saucer_success_1,"pick up cup with one arm, hand it over to the other arm and place it on the saucer",white_wall,"{""pink cup"",""green square saucer""}",False,eva_bimanual,False,-1.0,True,s3://rldb/processed_v3/eva/2026-03-28-20-06-47-227000.zarr,,s3://rldb/processed_v3/eva/2026-03-28-20-06-47-227000.mp4,,,2026-03-28 20:06:47.227000+00:00,2026-07-31 21:45:36.954967+00:00,eva,success
2026-03-28-19-10-54-214000,Baoyu,rl2,495.0,cup_on_saucer_success_1,"pick up cup with one arm, hand it over to the other arm and place it on the saucer",white_wall,"{""white ceramic cup"",""green square saucer""}",False,eva_bimanual,False,-1.0,True,s3://rldb/processed_v3/eva/2026-03-28-19-10-54-214000.zarr,,s3://rldb/processed_v3/eva/2026-03-28-19-10-54-214000.mp4,,,2026-03-28 19:10:54.214000+00:00,2026-07-31 21:45:36.954967+00:00,eva,success
2026-03-28-22-15-11-105000,Baoyu,rl2,498.0,cup_on_saucer_success_1,"pick up cup with one arm, hand it over to the other arm and place it on the saucer",white_wall,"{""pink cup"",""white saucer""}",False,eva_bimanual,False,-1.0,True,s3://rldb/processed_v3/eva/2026-03-28-22-15-11-105000.zarr,,s3://rldb/processed_v3/eva/2026-03-28-22-15-11-105000.mp4,,,2026-03-28 22:15:11.105000+00:00,2026-07-31 21:45:36.954967+00:00,eva,success
2026-03-28-19-25-25-802000,Baoyu,rl2,522.0,cup_on_saucer_success_1,"pick up cup with one arm, hand it over to the other arm and place it on the saucer",white_wall,"{""white ceramic cup"",""green square saucer""}",False,eva_bimanual,False,-1.0,True,s3://rldb/processed_v3/eva/2026-03-28-19-25-25-802000.zarr,,s3://rldb/processed_v3/eva/2026-03-28-19-25-25-802000.mp4,,,2026-03-28 19:25:25.802000+00:00,2026-07-31 21:45:36.954967+00:00,eva,success
2026-03-04-21-35-59-158000,EwCW-BuE_nA9dzbr,rl2,702.0,cup_on_saucer_success,"pick up cup with one arm, hand it over to the other arm and place it on the saucer",white_wall,"{""white cup"",""white saucer""}",False,eva_bimanual,False,-1.0,True,s3://rldb/processed_v3/eva/2026-03-04-21-35-59-158000.zarr,,s3://rldb/processed_v3/eva/2026-03-04-21-35-59-158000.mp4,CC BY-SA 4.0,,2026-03-04 21:35:59.158000+00:00,2026-07-31 21:45:36.954967+00:00,eva,success
2026-03-28-18-06-53-992000,Baoyu,rl2,412.0,cup_on_saucer_success_1,"pick up cup with one arm, hand it over to the other arm and place it on the saucer",white_wall,"{""white ceramic cup"",""yellow saucer""}",False,eva_bimanual,False,-1.0,True,s3://rldb/processed_v3/eva/2026-03-28-18-06-53-992000.zarr,,s3://rldb/processed_v3/eva/2026-03-28-18-06-53-992000.mp4,,,2026-03-28 18:06:53.992000+00:00,2026-07-31 21:45:36.954967+00:00,eva,success
2026-03-28-21-38-24-159000,Baoyu,rl2,508.0,cup_on_saucer_success_1,"pick up cup with one arm, hand it over to the other arm and place it on the saucer",white_wall,"{""pink cup"",""white saucer""}",False,eva_bimanual,False,-1.0,True,s3://rldb/processed_v3/eva/2026-03-28-21-38-24-159000.zarr,,s3://rldb/processed_v3/eva/2026-03-28-21-38-24-159000.mp4,,,2026-03-28 21:38:24.159000+00:00,2026-07-31 21:45:36.954967+00:00,eva,success
2026-03-28-18-08-32-212000,Baoyu,rl2,522.0,cup_on_saucer_success_1,"pick up cup with one arm, hand it over to the other arm and place it on the saucer",white_wall,"{""white ceramic cup"",""yellow saucer""}",False,eva_bimanual,False,-1.0,True,s3://rldb/processed_v3/eva/2026-03-28-18-08-32-212000.zarr,,s3://rldb/processed_v3/eva/2026-03-28-18-08-32-212000.mp4,,,2026-03-28 18:08:32.212000+00:00,2026-07-31 21:45:36.954967+00:00,eva,success
2026-03-28-22-25-45-044000,Baoyu,rl2,593.0,cup_on_saucer_success_1,"pick up cup with one arm, hand it over to the other arm and place it on the saucer",white_wall,"{""pink cup"",""yellow saucer""}",False,eva_bimanual,False,-1.0,True,s3://rldb/processed_v3/eva/2026-03-28-22-25-45-044000.zarr,,s3://rldb/processed_v3/eva/2026-03-28-22-25-45-044000.mp4,,,2026-03-28 22:25:45.044000+00:00,2026-07-31 21:45:36.954967+00:00,eva,success
2026-03-28-22-11-51-618000,Baoyu,rl2,501.0,cup_on_saucer_success_1,"pick up cup with one arm, hand it over to the other arm and place it on the saucer",white_wall,"{""pink cup"",""white saucer""}",False,eva_bimanual,False,-1.0,True,s3://rldb/processed_v3/eva/2026-03-28-22-11-51-618000.zarr,,s3://rldb/processed_v3/eva/2026-03-28-22-11-51-618000.mp4,,,2026-03-28 22:11:51.618000+00:00,2026-07-31 21:45:36.954967+00:00,eva,success
2026-03-28-01-31-07-128000,Xinchen,rl2,599.0,cup_on_saucer_success_1,"pick up cup with one arm, hand it over to the other arm and place it on the saucer",white_wall,"{""white ceramic cup"",""white saucer""}",False,eva_bimanual,False,-1.0,True,s3://rldb/processed_v3/eva/2026-03-28-01-31-07-128000.zarr,,s3://rldb/processed_v3/eva/2026-03-28-01-31-07-128000.mp4,,,2026-03-28 01:31:07.128000+00:00,2026-07-31 21:45:36.954967+00:00,eva,success
2026-03-28-20-16-23-136000,Xinchen,rl2,572.0,cup_on_saucer_success_1,"pick up cup with one arm, hand it over to the other arm and place it on the saucer",white_wall,"{""pink cup"",""green square saucer""}",False,eva_bimanual,False,-1.0,True,s3://rldb/processed_v3/eva/2026-03-28-20-16-23-136000.zarr,,s3://rldb/processed_v3/eva/2026-03-28-20-16-23-136000.mp4,,,2026-03-28 20:16:23.136000+00:00,2026-07-31 21:45:36.954967+00:00,eva,success
2026-03-27-22-41-06-265000,Baoyu,rl2,562.0,cup_on_saucer_success_1,"pick up cup with one arm, hand it over to the other arm and place it on the saucer",white_wall,"{""white cup"",""green square saucer""}",False,eva_bimanual,False,-1.0,True,s3://rldb/processed_v3/eva/2026-03-27-22-41-06-265000.zarr,,s3://rldb/processed_v3/eva/2026-03-27-22-41-06-265000.mp4,,,2026-03-27 22:41:06.265000+00:00,2026-07-31 21:45:36.954967+00:00,eva,success
2026-03-28-19-29-45-738000,Baoyu,rl2,569.0,cup_on_saucer_success_1,"pick up cup with one arm, hand it over to the other arm and place it on the saucer",white_wall,"{""white ceramic cup"",""green square saucer""}",False,eva_bimanual,False,-1.0,True,s3://rldb/processed_v3/eva/2026-03-28-19-29-45-738000.zarr,,s3://rldb/processed_v3/eva/2026-03-28-19-29-45-738000.mp4,,,2026-03-28 19:29:45.738000+00:00,2026-07-31 21:45:36.954967+00:00,eva,success
2026-03-28-00-07-54-985000,Xinchen,rl2,946.0,cup_on_saucer_success_1,"pick up cup with one arm, hand it over to the other arm and place it on the saucer",white_wall,"{""white cup"",""yellow saucer""}",False,eva_bimanual,False,-1.0,True,s3://rldb/processed_v3/eva/2026-03-28-00-07-54-985000.zarr,,s3://rldb/processed_v3/eva/2026-03-28-00-07-54-985000.mp4,,,2026-03-28 00:07:54.985000+00:00,2026-07-31 21:45:36.954967+00:00,eva,success
2026-03-28-17-53-30-266000,Baoyu,rl2,634.0,cup_on_saucer_success_1,"pick up cup with one arm, hand it over to the other arm and place it on the saucer",white_wall,"{""white ceramic cup"",""yellow saucer""}",False,eva_bimanual,False,-1.0,True,s3://rldb/processed_v3/eva/2026-03-28-17-53-30-266000.zarr,,s3://rldb/processed_v3/eva/2026-03-28-17-53-30-266000.mp4,,,2026-03-28 17:53:30.266000+00:00,2026-07-31 21:45:36.954967+00:00,eva,success
2026-03-28-18-01-33-083000,Baoyu,rl2,420.0,cup_on_saucer_success_1,"pick up cup with one arm, hand it over to the other arm and place it on the saucer",white_wall,"{""white ceramic cup"",""yellow saucer""}",False,eva_bimanual,False,-1.0,True,s3://rldb/processed_v3/eva/2026-03-28-18-01-33-083000.zarr,,s3://rldb/processed_v3/eva/2026-03-28-18-01-33-083000.mp4,,,2026-03-28 18:01:33.083000+00:00,2026-07-31 21:45:36.954967+00:00,eva,success
2026-03-28-01-09-02-039000,Baoyu,rl2,413.0,cup_on_saucer_success_1,"pick up cup with one arm, hand it over to the other arm and place it on the saucer",white_wall,"{""white cup"",""white saucer""}",False,eva_bimanual,False,-1.0,True,s3://rldb/processed_v3/eva/2026-03-28-01-09-02-039000.zarr,,s3://rldb/processed_v3/eva/2026-03-28-01-09-02-039000.mp4,,,2026-03-28 01:09:02.039000+00:00,2026-07-31 21:45:36.954967+00:00,eva,success
2026-03-28-22-40-34-363000,Baoyu,rl2,618.0,cup_on_saucer_success_1,"pick up cup with one arm, hand it over to the other arm and place it on the saucer",white_wall,"{""pink cup"",""yellow saucer""}",False,eva_bimanual,False,-1.0,True,s3://rldb/processed_v3/eva/2026-03-28-22-40-34-363000.zarr,,s3://rldb/processed_v3/eva/2026-03-28-22-40-34-363000.mp4,,,2026-03-28 22:40:34.363000+00:00,2026-07-31 21:45:36.954967+00:00,eva,success
2026-03-28-21-35-44-640000,Baoyu,rl2,547.0,cup_on_saucer_success_1,"pick up cup with one arm, hand it over to the other arm and place it on the saucer",white_wall,"{""pink cup"",""white saucer""}",False,eva_bimanual,False,-1.0,True,s3://rldb/processed_v3/eva/2026-03-28-21-35-44-640000.zarr,,s3://rldb/processed_v3/eva/2026-03-28-21-35-44-640000.mp4,,,2026-03-28 21:35:44.640000+00:00,2026-07-31 21:45:36.954967+00:00,eva,success
2026-03-27-22-31-39-884000,Baoyu,rl2,483.0,cup_on_saucer_success_1,"pick up cup with one arm, hand it over to the other arm and place it on the saucer",white_wall,"{""white cup"",""green square saucer""}",False,eva_bimanual,False,-1.0,True,s3://rldb/processed_v3/eva/2026-03-27-22-31-39-884000.zarr,,s3://rldb/processed_v3/eva/2026-03-27-22-31-39-884000.mp4,,,2026-03-27 22:31:39.884000+00:00,2026-07-31 21:45:36.954967+00:00,eva,success
2026-03-28-00-53-53-224000,Baoyu,rl2,651.0,cup_on_saucer_success_1,"pick up cup with one arm, hand it over to the other arm and place it on the saucer",white_wall,"{""white cup"",""white saucer""}",False,eva_bimanual,False,-1.0,True,s3://rldb/processed_v3/eva/2026-03-28-00-53-53-224000.zarr,,s3://rldb/processed_v3/eva/2026-03-28-00-53-53-224000.mp4,,,2026-03-28 00:53:53.224000+00:00,2026-07-31 21:45:36.954967+00:00,eva,success
2026-03-28-19-35-28-990000,Baoyu,rl2,662.0,cup_on_saucer_success_1,"pick up cup with one arm, hand it over to the other arm and place it on the saucer",white_wall,"{""white ceramic cup"",""green square saucer""}",False,eva_bimanual,False,-1.0,True,s3://rldb/processed_v3/eva/2026-03-28-19-35-28-990000.zarr,,s3://rldb/processed_v3/eva/2026-03-28-19-35-28-990000.mp4,,,2026-03-28 19:35:28.990000+00:00,2026-07-31 21:45:36.954967+00:00,eva,success
2026-03-28-22-21-30-145000,Baoyu,rl2,435.0,cup_on_saucer_success_1,"pick up cup with one arm, hand it over to the other arm and place it on the saucer",white_wall,"{""pink cup"",""yellow saucer""}",False,eva_bimanual,False,-1.0,True,s3://rldb/processed_v3/eva/2026-03-28-22-21-30-145000.zarr,,s3://rldb/processed_v3/eva/2026-03-28-22-21-30-145000.mp4,,,2026-03-28 22:21:30.145000+00:00,2026-07-31 21:45:36.954967+00:00,eva,success
2026-03-28-00-09-15-549000,Xinchen,rl2,499.0,cup_on_saucer_success_1,"pick up cup with one arm, hand it over to the other arm and place it on the saucer",white_wall,"{""white cup"",""yellow saucer""}",False,eva_bimanual,False,-1.0,True,s3://rldb/processed_v3/eva/2026-03-28-00-09-15-549000.zarr,,s3://rldb/processed_v3/eva/2026-03-28-00-09-15-549000.mp4,,,2026-03-28 00:09:15.549000+00:00,2026-07-31 21:45:36.954967+00:00,eva,success
2026-03-28-22-26-15-624000,Baoyu,rl2,487.0,cup_on_saucer_success_1,"pick up cup with one arm, hand it over to the other arm and place it on the saucer",white_wall,"{""pink cup"",""yellow saucer""}",False,eva_bimanual,False,-1.0,True,s3://rldb/processed_v3/eva/2026-03-28-22-26-15-624000.zarr,,s3://rldb/processed_v3/eva/2026-03-28-22-26-15-624000.mp4,,,2026-03-28 22:26:15.624000+00:00,2026-07-31 21:45:36.954967+00:00,eva,success
2026-03-28-22-22-32-632000,Baoyu,rl2,454.0,cup_on_saucer_success_1,"pick up cup with one arm, hand it over to the other arm and place it on the saucer",white_wall,"{""pink cup"",""yellow saucer""}",False,eva_bimanual,False,-1.0,True,s3://rldb/processed_v3/eva/2026-03-28-22-22-32-632000.zarr,,s3://rldb/processed_v3/eva/2026-03-28-22-22-32-632000.mp4,,,2026-03-28 22:22:32.632000+00:00,2026-07-31 21:45:36.954967+00:00,eva,success
2026-03-28-18-52-40-737000,Xinchen,rl2,623.0,cup_on_saucer_success_1,"pick up cup with one arm, hand it over to the other arm and place it on the saucer",white_wall,"{""white ceramic cup"",""white saucer""}",False,eva_bimanual,False,-1.0,True,s3://rldb/processed_v3/eva/2026-03-28-18-52-40-737000.zarr,,s3://rldb/processed_v3/eva/2026-03-28-18-52-40-737000.mp4,,,2026-03-28 18:52:40.737000+00:00,2026-07-31 21:45:36.954967+00:00,eva,success
2026-03-28-20-04-15-427000,Xinchen,rl2,660.0,cup_on_saucer_success_1,"pick up cup with one arm, hand it over to the other arm and place it on the saucer",white_wall,"{""pink cup"",""green square saucer""}",False,eva_bimanual,False,-1.0,True,s3://rldb/processed_v3/eva/2026-03-28-20-04-15-427000.zarr,,s3://rldb/processed_v3/eva/2026-03-28-20-04-15-427000.mp4,,,2026-03-28 20:04:15.427000+00:00,2026-07-31 21:45:36.954967+00:00,eva,success
2026-03-28-00-58-17-241000,Baoyu,rl2,535.0,cup_on_saucer_success_1,"pick up cup with one arm, hand it over to the other arm and place it on the saucer",white_wall,"{""white cup"",""white saucer""}",False,eva_bimanual,False,-1.0,True,s3://rldb/processed_v3/eva/2026-03-28-00-58-17-241000.zarr,,s3://rldb/processed_v3/eva/2026-03-28-00-58-17-241000.mp4,,,2026-03-28 00:58:17.241000+00:00,2026-07-31 21:45:36.954967+00:00,eva,success
2026-03-28-21-45-51-480000,Baoyu,rl2,440.0,cup_on_saucer_success_1,"pick up cup with one arm, hand it over to the other arm and place it on the saucer",white_wall,"{""pink cup"",""white saucer""}",False,eva_bimanual,False,-1.0,True,s3://rldb/processed_v3/eva/2026-03-28-21-45-51-480000.zarr,,s3://rldb/processed_v3/eva/2026-03-28-21-45-51-480000.mp4,,,2026-03-28 21:45:51.480000+00:00,2026-07-31 21:45:36.954967+00:00,eva,success
2026-03-28-01-04-00-607000,Baoyu,rl2,613.0,cup_on_saucer_success_1,"pick up cup with one arm, hand it over to the other arm and place it on the saucer",white_wall,"{""white cup"",""white saucer""}",False,eva_bimanual,False,-1.0,True,s3://rldb/processed_v3/eva/2026-03-28-01-04-00-607000.zarr,,s3://rldb/processed_v3/eva/2026-03-28-01-04-00-607000.mp4,,,2026-03-28 01:04:00.607000+00:00,2026-07-31 21:45:36.954967+00:00,eva,success
2026-03-28-00-41-28-841000,Baoyu,rl2,561.0,cup_on_saucer_success_1,"pick up cup with one arm, hand it over to the other arm and place it on the saucer",white_wall,"{""white cup"",""white saucer""}",False,eva_bimanual,False,-1.0,True,s3://rldb/processed_v3/eva/2026-03-28-00-41-28-841000.zarr,,s3://rldb/processed_v3/eva/2026-03-28-00-41-28-841000.mp4,,,2026-03-28 00:41:28.841000+00:00,2026-07-31 21:45:36.954967+00:00,eva,success
2026-03-04-21-26-46-414000,EwCW-BuE_nA9dzbr,rl2,713.0,cup_on_saucer_success,"pick up cup with one arm, hand it over to the other arm and place it on the saucer",white_wall,"{""white cup"",""white saucer""}",False,eva_bimanual,False,-1.0,True,s3://rldb/processed_v3/eva/2026-03-04-21-26-46-414000.zarr,,s3://rldb/processed_v3/eva/2026-03-04-21-26-46-414000.mp4,CC BY-SA 4.0,,2026-03-04 21:26:46.414000+00:00,2026-07-31 21:45:36.954967+00:00,eva,success
2026-03-28-00-13-31-053000,Xinchen,rl2,684.0,cup_on_saucer_failure_1,"pick up cup with one arm, hand it over to the other arm and place it on the saucer",white_wall,"{""white cup"",""yellow saucer""}",False,eva_bimanual,False,-1.0,True,s3://rldb/processed_v3/eva/2026-03-28-00-13-31-053000.zarr,,s3://rldb/processed_v3/eva/2026-03-28-00-13-31-053000.mp4,,,2026-03-28 00:13:31.053000+00:00,2026-07-31 21:45:36.954967+00:00,eva,failure
2026-03-28-19-10-22-542000,Baoyu,rl2,597.0,cup_on_saucer_success_1,"pick up cup with one arm, hand it over to the other arm and place it on the saucer",white_wall,"{""white ceramic cup"",""green square saucer""}",False,eva_bimanual,False,-1.0,True,s3://rldb/processed_v3/eva/2026-03-28-19-10-22-542000.zarr,,s3://rldb/processed_v3/eva/2026-03-28-19-10-22-542000.mp4,,,2026-03-28 19:10:22.542000+00:00,2026-07-31 21:45:36.954967+00:00,eva,success
2026-03-28-01-06-00-647000,Baoyu,rl2,585.0,cup_on_saucer_success_1,"pick up cup with one arm, hand it over to the other arm and place it on the saucer",white_wall,"{""white cup"",""white saucer""}",False,eva_bimanual,False,-1.0,True,s3://rldb/processed_v3/eva/2026-03-28-01-06-00-647000.zarr,,s3://rldb/processed_v3/eva/2026-03-28-01-06-00-647000.mp4,,,2026-03-28 01:06:00.647000+00:00,2026-07-31 21:45:36.954967+00:00,eva,success
2026-03-28-00-20-23-413000,Xinchen,rl2,593.0,cup_on_saucer_success_1,"pick up cup with one arm, hand it over to the other arm and place it on the saucer",white_wall,"{""white cup"",""yellow saucer""}",False,eva_bimanual,False,-1.0,True,s3://rldb/processed_v3/eva/2026-03-28-00-20-23-413000.zarr,,s3://rldb/processed_v3/eva/2026-03-28-00-20-23-413000.mp4,,,2026-03-28 00:20:23.413000+00:00,2026-07-31 21:45:36.954967+00:00,eva,success
2026-03-28-00-48-52-254000,Baoyu,rl2,642.0,cup_on_saucer_success_1,"pick up cup with one arm, hand it over to the other arm and place it on the saucer",white_wall,"{""white cup"",""white saucer""}",False,eva_bimanual,False,-1.0,True,s3://rldb/processed_v3/eva/2026-03-28-00-48-52-254000.zarr,,s3://rldb/processed_v3/eva/2026-03-28-00-48-52-254000.mp4,,,2026-03-28 00:48:52.254000+00:00,2026-07-31 21:45:36.954967+00:00,eva,success
2026-03-28-19-55-46-217000,Xinchen,rl2,585.0,cup_on_saucer_success_1,"pick up cup with one arm, hand it over to the other arm and place it on the saucer",white_wall,"{""pink cup"",""green square saucer""}",False,eva_bimanual,False,-1.0,True,s3://rldb/processed_v3/eva/2026-03-28-19-55-46-217000.zarr,,s3://rldb/processed_v3/eva/2026-03-28-19-55-46-217000.mp4,,,2026-03-28 19:55:46.217000+00:00,2026-07-31 21:45:36.954967+00:00,eva,success
2026-03-28-22-36-11-956000,Baoyu,rl2,468.0,cup_on_saucer_success_1,"pick up cup with one arm, hand it over to the other arm and place it on the saucer",white_wall,"{""pink cup"",""yellow saucer""}",False,eva_bimanual,False,-1.0,True,s3://rldb/processed_v3/eva/2026-03-28-22-36-11-956000.zarr,,s3://rldb/processed_v3/eva/2026-03-28-22-36-11-956000.mp4,,,2026-03-28 22:36:11.956000+00:00,2026-07-31 21:45:36.954967+00:00,eva,success
2026-03-04-18-41-41-298000,pB5ssSy__hBrm6wJ,rl2,534.0,cup_on_saucer_success,"pick up cup with one arm, hand it over to the other arm and place it on the saucer",white_wall,"{""white ceramic cup"",""green square saucer""}",False,eva_bimanual,False,-1.0,True,s3://rldb/processed_v3/eva/2026-03-04-18-41-41-298000.zarr,,s3://rldb/processed_v3/eva/2026-03-04-18-41-41-298000.mp4,CC BY-SA 4.0,,2026-03-04 18:41:41.298000+00:00,2026-07-31 21:45:36.954967+00:00,eva,success
2026-03-27-22-39-47-470000,Baoyu,rl2,489.0,cup_on_saucer_success_1,"pick up cup with one arm, hand it over to the other arm and place it on the saucer",white_wall,"{""white cup"",""green square saucer""}",False,eva_bimanual,False,-1.0,True,s3://rldb/processed_v3/eva/2026-03-27-22-39-47-470000.zarr,,s3://rldb/processed_v3/eva/2026-03-27-22-39-47-470000.mp4,,,2026-03-27 22:39:47.470000+00:00,2026-07-31 21:45:36.954967+00:00,eva,success
2026-03-28-01-27-03-252000,Xinchen,rl2,773.0,cup_on_saucer_success_1,"pick up cup with one arm, hand it over to the other arm and place it on the saucer",white_wall,"{""white ceramic cup"",""white saucer""}",False,eva_bimanual,False,-1.0,True,s3://rldb/processed_v3/eva/2026-03-28-01-27-03-252000.zarr,,s3://rldb/processed_v3/eva/2026-03-28-01-27-03-252000.mp4,,,2026-03-28 01:27:03.252000+00:00,2026-07-31 21:45:36.954967+00:00,eva,success
2026-03-28-00-14-11-882000,Xinchen,rl2,702.0,cup_on_saucer_success_1,"pick up cup with one arm, hand it over to the other arm and place it on the saucer",white_wall,"{""white cup"",""yellow saucer""}",False,eva_bimanual,False,-1.0,True,s3://rldb/processed_v3/eva/2026-03-28-00-14-11-882000.zarr,,s3://rldb/processed_v3/eva/2026-03-28-00-14-11-882000.mp4,,,2026-03-28 00:14:11.882000+00:00,2026-07-31 21:45:36.954967+00:00,eva,success
2026-03-27-22-32-10-463000,Baoyu,rl2,259.0,cup_on_saucer_failure_1,"pick up cup with one arm, hand it over to the other arm and place it on the saucer",white_wall,"{""white cup"",""green square saucer""}",False,eva_bimanual,False,-1.0,True,s3://rldb/processed_v3/eva/2026-03-27-22-32-10-463000.zarr,,s3://rldb/processed_v3/eva/2026-03-27-22-32-10-463000.mp4,,,2026-03-27 22:32:10.463000+00:00,2026-07-31 21:45:36.954967+00:00,eva,failure
2026-03-28-18-00-58-608000,Baoyu,rl2,551.0,cup_on_saucer_success_1,"pick up cup with one arm, hand it over to the other arm and place it on the saucer",white_wall,"{""white ceramic cup"",""yellow saucer""}",False,eva_bimanual,False,-1.0,True,s3://rldb/processed_v3/eva/2026-03-28-18-00-58-608000.zarr,,s3://rldb/processed_v3/eva/2026-03-28-18-00-58-608000.mp4,,,2026-03-28 18:00:58.608000+00:00,2026-07-31 21:45:36.954967+00:00,eva,success
2026-03-04-18-38-45-484000,pB5ssSy__hBrm6wJ,rl2,553.0,cup_on_saucer_success,"pick up cup with one arm, hand it over to the other arm and place it on the saucer",white_wall,"{""white ceramic cup"",""green square saucer""}",False,eva_bimanual,False,-1.0,True,s3://rldb/processed_v3/eva/2026-03-04-18-38-45-484000.zarr,,s3://rldb/processed_v3/eva/2026-03-04-18-38-45-484000.mp4,CC BY-SA 4.0,,2026-03-04 18:38:45.484000+00:00,2026-07-31 21:45:36.954967+00:00,eva,success
2026-03-28-19-09-01-799000,Baoyu,rl2,575.0,cup_on_saucer_success_1,"pick up cup with one arm, hand it over to the other arm and place it on the saucer",white_wall,"{""white ceramic cup"",""green square saucer""}",False,eva_bimanual,False,-1.0,True,s3://rldb/processed_v3/eva/2026-03-28-19-09-01-799000.zarr,,s3://rldb/processed_v3/eva/2026-03-28-19-09-01-799000.mp4,,,2026-03-28 19:09:01.799000+00:00,2026-07-31 21:45:36.954967+00:00,eva,success
2026-03-28-21-39-27-583000,Baoyu,rl2,513.0,cup_on_saucer_success_1,"pick up cup with one arm, hand it over to the other arm and place it on the saucer",white_wall,"{""pink cup"",""white saucer""}",False,eva_bimanual,False,-1.0,True,s3://rldb/processed_v3/eva/2026-03-28-21-39-27-583000.zarr,,s3://rldb/processed_v3/eva/2026-03-28-21-39-27-583000.mp4,,,2026-03-28 21:39:27.583000+00:00,2026-07-31 21:45:36.954967+00:00,eva,success
2026-03-28-22-35-44-040000,Baoyu,rl2,499.0,cup_on_saucer_success_1,"pick up cup with one arm, hand it over to the other arm and place it on the saucer",white_wall,"{""pink cup"",""yellow saucer""}",False,eva_bimanual,False,-1.0,True,s3://rldb/processed_v3/eva/2026-03-28-22-35-44-040000.zarr,,s3://rldb/processed_v3/eva/2026-03-28-22-35-44-040000.mp4,,,2026-03-28 22:35:44.040000+00:00,2026-07-31 21:45:36.954967+00:00,eva,success
2026-03-28-19-36-42-673000,Baoyu,rl2,580.0,cup_on_saucer_success_1,"pick up cup with one arm, hand it over to the other arm and place it on the saucer",white_wall,"{""white ceramic cup"",""green square saucer""}",False,eva_bimanual,False,-1.0,True,s3://rldb/processed_v3/eva/2026-03-28-19-36-42-673000.zarr,,s3://rldb/processed_v3/eva/2026-03-28-19-36-42-673000.mp4,,,2026-03-28 19:36:42.673000+00:00,2026-07-31 21:45:36.954967+00:00,eva,success
2026-03-28-20-03-33-862000,Xinchen,rl2,788.0,cup_on_saucer_success_1,"pick up cup with one arm, hand it over to the other arm and place it on the saucer",white_wall,"{""pink cup"",""green square saucer""}",False,eva_bimanual,False,-1.0,True,s3://rldb/processed_v3/eva/2026-03-28-20-03-33-862000.zarr,,s3://rldb/processed_v3/eva/2026-03-28-20-03-33-862000.mp4,,,2026-03-28 20:03:33.862000+00:00,2026-07-31 21:45:36.954967+00:00,eva,success
2026-03-28-17-59-42-186000,Baoyu,rl2,511.0,cup_on_saucer_success_1,"pick up cup with one arm, hand it over to the other arm and place it on the saucer",white_wall,"{""white ceramic cup"",""yellow saucer""}",False,eva_bimanual,False,-1.0,True,s3://rldb/processed_v3/eva/2026-03-28-17-59-42-186000.zarr,,s3://rldb/processed_v3/eva/2026-03-28-17-59-42-186000.mp4,,,2026-03-28 17:59:42.186000+00:00,2026-07-31 21:45:36.954967+00:00,eva,success
2026-03-28-21-35-09-904000,Baoyu,rl2,631.0,cup_on_saucer_failure_1,"pick up cup with one arm, hand it over to the other arm and place it on the saucer",white_wall,"{""pink cup"",""white saucer""}",False,eva_bimanual,False,-1.0,True,s3://rldb/processed_v3/eva/2026-03-28-21-35-09-904000.zarr,,s3://rldb/processed_v3/eva/2026-03-28-21-35-09-904000.mp4,,,2026-03-28 21:35:09.904000+00:00,2026-07-31 21:45:36.954967+00:00,eva,failure
2026-03-28-00-05-34-017000,Xinchen,rl2,643.0,cup_on_saucer_success_1,"pick up cup with one arm, hand it over to the other arm and place it on the saucer",white_wall,"{""white cup"",""yellow saucer""}",False,eva_bimanual,False,-1.0,True,s3://rldb/processed_v3/eva/2026-03-28-00-05-34-017000.zarr,,s3://rldb/processed_v3/eva/2026-03-28-00-05-34-017000.mp4,,,2026-03-28 00:05:34.017000+00:00,2026-07-31 21:45:36.954967+00:00,eva,success
2026-03-28-18-43-15-280000,Xinchen,rl2,795.0,cup_on_saucer_success_1,"pick up cup with one arm, hand it over to the other arm and place it on the saucer",white_wall,"{""white ceramic cup"",""white saucer""}",False,eva_bimanual,False,-1.0,True,s3://rldb/processed_v3/eva/2026-03-28-18-43-15-280000.zarr,,s3://rldb/processed_v3/eva/2026-03-28-18-43-15-280000.mp4,,,2026-03-28 18:43:15.280000+00:00,2026-07-31 21:45:36.954967+00:00,eva,success
2026-03-28-01-34-05-552000,Xinchen,rl2,275.0,cup_on_saucer_failure_1,"pick up cup with one arm, hand it over to the other arm and place it on the saucer",white_wall,"{""white ceramic cup"",""white saucer""}",False,eva_bimanual,False,-1.0,True,s3://rldb/processed_v3/eva/2026-03-28-01-34-05-552000.zarr,,s3://rldb/processed_v3/eva/2026-03-28-01-34-05-552000.mp4,,,2026-03-28 01:34:05.552000+00:00,2026-07-31 21:45:36.954967+00:00,eva,failure
2026-03-28-18-20-48-634000,Baoyu,rl2,539.0,cup_on_saucer_success_1,"pick up cup with one arm, hand it over to the other arm and place it on the saucer",white_wall,"{""white ceramic cup"",""yellow saucer""}",False,eva_bimanual,False,-1.0,True,s3://rldb/processed_v3/eva/2026-03-28-18-20-48-634000.zarr,,s3://rldb/processed_v3/eva/2026-03-28-18-20-48-634000.mp4,,,2026-03-28 18:20:48.634000+00:00,2026-07-31 21:45:36.954967+00:00,eva,success
2026-03-27-23-02-01-079000,Baoyu,rl2,520.0,cup_on_saucer_success_1,"pick up cup with one arm, hand it over to the other arm and place it on the saucer",white_wall,"{""white cup"",""green square saucer""}",False,eva_bimanual,False,-1.0,True,s3://rldb/processed_v3/eva/2026-03-27-23-02-01-079000.zarr,,s3://rldb/processed_v3/eva/2026-03-27-23-02-01-079000.mp4,,,2026-03-27 23:02:01.079000+00:00,2026-07-31 21:45:36.954967+00:00,eva,success
2026-03-28-00-42-04-667000,Baoyu,rl2,496.0,cup_on_saucer_success_1,"pick up cup with one arm, hand it over to the other arm and place it on the saucer",white_wall,"{""white cup"",""white saucer""}",False,eva_bimanual,False,-1.0,True,s3://rldb/processed_v3/eva/2026-03-28-00-42-04-667000.zarr,,s3://rldb/processed_v3/eva/2026-03-28-00-42-04-667000.mp4,,,2026-03-28 00:42:04.667000+00:00,2026-07-31 21:45:36.954967+00:00,eva,success
2026-03-28-01-23-35-793000,Xinchen,rl2,774.0,cup_on_saucer_success_1,"pick up cup with one arm, hand it over to the other arm and place it on the saucer",white_wall,"{""white ceramic cup"",""white saucer""}",False,eva_bimanual,False,-1.0,True,s3://rldb/processed_v3/eva/2026-03-28-01-23-35-793000.zarr,,s3://rldb/processed_v3/eva/2026-03-28-01-23-35-793000.mp4,,,2026-03-28 01:23:35.793000+00:00,2026-07-31 21:45:36.954967+00:00,eva,success
2026-03-04-21-32-26-571000,EwCW-BuE_nA9dzbr,rl2,534.0,cup_on_saucer_success,"pick up cup with one arm, hand it over to the other arm and place it on the saucer",white_wall,"{""white cup"",""white saucer""}",False,eva_bimanual,False,-1.0,True,s3://rldb/processed_v3/eva/2026-03-04-21-32-26-571000.zarr,,s3://rldb/processed_v3/eva/2026-03-04-21-32-26-571000.mp4,CC BY-SA 4.0,,2026-03-04 21:32:26.571000+00:00,2026-07-31 21:45:36.954967+00:00,eva,success
2026-03-28-22-37-25-122000,Baoyu,rl2,479.0,cup_on_saucer_success_1,"pick up cup with one arm, hand it over to the other arm and place it on the saucer",white_wall,"{""pink cup"",""yellow saucer""}",False,eva_bimanual,False,-1.0,True,s3://rldb/processed_v3/eva/2026-03-28-22-37-25-122000.zarr,,s3://rldb/processed_v3/eva/2026-03-28-22-37-25-122000.mp4,,,2026-03-28 22:37:25.122000+00:00,2026-07-31 21:45:36.954967+00:00,eva,success
2026-03-08-20-30-24-000000,EwCW-BuE_nA9dzbr,rl2,5588.0,cup_on_saucer_success,"pick up cup with one arm, hand it over to the other arm and place it on the saucer",white_wall,"{""white cup"",""white saucer""}",False,human_bimanual,False,-1.0,True,s3://rldb/processed_v3/aria/2026-03-08-20-30-24-000000.zarr,,s3://rldb/processed_v3/aria/2026-03-08-20-30-24-000000.mp4,CC BY-SA 4.0,,2026-03-08 20:30:24+00:00,2026-07-31 21:45:36.954967+00:00,aria_gen1,success
2026-03-28-18-11-00-566000,Baoyu,rl2,629.0,cup_on_saucer_success_1,"pick up cup with one arm, hand it over to the other arm and place it on the saucer",white_wall,"{""white ceramic cup"",""yellow saucer""}",False,eva_bimanual,False,-1.0,True,s3://rldb/processed_v3/eva/2026-03-28-18-11-00-566000.zarr,,s3://rldb/processed_v3/eva/2026-03-28-18-11-00-566000.mp4,,,2026-03-28 18:11:00.566000+00:00,2026-07-31 21:45:36.954967+00:00,eva,success
2026-03-28-18-06-09-340000,Baoyu,rl2,584.0,cup_on_saucer_failure_1,"pick up cup with one arm, hand it over to the other arm and place it on the saucer",white_wall,"{""white ceramic cup"",""yellow saucer""}",False,eva_bimanual,False,-1.0,True,s3://rldb/processed_v3/eva/2026-03-28-18-06-09-340000.zarr,,s3://rldb/processed_v3/eva/2026-03-28-18-06-09-340000.mp4,,,2026-03-28 18:06:09.340000+00:00,2026-07-31 21:45:36.954967+00:00,eva,failure
2026-03-28-18-16-21-828000,Baoyu,rl2,702.0,cup_on_saucer_success_1,"pick up cup with one arm, hand it over to the other arm and place it on the saucer",white_wall,"{""white ceramic cup"",""yellow saucer""}",False,eva_bimanual,False,-1.0,True,s3://rldb/processed_v3/eva/2026-03-28-18-16-21-828000.zarr,,s3://rldb/processed_v3/eva/2026-03-28-18-16-21-828000.mp4,,,2026-03-28 18:16:21.828000+00:00,2026-07-31 21:45:36.954967+00:00,eva,success
2026-03-27-23-05-39-065000,Baoyu,rl2,526.0,cup_on_saucer_success_1,"pick up cup with one arm, hand it over to the other arm and place it on the saucer",white_wall,"{""white cup"",""green square saucer""}",False,eva_bimanual,False,-1.0,True,s3://rldb/processed_v3/eva/2026-03-27-23-05-39-065000.zarr,,s3://rldb/processed_v3/eva/2026-03-27-23-05-39-065000.mp4,,,2026-03-27 23:05:39.065000+00:00,2026-07-31 21:45:36.954967+00:00,eva,success
2026-03-27-23-58-30-831000,Xinchen,rl2,491.0,cup_on_saucer_success_1,"pick up cup with one arm, hand it over to the other arm and place it on the saucer",white_wall,"{""white cup"",""yellow saucer""}",False,eva_bimanual,False,-1.0,True,s3://rldb/processed_v3/eva/2026-03-27-23-58-30-831000.zarr,,s3://rldb/processed_v3/eva/2026-03-27-23-58-30-831000.mp4,,,2026-03-27 23:58:30.831000+00:00,2026-07-31 21:45:36.954967+00:00,eva,success
2026-03-28-00-22-23-866000,Xinchen,rl2,438.0,cup_on_saucer_success_1,"pick up cup with one arm, hand it over to the other arm and place it on the saucer",white_wall,"{""white cup"",""yellow saucer""}",False,eva_bimanual,False,-1.0,True,s3://rldb/processed_v3/eva/2026-03-28-00-22-23-866000.zarr,,s3://rldb/processed_v3/eva/2026-03-28-00-22-23-866000.mp4,,,2026-03-28 00:22:23.866000+00:00,2026-07-31 21:45:36.954967+00:00,eva,success
2026-03-28-00-26-09-040000,Xinchen,rl2,524.0,cup_on_saucer_success_1,"pick up cup with one arm, hand it over to the other arm and place it on the saucer",white_wall,"{""white cup"",""yellow saucer""}",False,eva_bimanual,False,-1.0,True,s3://rldb/processed_v3/eva/2026-03-28-00-26-09-040000.zarr,,s3://rldb/processed_v3/eva/2026-03-28-00-26-09-040000.mp4,,,2026-03-28 00:26:09.040000+00:00,2026-07-31 21:45:36.954967+00:00,eva,success
2026-03-28-21-47-29-590000,Baoyu,rl2,465.0,cup_on_saucer_success_1,"pick up cup with one arm, hand it over to the other arm and place it on the saucer",white_wall,"{""pink cup"",""white saucer""}",False,eva_bimanual,False,-1.0,True,s3://rldb/processed_v3/eva/2026-03-28-21-47-29-590000.zarr,,s3://rldb/processed_v3/eva/2026-03-28-21-47-29-590000.mp4,,,2026-03-28 21:47:29.590000+00:00,2026-07-31 21:45:36.954967+00:00,eva,success
2026-03-28-18-13-57-700000,Baoyu,rl2,412.0,cup_on_saucer_success_1,"pick up cup with one arm, hand it over to the other arm and place it on the saucer",white_wall,"{""white ceramic cup"",""yellow saucer""}",False,eva_bimanual,False,-1.0,True,s3://rldb/processed_v3/eva/2026-03-28-18-13-57-700000.zarr,,s3://rldb/processed_v3/eva/2026-03-28-18-13-57-700000.mp4,,,2026-03-28 18:13:57.700000+00:00,2026-07-31 21:45:36.954967+00:00,eva,success
2026-03-28-19-39-49-021000,Baoyu,rl2,553.0,cup_on_saucer_success_1,"pick up cup with one arm, hand it over to the other arm and place it on the saucer",white_wall,"{""white ceramic cup"",""green square saucer""}",False,eva_bimanual,False,-1.0,True,s3://rldb/processed_v3/eva/2026-03-28-19-39-49-021000.zarr,,s3://rldb/processed_v3/eva/2026-03-28-19-39-49-021000.mp4,,,2026-03-28 19:39:49.021000+00:00,2026-07-31 21:45:36.954967+00:00,eva,success
2026-03-28-19-56-12-339000,Xinchen,rl2,398.0,cup_on_saucer_failure_1,"pick up cup with one arm, hand it over to the other arm and place it on the saucer",white_wall,"{""pink cup"",""green square saucer""}",False,eva_bimanual,False,-1.0,True,s3://rldb/processed_v3/eva/2026-03-28-19-56-12-339000.zarr,,s3://rldb/processed_v3/eva/2026-03-28-19-56-12-339000.mp4,,,2026-03-28 19:56:12.339000+00:00,2026-07-31 21:45:36.954967+00:00,eva,failure
2026-03-28-00-04-48-084000,Xinchen,rl2,575.0,cup_on_saucer_success_1,"pick up cup with one arm, hand it over to the other arm and place it on the saucer",white_wall,"{""white cup"",""yellow saucer""}",False,eva_bimanual,False,-1.0,True,s3://rldb/processed_v3/eva/2026-03-28-00-04-48-084000.zarr,,s3://rldb/processed_v3/eva/2026-03-28-00-04-48-084000.mp4,,,2026-03-28 00:04:48.084000+00:00,2026-07-31 21:45:36.954967+00:00,eva,success
2026-03-28-18-38-19-996000,Xinchen,rl2,175.0,cup_on_saucer_failure_1,"pick up cup with one arm, hand it over to the other arm and place it on the saucer",white_wall,"{""white ceramic cup"",""white saucer""}",False,eva_bimanual,False,-1.0,True,s3://rldb/processed_v3/eva/2026-03-28-18-38-19-996000.zarr,,s3://rldb/processed_v3/eva/2026-03-28-18-38-19-996000.mp4,,,2026-03-28 18:38:19.996000+00:00,2026-07-31 21:45:36.954967+00:00,eva,failure
2026-03-28-00-12-08-343000,Xinchen,rl2,545.0,cup_on_saucer_success_1,"pick up cup with one arm, hand it over to the other arm and place it on the saucer",white_wall,"{""white cup"",""yellow saucer""}",False,eva_bimanual,False,-1.0,True,s3://rldb/processed_v3/eva/2026-03-28-00-12-08-343000.zarr,,s3://rldb/processed_v3/eva/2026-03-28-00-12-08-343000.mp4,,,2026-03-28 00:12:08.343000+00:00,2026-07-31 21:45:36.954967+00:00,eva,success
2026-03-28-01-04-35-348000,Baoyu,rl2,511.0,cup_on_saucer_success_1,"pick up cup with one arm, hand it over to the other arm and place it on the saucer",white_wall,"{""white cup"",""white saucer""}",False,eva_bimanual,False,-1.0,True,s3://rldb/processed_v3/eva/2026-03-28-01-04-35-348000.zarr,,s3://rldb/processed_v3/eva/2026-03-28-01-04-35-348000.mp4,,,2026-03-28 01:04:35.348000+00:00,2026-07-31 21:45:36.954967+00:00,eva,success
2026-03-28-01-25-00-543000,Xinchen,rl2,714.0,cup_on_saucer_success_1,"pick up cup with one arm, hand it over to the other arm and place it on the saucer",white_wall,"{""white ceramic cup"",""white saucer""}",False,eva_bimanual,False,-1.0,True,s3://rldb/processed_v3/eva/2026-03-28-01-25-00-543000.zarr,,s3://rldb/processed_v3/eva/2026-03-28-01-25-00-543000.mp4,,,2026-03-28 01:25:00.543000+00:00,2026-07-31 21:45:36.954967+00:00,eva,success
2026-03-28-22-14-06-503000,Baoyu,rl2,501.0,cup_on_saucer_success_1,"pick up cup with one arm, hand it over to the other arm and place it on the saucer",white_wall,"{""pink cup"",""white saucer""}",False,eva_bimanual,False,-1.0,True,s3://rldb/processed_v3/eva/2026-03-28-22-14-06-503000.zarr,,s3://rldb/processed_v3/eva/2026-03-28-22-14-06-503000.mp4,,,2026-03-28 22:14:06.503000+00:00,2026-07-31 21:45:36.954967+00:00,eva,success
2026-03-28-19-27-08-880000,Baoyu,rl2,478.0,cup_on_saucer_success_1,"pick up cup with one arm, hand it over to the other arm and place it on the saucer",white_wall,"{""white ceramic cup"",""green square saucer""}",False,eva_bimanual,False,-1.0,True,s3://rldb/processed_v3/eva/2026-03-28-19-27-08-880000.zarr,,s3://rldb/processed_v3/eva/2026-03-28-19-27-08-880000.mp4,,,2026-03-28 19:27:08.880000+00:00,2026-07-31 21:45:36.954967+00:00,eva,success
2026-03-01-21-35-07-432000,EwCW-BuE_nA9dzbr,rl2,2718.0,cup_on_saucer_failure,"pick up cup with one arm, hand it over to the other arm and place it on the saucer",white_wall,"{""white cup"",""white saucer""}",False,eva_bimanual,False,-1.0,True,s3://rldb/processed_v3/eva/2026-03-01-21-35-07-432000.zarr,,s3://rldb/processed_v3/eva/2026-03-01-21-35-07-432000.mp4,CC BY-SA 4.0,,2026-03-01 21:35:07.432000+00:00,2026-07-31 21:45:36.954967+00:00,eva,failure
2026-03-01-21-35-45-228000,EwCW-BuE_nA9dzbr,rl2,1184.0,cup_on_saucer_failure,"pick up cup with one arm, hand it over to the other arm and place it on the saucer",white_wall,"{""white cup"",""white saucer""}",False,eva_bimanual,False,-1.0,True,s3://rldb/processed_v3/eva/2026-03-01-21-35-45-228000.zarr,,s3://rldb/processed_v3/eva/2026-03-01-21-35-45-228000.mp4,CC BY-SA 4.0,,2026-03-01 21:35:45.228000+00:00,2026-07-31 21:45:36.954967+00:00,eva,failure
2026-03-04-19-22-26-435000,EwCW-BuE_nA9dzbr,rl2,558.0,cup_on_saucer_success,"pick up cup with one arm, hand it over to the other arm and place it on the saucer",white_wall,"{""white cup"",""green square saucer""}",False,eva_bimanual,False,-1.0,True,s3://rldb/processed_v3/eva/2026-03-04-19-22-26-435000.zarr,,s3://rldb/processed_v3/eva/2026-03-04-19-22-26-435000.mp4,CC BY-SA 4.0,,2026-03-04 19:22:26.435000+00:00,2026-07-31 21:45:36.954967+00:00,eva,success
2026-03-04-19-15-54-783000,EwCW-BuE_nA9dzbr,rl2,778.0,cup_on_saucer_success,"pick up cup with one arm, hand it over to the other arm and place it on the saucer",white_wall,"{""white cup"",""green square saucer""}",False,eva_bimanual,False,-1.0,True,s3://rldb/processed_v3/eva/2026-03-04-19-15-54-783000.zarr,,s3://rldb/processed_v3/eva/2026-03-04-19-15-54-783000.mp4,CC BY-SA 4.0,,2026-03-04 19:15:54.783000+00:00,2026-07-31 21:45:36.954967+00:00,eva,success
2026-03-28-17-56-05-851000,Baoyu,rl2,601.0,cup_on_saucer_success_1,"pick up cup with one arm, hand it over to the other arm and place it on the saucer",white_wall,"{""white ceramic cup"",""yellow saucer""}",False,eva_bimanual,False,-1.0,True,s3://rldb/processed_v3/eva/2026-03-28-17-56-05-851000.zarr,,s3://rldb/processed_v3/eva/2026-03-28-17-56-05-851000.mp4,,,2026-03-28 17:56:05.851000+00:00,2026-07-31 21:45:36.954967+00:00,eva,success
2026-03-28-01-32-01-884000,Xinchen,rl2,250.0,cup_on_saucer_failure_1,"pick up cup with one arm, hand it over to the other arm and place it on the saucer",white_wall,"{""white ceramic cup"",""white saucer""}",False,eva_bimanual,False,-1.0,True,s3://rldb/processed_v3/eva/2026-03-28-01-32-01-884000.zarr,,s3://rldb/processed_v3/eva/2026-03-28-01-32-01-884000.mp4,,,2026-03-28 01:32:01.884000+00:00,2026-07-31 21:45:36.954967+00:00,eva,failure
2026-03-28-22-20-57-758000,Baoyu,rl2,476.0,cup_on_saucer_success_1,"pick up cup with one arm, hand it over to the other arm and place it on the saucer",white_wall,"{""pink cup"",""yellow saucer""}",False,eva_bimanual,False,-1.0,True,s3://rldb/processed_v3/eva/2026-03-28-22-20-57-758000.zarr,,s3://rldb/processed_v3/eva/2026-03-28-22-20-57-758000.mp4,,,2026-03-28 22:20:57.758000+00:00,2026-07-31 21:45:36.954967+00:00,eva,success
2026-03-28-22-33-19-074000,Baoyu,rl2,503.0,cup_on_saucer_success_1,"pick up cup with one arm, hand it over to the other arm and place it on the saucer",white_wall,"{""pink cup"",""yellow saucer""}",False,eva_bimanual,False,-1.0,True,s3://rldb/processed_v3/eva/2026-03-28-22-33-19-074000.zarr,,s3://rldb/processed_v3/eva/2026-03-28-22-33-19-074000.mp4,,,2026-03-28 22:33:19.074000+00:00,2026-07-31 21:45:36.954967+00:00,eva,success
2026-03-28-22-24-37-517000,Baoyu,rl2,563.0,cup_on_saucer_success_1,"pick up cup with one arm, hand it over to the other arm and place it on the saucer",white_wall,"{""pink cup"",""yellow saucer""}",False,eva_bimanual,False,-1.0,True,s3://rldb/processed_v3/eva/2026-03-28-22-24-37-517000.zarr,,s3://rldb/processed_v3/eva/2026-03-28-22-24-37-517000.mp4,,,2026-03-28 22:24:37.517000+00:00,2026-07-31 21:45:36.954967+00:00,eva,success
2026-03-28-18-47-39-379000,Xinchen,rl2,554.0,cup_on_saucer_success_1,"pick up cup with one arm, hand it over to the other arm and place it on the saucer",white_wall,"{""white ceramic cup"",""white saucer""}",False,eva_bimanual,False,-1.0,True,s3://rldb/processed_v3/eva/2026-03-28-18-47-39-379000.zarr,,s3://rldb/processed_v3/eva/2026-03-28-18-47-39-379000.mp4,,,2026-03-28 18:47:39.379000+00:00,2026-07-31 21:45:36.954967+00:00,eva,success
2026-03-28-22-39-09-445000,Baoyu,rl2,565.0,cup_on_saucer_success_1,"pick up cup with one arm, hand it over to the other arm and place it on the saucer",white_wall,"{""pink cup"",""yellow saucer""}",False,eva_bimanual,False,-1.0,True,s3://rldb/processed_v3/eva/2026-03-28-22-39-09-445000.zarr,,s3://rldb/processed_v3/eva/2026-03-28-22-39-09-445000.mp4,,,2026-03-28 22:39:09.445000+00:00,2026-07-31 21:45:36.954967+00:00,eva,success
2026-03-28-22-31-12-196000,Baoyu,rl2,554.0,cup_on_saucer_success_1,"pick up cup with one arm, hand it over to the other arm and place it on the saucer",white_wall,"{""pink cup"",""yellow saucer""}",False,eva_bimanual,False,-1.0,True,s3://rldb/processed_v3/eva/2026-03-28-22-31-12-196000.zarr,,s3://rldb/processed_v3/eva/2026-03-28-22-31-12-196000.mp4,,,2026-03-28 22:31:12.196000+00:00,2026-07-31 21:45:36.954967+00:00,eva,success
2026-03-28-18-20-01-643000,Baoyu,rl2,218.0,cup_on_saucer_failure_1,"pick up cup with one arm, hand it over to the other arm and place it on the saucer",white_wall,"{""white ceramic cup"",""yellow saucer""}",False,eva_bimanual,False,-1.0,True,s3://rldb/processed_v3/eva/2026-03-28-18-20-01-643000.zarr,,s3://rldb/processed_v3/eva/2026-03-28-18-20-01-643000.mp4,,,2026-03-28 18:20:01.643000+00:00,2026-07-31 21:45:36.954967+00:00,eva,failure
2026-03-28-20-08-16-160000,Xinchen,rl2,623.0,cup_on_saucer_success_1,"pick up cup with one arm, hand it over to the other arm and place it on the saucer",white_wall,"{""pink cup"",""green square saucer""}",False,eva_bimanual,False,-1.0,True,s3://rldb/processed_v3/eva/2026-03-28-20-08-16-160000.zarr,,s3://rldb/processed_v3/eva/2026-03-28-20-08-16-160000.mp4,,,2026-03-28 20:08:16.160000+00:00,2026-07-31 21:45:36.954967+00:00,eva,success
2026-03-28-19-26-36-266000,Baoyu,rl2,495.0,cup_on_saucer_success_1,"pick up cup with one arm, hand it over to the other arm and place it on the saucer",white_wall,"{""white ceramic cup"",""green square saucer""}",False,eva_bimanual,False,-1.0,True,s3://rldb/processed_v3/eva/2026-03-28-19-26-36-266000.zarr,,s3://rldb/processed_v3/eva/2026-03-28-19-26-36-266000.mp4,,,2026-03-28 19:26:36.266000+00:00,2026-07-31 21:45:36.954967+00:00,eva,success
2026-03-28-18-09-32-644000,Baoyu,rl2,406.0,cup_on_saucer_failure_1,"pick up cup with one arm, hand it over to the other arm and place it on the saucer",white_wall,"{""white ceramic cup"",""yellow saucer""}",False,eva_bimanual,False,-1.0,True,s3://rldb/processed_v3/eva/2026-03-28-18-09-32-644000.zarr,,s3://rldb/processed_v3/eva/2026-03-28-18-09-32-644000.mp4,,,2026-03-28 18:09:32.644000+00:00,2026-07-31 21:45:36.954967+00:00,eva,failure
2026-03-28-20-13-12-307000,Xinchen,rl2,621.0,cup_on_saucer_success_1,"pick up cup with one arm, hand it over to the other arm and place it on the saucer",white_wall,"{""pink cup"",""green square saucer""}",False,eva_bimanual,False,-1.0,True,s3://rldb/processed_v3/eva/2026-03-28-20-13-12-307000.zarr,,s3://rldb/processed_v3/eva/2026-03-28-20-13-12-307000.mp4,,,2026-03-28 20:13:12.307000+00:00,2026-07-31 21:45:36.954967+00:00,eva,success
2026-03-28-00-28-33-353000,Xinchen,rl2,552.0,cup_on_saucer_success_1,"pick up cup with one arm, hand it over to the other arm and place it on the saucer",white_wall,"{""white cup"",""yellow saucer""}",False,eva_bimanual,False,-1.0,True,s3://rldb/processed_v3/eva/2026-03-28-00-28-33-353000.zarr,,s3://rldb/processed_v3/eva/2026-03-28-00-28-33-353000.mp4,,,2026-03-28 00:28:33.353000+00:00,2026-07-31 21:45:36.954967+00:00,eva,success
2026-03-28-21-53-13-515000,Baoyu,rl2,537.0,cup_on_saucer_success_1,"pick up cup with one arm, hand it over to the other arm and place it on the saucer",white_wall,"{""pink cup"",""white saucer""}",False,eva_bimanual,False,-1.0,True,s3://rldb/processed_v3/eva/2026-03-28-21-53-13-515000.zarr,,s3://rldb/processed_v3/eva/2026-03-28-21-53-13-515000.mp4,,,2026-03-28 21:53:13.515000+00:00,2026-07-31 21:45:36.954967+00:00,eva,success
2026-03-28-22-27-21-163000,Baoyu,rl2,541.0,cup_on_saucer_success_1,"pick up cup with one arm, hand it over to the other arm and place it on the saucer",white_wall,"{""pink cup"",""yellow saucer""}",False,eva_bimanual,False,-1.0,True,s3://rldb/processed_v3/eva/2026-03-28-22-27-21-163000.zarr,,s3://rldb/processed_v3/eva/2026-03-28-22-27-21-163000.mp4,,,2026-03-28 22:27:21.163000+00:00,2026-07-31 21:45:36.954967+00:00,eva,success
2026-03-28-18-51-59-119000,Xinchen,rl2,604.0,cup_on_saucer_success_1,"pick up cup with one arm, hand it over to the other arm and place it on the saucer",white_wall,"{""white ceramic cup"",""white saucer""}",False,eva_bimanual,False,-1.0,True,s3://rldb/processed_v3/eva/2026-03-28-18-51-59-119000.zarr,,s3://rldb/processed_v3/eva/2026-03-28-18-51-59-119000.mp4,,,2026-03-28 18:51:59.119000+00:00,2026-07-31 21:45:36.954967+00:00,eva,success
2026-03-28-19-48-47-885000,Xinchen,rl2,671.0,cup_on_saucer_success_1,"pick up cup with one arm, hand it over to the other arm and place it on the saucer",white_wall,"{""pink cup"",""green square saucer""}",False,eva_bimanual,False,-1.0,True,s3://rldb/processed_v3/eva/2026-03-28-19-48-47-885000.zarr,,s3://rldb/processed_v3/eva/2026-03-28-19-48-47-885000.mp4,,,2026-03-28 19:48:47.885000+00:00,2026-07-31 21:45:36.954967+00:00,eva,success
2026-03-28-20-14-34-497000,Xinchen,rl2,616.0,cup_on_saucer_success_1,"pick up cup with one arm, hand it over to the other arm and place it on the saucer",white_wall,"{""pink cup"",""green square saucer""}",False,eva_bimanual,False,-1.0,True,s3://rldb/processed_v3/eva/2026-03-28-20-14-34-497000.zarr,,s3://rldb/processed_v3/eva/2026-03-28-20-14-34-497000.mp4,,,2026-03-28 20:14:34.497000+00:00,2026-07-31 21:45:36.954967+00:00,eva,success
2026-03-27-23-56-47-530000,Xinchen,rl2,668.0,cup_on_saucer_failure_1,"pick up cup with one arm, hand it over to the other arm and place it on the saucer",white_wall,"{""white cup"",""yellow saucer""}",False,eva_bimanual,False,-1.0,True,s3://rldb/processed_v3/eva/2026-03-27-23-56-47-530000.zarr,,s3://rldb/processed_v3/eva/2026-03-27-23-56-47-530000.mp4,,,2026-03-27 23:56:47.530000+00:00,2026-07-31 21:45:36.954967+00:00,eva,failure
2026-03-28-20-09-58-871000,Xinchen,rl2,649.0,cup_on_saucer_success_1,"pick up cup with one arm, hand it over to the other arm and place it on the saucer",white_wall,"{""pink cup"",""green square saucer""}",False,eva_bimanual,False,-1.0,True,s3://rldb/processed_v3/eva/2026-03-28-20-09-58-871000.zarr,,s3://rldb/processed_v3/eva/2026-03-28-20-09-58-871000.mp4,,,2026-03-28 20:09:58.871000+00:00,2026-07-31 21:45:36.954967+00:00,eva,success
2026-03-28-00-52-39-521000,Baoyu,rl2,522.0,cup_on_saucer_success_1,"pick up cup with one arm, hand it over to the other arm and place it on the saucer",white_wall,"{""white cup"",""white saucer""}",False,eva_bimanual,False,-1.0,True,s3://rldb/processed_v3/eva/2026-03-28-00-52-39-521000.zarr,,s3://rldb/processed_v3/eva/2026-03-28-00-52-39-521000.mp4,,,2026-03-28 00:52:39.521000+00:00,2026-07-31 21:45:36.954967+00:00,eva,success
2026-03-28-18-07-30-528000,Baoyu,rl2,557.0,cup_on_saucer_success_1,"pick up cup with one arm, hand it over to the other arm and place it on the saucer",white_wall,"{""white ceramic cup"",""yellow saucer""}",False,eva_bimanual,False,-1.0,True,s3://rldb/processed_v3/eva/2026-03-28-18-07-30-528000.zarr,,s3://rldb/processed_v3/eva/2026-03-28-18-07-30-528000.mp4,,,2026-03-28 18:07:30.528000+00:00,2026-07-31 21:45:36.954967+00:00,eva,success
2026-03-28-19-07-16-024000,Baoyu,rl2,545.0,cup_on_saucer_success_1,"pick up cup with one arm, hand it over to the other arm and place it on the saucer",white_wall,"{""white ceramic cup"",""green square saucer""}",False,eva_bimanual,False,-1.0,True,s3://rldb/processed_v3/eva/2026-03-28-19-07-16-024000.zarr,,s3://rldb/processed_v3/eva/2026-03-28-19-07-16-024000.mp4,,,2026-03-28 19:07:16.024000+00:00,2026-07-31 21:45:36.954967+00:00,eva,success
2026-03-04-20-25-38-901000,EwCW-BuE_nA9dzbr,rl2,838.0,cup_on_saucer_failure,"pick up cup with one arm, hand it over to the other arm and place it on the saucer",white_wall,"{""white cup"",""yellow saucer""}",False,eva_bimanual,False,-1.0,True,s3://rldb/processed_v3/eva/2026-03-04-20-25-38-901000.zarr,,s3://rldb/processed_v3/eva/2026-03-04-20-25-38-901000.mp4,CC BY-SA 4.0,,2026-03-04 20:25:38.901000+00:00,2026-07-31 21:45:36.954967+00:00,eva,failure
2026-03-04-20-27-05-933000,EwCW-BuE_nA9dzbr,rl2,654.0,cup_on_saucer_failure,"pick up cup with one arm, hand it over to the other arm and place it on the saucer",white_wall,"{""white cup"",""yellow saucer""}",False,eva_bimanual,False,-1.0,True,s3://rldb/processed_v3/eva/2026-03-04-20-27-05-933000.zarr,,s3://rldb/processed_v3/eva/2026-03-04-20-27-05-933000.mp4,CC BY-SA 4.0,,2026-03-04 20:27:05.933000+00:00,2026-07-31 21:45:36.954967+00:00,eva,failure
2026-03-04-22-40-08-505000,pB5ssSy__hBrm6wJ,rl2,438.0,cup_on_saucer_success,"pick up cup with one arm, hand it over to the other arm and place it on the saucer",white_wall,"{""pink cup"",""green saucer""}",False,eva_bimanual,False,-1.0,True,s3://rldb/processed_v3/eva/2026-03-04-22-40-08-505000.zarr,,s3://rldb/processed_v3/eva/2026-03-04-22-40-08-505000.mp4,CC BY-SA 4.0,,2026-03-04 22:40:08.505000+00:00,2026-07-31 21:45:36.954967+00:00,eva,success
2026-03-04-21-33-18-448000,EwCW-BuE_nA9dzbr,rl2,604.0,cup_on_saucer_success,"pick up cup with one arm, hand it over to the other arm and place it on the saucer",white_wall,"{""white cup"",""white saucer""}",False,eva_bimanual,False,-1.0,True,s3://rldb/processed_v3/eva/2026-03-04-21-33-18-448000.zarr,,s3://rldb/processed_v3/eva/2026-03-04-21-33-18-448000.mp4,CC BY-SA 4.0,,2026-03-04 21:33:18.448000+00:00,2026-07-31 21:45:36.954967+00:00,eva,success
2026-03-08-20-08-02-298000,pB5ssSy__hBrm6wJ,rl2,5221.0,cup_on_saucer_success,"pick up cup with one arm, hand it over to the other arm and place it on the saucer",white_wall,"{""white ceramic cup"",""yellow saucer""}",False,human_bimanual,False,-1.0,True,s3://rldb/processed_v3/aria/2026-03-08-20-08-02-298000.zarr,,s3://rldb/processed_v3/aria/2026-03-08-20-08-02-298000.mp4,CC BY-SA 4.0,,2026-03-08 20:08:02.298000+00:00,2026-07-31 21:45:36.954967+00:00,aria_gen1,success
2026-03-08-20-02-37-689000,pB5ssSy__hBrm6wJ,rl2,4949.0,cup_on_saucer_success,"pick up cup with one arm, hand it over to the other arm and place it on the saucer",white_wall,"{""white ceramic cup"",""green square saucer""}",False,human_bimanual,False,-1.0,True,s3://rldb/processed_v3/aria/2026-03-08-20-02-37-689000.zarr,,s3://rldb/processed_v3/aria/2026-03-08-20-02-37-689000.mp4,CC BY-SA 4.0,,2026-03-08 20:02:37.689000+00:00,2026-07-31 21:45:36.954967+00:00,aria_gen1,success
2026-03-07-02-13-21-000000,pB5ssSy__hBrm6wJ,rl2,4386.0,cup_on_saucer_success,"pick up cup with one arm, hand it over to the other arm and place it on the saucer",white_wall,"{""pink cup"",""white saucer""}",False,human_bimanual,False,-1.0,True,s3://rldb/processed_v3/aria/2026-03-07-02-13-21-000000.zarr,,s3://rldb/processed_v3/aria/2026-03-07-02-13-21-000000.mp4,CC BY-SA 4.0,,2026-03-07 02:13:21+00:00,2026-07-31 21:45:36.954967+00:00,aria_gen1,success
2026-03-10-17-37-23-020000,pB5ssSy__hBrm6wJ,rl2,4854.0,cup_on_saucer_success,"pick up cup with one arm, hand it over to the other arm and place it on the saucer",white_wall,"{""pink cup"",""green square saucer""}",False,human_bimanual,False,-1.0,True,s3://rldb/processed_v3/aria/2026-03-10-17-37-23-020000.zarr,,s3://rldb/processed_v3/aria/2026-03-10-17-37-23-020000.mp4,CC BY-SA 4.0,,2026-03-10 17:37:23.020000+00:00,2026-07-31 21:45:36.954967+00:00,aria_gen1,success
2026-03-04-18-39-30-515000,pB5ssSy__hBrm6wJ,rl2,412.0,cup_on_saucer_success,"pick up cup with one arm, hand it over to the other arm and place it on the saucer",white_wall,"{""white ceramic cup"",""green square saucer""}",False,eva_bimanual,False,-1.0,True,s3://rldb/processed_v3/eva/2026-03-04-18-39-30-515000.zarr,,s3://rldb/processed_v3/eva/2026-03-04-18-39-30-515000.mp4,CC BY-SA 4.0,,2026-03-04 18:39:30.515000+00:00,2026-07-31 21:45:36.954967+00:00,eva,success
2026-03-04-19-46-29-648000,__zQ0kS-xjtwKdGt,rl2,592.0,cup_on_saucer_success,"pick up cup with one arm, hand it over to the other arm and place it on the saucer",white_wall,"{""white ceramic cup"",""yellow saucer""}",False,eva_bimanual,False,-1.0,True,s3://rldb/processed_v3/eva/2026-03-04-19-46-29-648000.zarr,,s3://rldb/processed_v3/eva/2026-03-04-19-46-29-648000.mp4,CC BY-SA 4.0,,2026-03-04 19:46:29.648000+00:00,2026-07-31 21:45:36.954967+00:00,eva,success
2026-03-04-21-52-49-242000,__zQ0kS-xjtwKdGt,rl2,425.0,cup_on_saucer_success,"pick up cup with one arm, hand it over to the other arm and place it on the saucer",white_wall,"{""white ceramic cup"",""white saucer""}",False,eva_bimanual,False,-1.0,True,s3://rldb/processed_v3/eva/2026-03-04-21-52-49-242000.zarr,,s3://rldb/processed_v3/eva/2026-03-04-21-52-49-242000.mp4,CC BY-SA 4.0,,2026-03-04 21:52:49.242000+00:00,2026-07-31 21:45:36.954967+00:00,eva,success
2026-03-04-20-29-16-492000,EwCW-BuE_nA9dzbr,rl2,753.0,cup_on_saucer_success,"pick up cup with one arm, hand it over to the other arm and place it on the saucer",white_wall,"{""white cup"",""yellow saucer""}",False,eva_bimanual,False,-1.0,True,s3://rldb/processed_v3/eva/2026-03-04-20-29-16-492000.zarr,,s3://rldb/processed_v3/eva/2026-03-04-20-29-16-492000.mp4,CC BY-SA 4.0,,2026-03-04 20:29:16.492000+00:00,2026-07-31 21:45:36.954967+00:00,eva,success
2026-03-02-15-47-28-811000,pB5ssSy__hBrm6wJ,rl2,1650.0,cup_on_saucer_failure,"pick up cup with one arm, hand it over to the other arm and place it on the saucer",white_wall,"{""pink cup"",""white saucer""}",False,eva_bimanual,False,-1.0,True,s3://rldb/processed_v3/eva/2026-03-02-15-47-28-811000.zarr,,s3://rldb/processed_v3/eva/2026-03-02-15-47-28-811000.mp4,CC BY-SA 4.0,,2026-03-02 15:47:28.811000+00:00,2026-07-31 21:45:36.954967+00:00,eva,failure
2026-03-04-21-59-55-784000,__zQ0kS-xjtwKdGt,rl2,517.0,cup_on_saucer_success,"pick up cup with one arm, hand it over to the other arm and place it on the saucer",white_wall,"{""white ceramic cup"",""white saucer""}",False,eva_bimanual,False,-1.0,True,s3://rldb/processed_v3/eva/2026-03-04-21-59-55-784000.zarr,,s3://rldb/processed_v3/eva/2026-03-04-21-59-55-784000.mp4,CC BY-SA 4.0,,2026-03-04 21:59:55.784000+00:00,2026-07-31 21:45:36.954967+00:00,eva,success
2026-03-04-20-40-54-803000,EwCW-BuE_nA9dzbr,rl2,1013.0,cup_on_saucer_success,"pick up cup with one arm, hand it over to the other arm and place it on the saucer",white_wall,"{""white cup"",""yellow saucer""}",False,eva_bimanual,False,-1.0,True,s3://rldb/processed_v3/eva/2026-03-04-20-40-54-803000.zarr,,s3://rldb/processed_v3/eva/2026-03-04-20-40-54-803000.mp4,CC BY-SA 4.0,,2026-03-04 20:40:54.803000+00:00,2026-07-31 21:45:36.954967+00:00,eva,success
2026-03-01-21-40-48-862000,EwCW-BuE_nA9dzbr,rl2,1714.0,cup_on_saucer_failure,"pick up cup with one arm, hand it over to the other arm and place it on the saucer",white_wall,"{""white cup"",""white saucer""}",False,eva_bimanual,False,-1.0,True,s3://rldb/processed_v3/eva/2026-03-01-21-40-48-862000.zarr,,s3://rldb/processed_v3/eva/2026-03-01-21-40-48-862000.mp4,CC BY-SA 4.0,,2026-03-01 21:40:48.862000+00:00,2026-07-31 21:45:36.954967+00:00,eva,failure
2026-03-01-21-55-48-525000,__zQ0kS-xjtwKdGt,rl2,2466.0,cup_on_saucer_failure,"pick up cup with one arm, hand it over to the other arm and place it on the saucer",white_wall,"[""white ceramic cup"", ""white saucer""]",False,eva_bimanual,False,-1.0,True,s3://rldb/processed_v3/eva/2026-03-01-21-55-48-525000.zarr,,s3://rldb/processed_v3/eva/2026-03-01-21-55-48-525000.mp4,CC BY-SA 4.0,,2026-03-01 21:55:48.525000+00:00,2026-07-31 21:45:36.954967+00:00,eva,failure
2026-03-04-19-10-46-249000,EwCW-BuE_nA9dzbr,rl2,529.0,cup_on_saucer_failure,"pick up cup with one arm, hand it over to the other arm and place it on the saucer",white_wall,"{""white cup"",""green square saucer""}",False,eva_bimanual,False,-1.0,True,s3://rldb/processed_v3/eva/2026-03-04-19-10-46-249000.zarr,,s3://rldb/processed_v3/eva/2026-03-04-19-10-46-249000.mp4,CC BY-SA 4.0,,2026-03-04 19:10:46.249000+00:00,2026-07-31 21:45:36.954967+00:00,eva,failure
2026-03-04-19-51-43-803000,__zQ0kS-xjtwKdGt,rl2,619.0,cup_on_saucer_success,"pick up cup with one arm, hand it over to the other arm and place it on the saucer",white_wall,"{""white ceramic cup"",""yellow saucer""}",False,eva_bimanual,False,-1.0,True,s3://rldb/processed_v3/eva/2026-03-04-19-51-43-803000.zarr,,s3://rldb/processed_v3/eva/2026-03-04-19-51-43-803000.mp4,CC BY-SA 4.0,,2026-03-04 19:51:43.803000+00:00,2026-07-31 21:45:36.954967+00:00,eva,success
2026-03-04-19-17-47-181000,EwCW-BuE_nA9dzbr,rl2,748.0,cup_on_saucer_success,"pick up cup with one arm, hand it over to the other arm and place it on the saucer",white_wall,"{""white cup"",""green square saucer""}",False,eva_bimanual,False,-1.0,True,s3://rldb/processed_v3/eva/2026-03-04-19-17-47-181000.zarr,,s3://rldb/processed_v3/eva/2026-03-04-19-17-47-181000.mp4,CC BY-SA 4.0,,2026-03-04 19:17:47.181000+00:00,2026-07-31 21:45:36.954967+00:00,eva,success
2026-03-04-19-50-33-644000,__zQ0kS-xjtwKdGt,rl2,723.0,cup_on_saucer_success,"pick up cup with one arm, hand it over to the other arm and place it on the saucer",white_wall,"{""white ceramic cup"",""yellow saucer""}",False,eva_bimanual,False,-1.0,True,s3://rldb/processed_v3/eva/2026-03-04-19-50-33-644000.zarr,,s3://rldb/processed_v3/eva/2026-03-04-19-50-33-644000.mp4,CC BY-SA 4.0,,2026-03-04 19:50:33.644000+00:00,2026-07-31 21:45:36.954967+00:00,eva,success
2026-03-04-22-36-41-517000,pB5ssSy__hBrm6wJ,rl2,420.0,cup_on_saucer_failure,"pick up cup with one arm, hand it over to the other arm and place it on the saucer",white_wall,"{""pink cup"",""green saucer""}",False,eva_bimanual,False,-1.0,True,s3://rldb/processed_v3/eva/2026-03-04-22-36-41-517000.zarr,,s3://rldb/processed_v3/eva/2026-03-04-22-36-41-517000.mp4,CC BY-SA 4.0,,2026-03-04 22:36:41.517000+00:00,2026-07-31 21:45:36.954967+00:00,eva,failure
2026-03-04-22-36-28-646000,pB5ssSy__hBrm6wJ,rl2,501.0,cup_on_saucer_failure,"pick up cup with one arm, hand it over to the other arm and place it on the saucer",white_wall,"{""pink cup"",""green saucer""}",False,eva_bimanual,False,-1.0,True,s3://rldb/processed_v3/eva/2026-03-04-22-36-28-646000.zarr,,s3://rldb/processed_v3/eva/2026-03-04-22-36-28-646000.mp4,CC BY-SA 4.0,,2026-03-04 22:36:28.646000+00:00,2026-07-31 21:45:36.954967+00:00,eva,failure
2026-03-01-21-50-17-539000,__zQ0kS-xjtwKdGt,rl2,2176.0,cup_on_saucer_success,"pick up cup with one arm, hand it over to the other arm and place it on the saucer",white_wall,"{""white ceramic cup"",""white saucer""}",False,eva_bimanual,False,-1.0,True,s3://rldb/processed_v3/eva/2026-03-01-21-50-17-539000.zarr,,s3://rldb/processed_v3/eva/2026-03-01-21-50-17-539000.mp4,CC BY-SA 4.0,,2026-03-01 21:50:17.539000+00:00,2026-07-31 21:45:36.954967+00:00,eva,success
2026-03-01-21-54-09-086000,__zQ0kS-xjtwKdGt,rl2,2018.0,cup_on_saucer_success,"pick up cup with one arm, hand it over to the other arm and place it on the saucer",white_wall,"{""white ceramic cup"",""white saucer""}",False,eva_bimanual,False,-1.0,True,s3://rldb/processed_v3/eva/2026-03-01-21-54-09-086000.zarr,,s3://rldb/processed_v3/eva/2026-03-01-21-54-09-086000.mp4,CC BY-SA 4.0,,2026-03-01 21:54:09.086000+00:00,2026-07-31 21:45:36.954967+00:00,eva,success
2026-03-01-21-57-55-252000,__zQ0kS-xjtwKdGt,rl2,1962.0,cup_on_saucer_failure,"pick up cup with one arm, hand it over to the other arm and place it on the saucer",white_wall,"[""white ceramic cup"", ""white saucer""]",False,eva_bimanual,False,-1.0,True,s3://rldb/processed_v3/eva/2026-03-01-21-57-55-252000.zarr,,s3://rldb/processed_v3/eva/2026-03-01-21-57-55-252000.mp4,CC BY-SA 4.0,,2026-03-01 21:57:55.252000+00:00,2026-07-31 21:45:36.954967+00:00,eva,failure
2026-03-01-22-01-25-912000,__zQ0kS-xjtwKdGt,rl2,2556.0,cup_on_saucer_success,"pick up cup with one arm, hand it over to the other arm and place it on the saucer",white_wall,"{""white ceramic cup"",""white saucer""}",False,eva_bimanual,False,-1.0,True,s3://rldb/processed_v3/eva/2026-03-01-22-01-25-912000.zarr,,s3://rldb/processed_v3/eva/2026-03-01-22-01-25-912000.mp4,CC BY-SA 4.0,,2026-03-01 22:01:25.912000+00:00,2026-07-31 21:45:36.954967+00:00,eva,success
2026-03-02-15-45-02-564000,pB5ssSy__hBrm6wJ,rl2,2094.0,cup_on_saucer_success,"pick up cup with one arm, hand it over to the other arm and place it on the saucer",white_wall,"{""pink cup"",""white saucer""}",False,eva_bimanual,False,-1.0,True,s3://rldb/processed_v3/eva/2026-03-02-15-45-02-564000.zarr,,s3://rldb/processed_v3/eva/2026-03-02-15-45-02-564000.mp4,CC BY-SA 4.0,,2026-03-02 15:45:02.564000+00:00,2026-07-31 21:45:36.954967+00:00,eva,success
2026-03-04-20-27-43-462000,EwCW-BuE_nA9dzbr,rl2,609.0,cup_on_saucer_success,"pick up cup with one arm, hand it over to the other arm and place it on the saucer",white_wall,"{""white cup"",""yellow saucer""}",False,eva_bimanual,False,-1.0,True,s3://rldb/processed_v3/eva/2026-03-04-20-27-43-462000.zarr,,s3://rldb/processed_v3/eva/2026-03-04-20-27-43-462000.mp4,CC BY-SA 4.0,,2026-03-04 20:27:43.462000+00:00,2026-07-31 21:45:36.954967+00:00,eva,success
2026-03-04-20-39-16-676000,EwCW-BuE_nA9dzbr,rl2,678.0,cup_on_saucer_success,"pick up cup with one arm, hand it over to the other arm and place it on the saucer",white_wall,"{""white cup"",""yellow saucer""}",False,eva_bimanual,False,-1.0,True,s3://rldb/processed_v3/eva/2026-03-04-20-39-16-676000.zarr,,s3://rldb/processed_v3/eva/2026-03-04-20-39-16-676000.mp4,CC BY-SA 4.0,,2026-03-04 20:39:16.676000+00:00,2026-07-31 21:45:36.954967+00:00,eva,success
2026-03-04-20-36-57-035000,EwCW-BuE_nA9dzbr,rl2,986.0,cup_on_saucer_success,"pick up cup with one arm, hand it over to the other arm and place it on the saucer",white_wall,"{""white cup"",""yellow saucer""}",False,eva_bimanual,False,-1.0,True,s3://rldb/processed_v3/eva/2026-03-04-20-36-57-035000.zarr,,s3://rldb/processed_v3/eva/2026-03-04-20-36-57-035000.mp4,CC BY-SA 4.0,,2026-03-04 20:36:57.035000+00:00,2026-07-31 21:45:36.954967+00:00,eva,success
2026-03-04-21-21-16-043000,EwCW-BuE_nA9dzbr,rl2,497.0,cup_on_saucer_failure,"pick up cup with one arm, hand it over to the other arm and place it on the saucer",white_wall,"{""white cup"",""white saucer""}",False,eva_bimanual,False,-1.0,True,s3://rldb/processed_v3/eva/2026-03-04-21-21-16-043000.zarr,,s3://rldb/processed_v3/eva/2026-03-04-21-21-16-043000.mp4,CC BY-SA 4.0,,2026-03-04 21:21:16.043000+00:00,2026-07-31 21:45:36.954967+00:00,eva,failure
2026-03-04-20-34-14-459000,EwCW-BuE_nA9dzbr,rl2,1285.0,cup_on_saucer_success,"pick up cup with one arm, hand it over to the other arm and place it on the saucer",white_wall,"{""white cup"",""yellow saucer""}",False,eva_bimanual,False,-1.0,True,s3://rldb/processed_v3/eva/2026-03-04-20-34-14-459000.zarr,,s3://rldb/processed_v3/eva/2026-03-04-20-34-14-459000.mp4,CC BY-SA 4.0,,2026-03-04 20:34:14.459000+00:00,2026-07-31 21:45:36.954967+00:00,eva,success
2026-03-04-23-23-57-131000,pB5ssSy__hBrm6wJ,rl2,784.0,cup_on_saucer_success,"pick up cup with one arm, hand it over to the other arm and place it on the saucer",white_wall,"{""pink cup"",""yellow saucer""}",False,eva_bimanual,False,-1.0,True,s3://rldb/processed_v3/eva/2026-03-04-23-23-57-131000.zarr,,s3://rldb/processed_v3/eva/2026-03-04-23-23-57-131000.mp4,CC BY-SA 4.0,,2026-03-04 23:23:57.131000+00:00,2026-07-31 21:45:36.954967+00:00,eva,success
2026-03-04-21-35-36-033000,EwCW-BuE_nA9dzbr,rl2,442.0,cup_on_saucer_success,"pick up cup with one arm, hand it over to the other arm and place it on the saucer",white_wall,"{""white cup"",""white saucer""}",False,eva_bimanual,False,-1.0,True,s3://rldb/processed_v3/eva/2026-03-04-21-35-36-033000.zarr,,s3://rldb/processed_v3/eva/2026-03-04-21-35-36-033000.mp4,CC BY-SA 4.0,,2026-03-04 21:35:36.033000+00:00,2026-07-31 21:45:36.954967+00:00,eva,success
2026-03-04-22-44-19-613000,pB5ssSy__hBrm6wJ,rl2,432.0,cup_on_saucer_success,"pick up cup with one arm, hand it over to the other arm and place it on the saucer",white_wall,"{""pink cup"",""green saucer""}",False,eva_bimanual,False,-1.0,True,s3://rldb/processed_v3/eva/2026-03-04-22-44-19-613000.zarr,,s3://rldb/processed_v3/eva/2026-03-04-22-44-19-613000.mp4,CC BY-SA 4.0,,2026-03-04 22:44:19.613000+00:00,2026-07-31 21:45:36.954967+00:00,eva,success
2026-03-04-18-43-29-756000,pB5ssSy__hBrm6wJ,rl2,817.0,cup_on_saucer_success,"pick up cup with one arm, hand it over to the other arm and place it on the saucer",white_wall,"{""white ceramic cup"",""green square saucer""}",False,eva_bimanual,False,-1.0,True,s3://rldb/processed_v3/eva/2026-03-04-18-43-29-756000.zarr,,s3://rldb/processed_v3/eva/2026-03-04-18-43-29-756000.mp4,CC BY-SA 4.0,,2026-03-04 18:43:29.756000+00:00,2026-07-31 21:45:36.954967+00:00,eva,success
2026-03-04-23-12-27-884000,pB5ssSy__hBrm6wJ,rl2,882.0,cup_on_saucer_failure,"pick up cup with one arm, hand it over to the other arm and place it on the saucer",white_wall,"{""pink cup"",""yellow saucer""}",False,eva_bimanual,False,-1.0,True,s3://rldb/processed_v3/eva/2026-03-04-23-12-27-884000.zarr,,s3://rldb/processed_v3/eva/2026-03-04-23-12-27-884000.mp4,CC BY-SA 4.0,,2026-03-04 23:12:27.884000+00:00,2026-07-31 21:45:36.954967+00:00,eva,failure
2026-03-04-18-40-35-235000,pB5ssSy__hBrm6wJ,rl2,583.0,cup_on_saucer_success,"pick up cup with one arm, hand it over to the other arm and place it on the saucer",white_wall,"{""white ceramic cup"",""green square saucer""}",False,eva_bimanual,False,-1.0,True,s3://rldb/processed_v3/eva/2026-03-04-18-40-35-235000.zarr,,s3://rldb/processed_v3/eva/2026-03-04-18-40-35-235000.mp4,CC BY-SA 4.0,,2026-03-04 18:40:35.235000+00:00,2026-07-31 21:45:36.954967+00:00,eva,success
2026-03-04-22-42-04-360000,pB5ssSy__hBrm6wJ,rl2,387.0,cup_on_saucer_success,"pick up cup with one arm, hand it over to the other arm and place it on the saucer",white_wall,"{""pink cup"",""green saucer""}",False,eva_bimanual,False,-1.0,True,s3://rldb/processed_v3/eva/2026-03-04-22-42-04-360000.zarr,,s3://rldb/processed_v3/eva/2026-03-04-22-42-04-360000.mp4,CC BY-SA 4.0,,2026-03-04 22:42:04.360000+00:00,2026-07-31 21:45:36.954967+00:00,eva,success
2026-03-04-23-16-03-937000,pB5ssSy__hBrm6wJ,rl2,765.0,cup_on_saucer_success,"pick up cup with one arm, hand it over to the other arm and place it on the saucer",white_wall,"{""pink cup"",""yellow saucer""}",False,eva_bimanual,False,-1.0,True,s3://rldb/processed_v3/eva/2026-03-04-23-16-03-937000.zarr,,s3://rldb/processed_v3/eva/2026-03-04-23-16-03-937000.mp4,CC BY-SA 4.0,,2026-03-04 23:16:03.937000+00:00,2026-07-31 21:45:36.954967+00:00,eva,success
2026-03-04-21-51-06-512000,__zQ0kS-xjtwKdGt,rl2,514.0,cup_on_saucer_failure,"pick up cup with one arm, hand it over to the other arm and place it on the saucer",white_wall,"[""white ceramic cup"", ""white saucer""]",False,eva_bimanual,False,-1.0,True,s3://rldb/processed_v3/eva/2026-03-04-21-51-06-512000.zarr,,s3://rldb/processed_v3/eva/2026-03-04-21-51-06-512000.mp4,CC BY-SA 4.0,,2026-03-04 21:51:06.512000+00:00,2026-07-31 21:45:36.954967+00:00,eva,failure
2026-03-04-20-41-20-792000,EwCW-BuE_nA9dzbr,rl2,973.0,cup_on_saucer_success,"pick up cup with one arm, hand it over to the other arm and place it on the saucer",white_wall,"{""white cup"",""yellow saucer""}",False,eva_bimanual,False,-1.0,True,s3://rldb/processed_v3/eva/2026-03-04-20-41-20-792000.zarr,,s3://rldb/processed_v3/eva/2026-03-04-20-41-20-792000.mp4,CC BY-SA 4.0,,2026-03-04 20:41:20.792000+00:00,2026-07-31 21:45:36.954967+00:00,eva,success
2026-03-03-23-48-02-715000,pB5ssSy__hBrm6wJ,rl2,1528.0,cup_on_saucer_success,"pick up cup with one arm, hand it over to the other arm and place it on the saucer",white_wall,"{""pink cup"",""white saucer""}",False,eva_bimanual,False,-1.0,True,s3://rldb/processed_v3/eva/2026-03-03-23-48-02-715000.zarr,,s3://rldb/processed_v3/eva/2026-03-03-23-48-02-715000.mp4,CC BY-SA 4.0,,2026-03-03 23:48:02.715000+00:00,2026-07-31 21:45:36.954967+00:00,eva,success
2026-03-04-23-25-20-228000,pB5ssSy__hBrm6wJ,rl2,648.0,cup_on_saucer_success,"pick up cup with one arm, hand it over to the other arm and place it on the saucer",white_wall,"{""pink cup"",""yellow saucer""}",False,eva_bimanual,False,-1.0,True,s3://rldb/processed_v3/eva/2026-03-04-23-25-20-228000.zarr,,s3://rldb/processed_v3/eva/2026-03-04-23-25-20-228000.mp4,CC BY-SA 4.0,,2026-03-04 23:25:20.228000+00:00,2026-07-31 21:45:36.954967+00:00,eva,success
2026-03-02-15-49-18-672000,pB5ssSy__hBrm6wJ,rl2,1658.0,cup_on_saucer_success,"pick up cup with one arm, hand it over to the other arm and place it on the saucer",white_wall,"{""pink cup"",""white saucer""}",False,eva_bimanual,False,-1.0,True,s3://rldb/processed_v3/eva/2026-03-02-15-49-18-672000.zarr,,s3://rldb/processed_v3/eva/2026-03-02-15-49-18-672000.mp4,CC BY-SA 4.0,,2026-03-02 15:49:18.672000+00:00,2026-07-31 21:45:36.954967+00:00,eva,success
2026-03-04-21-34-38-349000,EwCW-BuE_nA9dzbr,rl2,610.0,cup_on_saucer_success,"pick up cup with one arm, hand it over to the other arm and place it on the saucer",white_wall,"{""white cup"",""white saucer""}",False,eva_bimanual,False,-1.0,True,s3://rldb/processed_v3/eva/2026-03-04-21-34-38-349000.zarr,,s3://rldb/processed_v3/eva/2026-03-04-21-34-38-349000.mp4,CC BY-SA 4.0,,2026-03-04 21:34:38.349000+00:00,2026-07-31 21:45:36.954967+00:00,eva,success
2026-03-07-23-32-50-016000,pB5ssSy__hBrm6wJ,rl2,771.0,cup_on_saucer_success,"pick up cup with one arm, hand it over to the other arm and place it on the saucer",white_wall,"{""pink cup"",""yellow saucer""}",False,eva_bimanual,False,-1.0,True,s3://rldb/processed_v3/eva/2026-03-07-23-32-50-016000.zarr,,s3://rldb/processed_v3/eva/2026-03-07-23-32-50-016000.mp4,CC BY-SA 4.0,,2026-03-07 23:32:50.016000+00:00,2026-07-31 21:45:36.954967+00:00,eva,success
2026-03-04-22-39-16-008000,pB5ssSy__hBrm6wJ,rl2,510.0,cup_on_saucer_success,"pick up cup with one arm, hand it over to the other arm and place it on the saucer",white_wall,"{""pink cup"",""green saucer""}",False,eva_bimanual,False,-1.0,True,s3://rldb/processed_v3/eva/2026-03-04-22-39-16-008000.zarr,,s3://rldb/processed_v3/eva/2026-03-04-22-39-16-008000.mp4,CC BY-SA 4.0,,2026-03-04 22:39:16.008000+00:00,2026-07-31 21:45:36.954967+00:00,eva,success
2026-03-04-21-53-06-962000,__zQ0kS-xjtwKdGt,rl2,566.0,cup_on_saucer_success,"pick up cup with one arm, hand it over to the other arm and place it on the saucer",white_wall,"{""white ceramic cup"",""white saucer""}",False,eva_bimanual,False,-1.0,True,s3://rldb/processed_v3/eva/2026-03-04-21-53-06-962000.zarr,,s3://rldb/processed_v3/eva/2026-03-04-21-53-06-962000.mp4,CC BY-SA 4.0,,2026-03-04 21:53:06.962000+00:00,2026-07-31 21:45:36.954967+00:00,eva,success
2026-03-01-22-00-24-498000,__zQ0kS-xjtwKdGt,rl2,1288.0,cup_on_saucer_failure,"pick up cup with one arm, hand it over to the other arm and place it on the saucer",white_wall,"[""white ceramic cup"", ""white saucer""]",False,eva_bimanual,False,-1.0,True,s3://rldb/processed_v3/eva/2026-03-01-22-00-24-498000.zarr,,s3://rldb/processed_v3/eva/2026-03-01-22-00-24-498000.mp4,CC BY-SA 4.0,,2026-03-01 22:00:24.498000+00:00,2026-07-31 21:45:36.954967+00:00,eva,failure
2026-03-16-04-43-11-037000,pB5ssSy__hBrm6wJ,rl2,607.0,cup_on_saucer_success,"pick up cup with one arm, hand it over to the other arm and place it on the saucer",white_wall,"{""pink cup"",""yellow saucer""}",False,eva_bimanual,False,-1.0,True,s3://rldb/processed_v3/eva/2026-03-16-04-43-11-037000.zarr,,s3://rldb/processed_v3/eva/2026-03-16-04-43-11-037000.mp4,CC BY-SA 4.0,,2026-03-16 04:43:11.037000+00:00,2026-07-31 21:45:36.954967+00:00,eva,success
2026-03-02-15-51-35-314000,pB5ssSy__hBrm6wJ,rl2,1300.0,cup_on_saucer_failure,"pick up cup with one arm, hand it over to the other arm and place it on the saucer",white_wall,"{""pink cup"",""white saucer""}",False,eva_bimanual,False,-1.0,True,s3://rldb/processed_v3/eva/2026-03-02-15-51-35-314000.zarr,,s3://rldb/processed_v3/eva/2026-03-02-15-51-35-314000.mp4,CC BY-SA 4.0,,2026-03-02 15:51:35.314000+00:00,2026-07-31 21:45:36.954967+00:00,eva,failure
2026-03-02-15-59-07-946000,pB5ssSy__hBrm6wJ,rl2,1378.0,cup_on_saucer_success,"pick up cup with one arm, hand it over to the other arm and place it on the saucer",white_wall,"{""pink cup"",""white saucer""}",False,eva_bimanual,False,-1.0,True,s3://rldb/processed_v3/eva/2026-03-02-15-59-07-946000.zarr,,s3://rldb/processed_v3/eva/2026-03-02-15-59-07-946000.mp4,CC BY-SA 4.0,,2026-03-02 15:59:07.946000+00:00,2026-07-31 21:45:36.954967+00:00,eva,success
2026-03-02-15-54-13-046000,pB5ssSy__hBrm6wJ,rl2,1678.0,cup_on_saucer_failure,"pick up cup with one arm, hand it over to the other arm and place it on the saucer",white_wall,"{""pink cup"",""white saucer""}",False,eva_bimanual,False,-1.0,True,s3://rldb/processed_v3/eva/2026-03-02-15-54-13-046000.zarr,,s3://rldb/processed_v3/eva/2026-03-02-15-54-13-046000.mp4,CC BY-SA 4.0,,2026-03-02 15:54:13.046000+00:00,2026-07-31 21:45:36.954967+00:00,eva,failure
2026-03-02-16-04-11-550000,pB5ssSy__hBrm6wJ,rl2,1238.0,cup_on_saucer_success,"pick up cup with one arm, hand it over to the other arm and place it on the saucer",white_wall,"{""pink cup"",""white saucer""}",False,eva_bimanual,False,-1.0,True,s3://rldb/processed_v3/eva/2026-03-02-16-04-11-550000.zarr,,s3://rldb/processed_v3/eva/2026-03-02-16-04-11-550000.mp4,CC BY-SA 4.0,,2026-03-02 16:04:11.550000+00:00,2026-07-31 21:45:36.954967+00:00,eva,success
2026-03-02-16-06-12-900000,pB5ssSy__hBrm6wJ,rl2,1772.0,cup_on_saucer_failure,"pick up cup with one arm, hand it over to the other arm and place it on the saucer",white_wall,"{""pink cup"",""white saucer""}",False,eva_bimanual,False,-1.0,True,s3://rldb/processed_v3/eva/2026-03-02-16-06-12-900000.zarr,,s3://rldb/processed_v3/eva/2026-03-02-16-06-12-900000.mp4,CC BY-SA 4.0,,2026-03-02 16:06:12.900000+00:00,2026-07-31 21:45:36.954967+00:00,eva,failure
2026-03-02-16-07-10-245000,pB5ssSy__hBrm6wJ,rl2,2056.0,cup_on_saucer_failure,"pick up cup with one arm, hand it over to the other arm and place it on the saucer",white_wall,"{""pink cup"",""white saucer""}",False,eva_bimanual,False,-1.0,True,s3://rldb/processed_v3/eva/2026-03-02-16-07-10-245000.zarr,,s3://rldb/processed_v3/eva/2026-03-02-16-07-10-245000.mp4,CC BY-SA 4.0,,2026-03-02 16:07:10.245000+00:00,2026-07-31 21:45:36.954967+00:00,eva,failure
2026-03-02-16-11-43-420000,pB5ssSy__hBrm6wJ,rl2,2186.0,cup_on_saucer_success,"pick up cup with one arm, hand it over to the other arm and place it on the saucer",white_wall,"{""pink cup"",""white saucer""}",False,eva_bimanual,False,-1.0,True,s3://rldb/processed_v3/eva/2026-03-02-16-11-43-420000.zarr,,s3://rldb/processed_v3/eva/2026-03-02-16-11-43-420000.mp4,CC BY-SA 4.0,,2026-03-02 16:11:43.420000+00:00,2026-07-31 21:45:36.954967+00:00,eva,success
2026-03-02-16-13-51-088000,pB5ssSy__hBrm6wJ,rl2,238.0,cup_on_saucer_failure,"pick up cup with one arm, hand it over to the other arm and place it on the saucer",white_wall,"{""pink cup"",""white saucer""}",False,eva_bimanual,False,-1.0,True,s3://rldb/processed_v3/eva/2026-03-02-16-13-51-088000.zarr,,s3://rldb/processed_v3/eva/2026-03-02-16-13-51-088000.mp4,CC BY-SA 4.0,,2026-03-02 16:13:51.088000+00:00,2026-07-31 21:45:36.954967+00:00,eva,failure
2026-03-02-16-14-41-153000,pB5ssSy__hBrm6wJ,rl2,1324.0,cup_on_saucer_success,"pick up cup with one arm, hand it over to the other arm and place it on the saucer",white_wall,"{""pink cup"",""white saucer""}",False,eva_bimanual,False,-1.0,True,s3://rldb/processed_v3/eva/2026-03-02-16-14-41-153000.zarr,,s3://rldb/processed_v3/eva/2026-03-02-16-14-41-153000.mp4,CC BY-SA 4.0,,2026-03-02 16:14:41.153000+00:00,2026-07-31 21:45:36.954967+00:00,eva,success
2026-03-02-16-09-35-881000,pB5ssSy__hBrm6wJ,rl2,2012.0,cup_on_saucer_failure,"pick up cup with one arm, hand it over to the other arm and place it on the saucer",white_wall,"{""pink cup"",""white saucer""}",False,eva_bimanual,False,-1.0,True,s3://rldb/processed_v3/eva/2026-03-02-16-09-35-881000.zarr,,s3://rldb/processed_v3/eva/2026-03-02-16-09-35-881000.mp4,CC BY-SA 4.0,,2026-03-02 16:09:35.881000+00:00,2026-07-31 21:45:36.954967+00:00,eva,failure
2026-03-02-16-21-42-867000,pB5ssSy__hBrm6wJ,rl2,2044.0,cup_on_saucer_failure,"pick up cup with one arm, hand it over to the other arm and place it on the saucer",white_wall,"{""pink cup"",""white saucer""}",False,eva_bimanual,False,-1.0,True,s3://rldb/processed_v3/eva/2026-03-02-16-21-42-867000.zarr,,s3://rldb/processed_v3/eva/2026-03-02-16-21-42-867000.mp4,CC BY-SA 4.0,,2026-03-02 16:21:42.867000+00:00,2026-07-31 21:45:36.954967+00:00,eva,failure
2026-03-02-16-20-44-137000,pB5ssSy__hBrm6wJ,rl2,1998.0,cup_on_saucer_failure,"pick up cup with one arm, hand it over to the other arm and place it on the saucer",white_wall,"{""pink cup"",""white saucer""}",False,eva_bimanual,False,-1.0,True,s3://rldb/processed_v3/eva/2026-03-02-16-20-44-137000.zarr,,s3://rldb/processed_v3/eva/2026-03-02-16-20-44-137000.mp4,CC BY-SA 4.0,,2026-03-02 16:20:44.137000+00:00,2026-07-31 21:45:36.954967+00:00,eva,failure
2026-03-03-23-31-14-330000,pB5ssSy__hBrm6wJ,rl2,1472.0,cup_on_saucer_failure,"pick up cup with one arm, hand it over to the other arm and place it on the saucer",white_wall,"{""pink cup"",""white saucer""}",False,eva_bimanual,False,-1.0,True,s3://rldb/processed_v3/eva/2026-03-03-23-31-14-330000.zarr,,s3://rldb/processed_v3/eva/2026-03-03-23-31-14-330000.mp4,CC BY-SA 4.0,,2026-03-03 23:31:14.330000+00:00,2026-07-31 21:45:36.954967+00:00,eva,failure
2026-03-02-16-26-04-219000,pB5ssSy__hBrm6wJ,rl2,-1.0,cup_on_saucer_success,"pick up cup with one arm, hand it over to the other arm and place it on the saucer",white_wall,"{""pink cup"",""white saucer""}",False,eva_bimanual,False,-1.0,True,,Zero Frames,,CC BY-SA 4.0,,2026-03-02 16:26:04.219000+00:00,2026-07-31 21:45:36.954967+00:00,eva,success
2026-03-03-23-31-47-803000,pB5ssSy__hBrm6wJ,rl2,1260.0,cup_on_saucer_failure,"pick up cup with one arm, hand it over to the other arm and place it on the saucer",white_wall,"{""pink cup"",""white saucer""}",False,eva_bimanual,False,-1.0,True,s3://rldb/processed_v3/eva/2026-03-03-23-31-47-803000.zarr,,s3://rldb/processed_v3/eva/2026-03-03-23-31-47-803000.mp4,CC BY-SA 4.0,,2026-03-03 23:31:47.803000+00:00,2026-07-31 21:45:36.954967+00:00,eva,failure
2026-03-03-23-36-49-882000,pB5ssSy__hBrm6wJ,rl2,378.0,cup_on_saucer_failure,"pick up cup with one arm, hand it over to the other arm and place it on the saucer",white_wall,"{""pink cup"",""white saucer""}",False,eva_bimanual,False,-1.0,True,s3://rldb/processed_v3/eva/2026-03-03-23-36-49-882000.zarr,,s3://rldb/processed_v3/eva/2026-03-03-23-36-49-882000.mp4,CC BY-SA 4.0,,2026-03-03 23:36:49.882000+00:00,2026-07-31 21:45:36.954967+00:00,eva,failure
2026-03-03-23-35-15-739000,pB5ssSy__hBrm6wJ,rl2,2000.0,cup_on_saucer_failure,"pick up cup with one arm, hand it over to the other arm and place it on the saucer",white_wall,"{""pink cup"",""white saucer""}",False,eva_bimanual,False,-1.0,True,s3://rldb/processed_v3/eva/2026-03-03-23-35-15-739000.zarr,,s3://rldb/processed_v3/eva/2026-03-03-23-35-15-739000.mp4,CC BY-SA 4.0,,2026-03-03 23:35:15.739000+00:00,2026-07-31 21:45:36.954967+00:00,eva,failure
2026-03-03-23-36-38-073000,pB5ssSy__hBrm6wJ,rl2,1424.0,cup_on_saucer_failure,"pick up cup with one arm, hand it over to the other arm and place it on the saucer",white_wall,"{""pink cup"",""white saucer""}",False,eva_bimanual,False,-1.0,True,s3://rldb/processed_v3/eva/2026-03-03-23-36-38-073000.zarr,,s3://rldb/processed_v3/eva/2026-03-03-23-36-38-073000.mp4,CC BY-SA 4.0,,2026-03-03 23:36:38.073000+00:00,2026-07-31 21:45:36.954967+00:00,eva,failure
2026-03-03-23-39-09-273000,pB5ssSy__hBrm6wJ,rl2,1190.0,cup_on_saucer_success,"pick up cup with one arm, hand it over to the other arm and place it on the saucer",white_wall,"{""pink cup"",""white saucer""}",False,eva_bimanual,False,-1.0,True,s3://rldb/processed_v3/eva/2026-03-03-23-39-09-273000.zarr,,s3://rldb/processed_v3/eva/2026-03-03-23-39-09-273000.mp4,CC BY-SA 4.0,,2026-03-03 23:39:09.273000+00:00,2026-07-31 21:45:36.954967+00:00,eva,success
2026-03-03-23-44-30-371000,pB5ssSy__hBrm6wJ,rl2,1106.0,cup_on_saucer_success,"pick up cup with one arm, hand it over to the other arm and place it on the saucer",white_wall,"{""pink cup"",""white saucer""}",False,eva_bimanual,False,-1.0,True,s3://rldb/processed_v3/eva/2026-03-03-23-44-30-371000.zarr,,s3://rldb/processed_v3/eva/2026-03-03-23-44-30-371000.mp4,CC BY-SA 4.0,,2026-03-03 23:44:30.371000+00:00,2026-07-31 21:45:36.954967+00:00,eva,success
2026-03-03-23-42-05-888000,pB5ssSy__hBrm6wJ,rl2,1458.0,cup_on_saucer_success,"pick up cup with one arm, hand it over to the other arm and place it on the saucer",white_wall,"{""pink cup"",""white saucer""}",False,eva_bimanual,False,-1.0,True,s3://rldb/processed_v3/eva/2026-03-03-23-42-05-888000.zarr,,s3://rldb/processed_v3/eva/2026-03-03-23-42-05-888000.mp4,CC BY-SA 4.0,,2026-03-03 23:42:05.888000+00:00,2026-07-31 21:45:36.954967+00:00,eva,success
2026-03-03-23-46-55-064000,pB5ssSy__hBrm6wJ,rl2,918.0,cup_on_saucer_success,"pick up cup with one arm, hand it over to the other arm and place it on the saucer",white_wall,"{""pink cup"",""white saucer""}",False,eva_bimanual,False,-1.0,True,s3://rldb/processed_v3/eva/2026-03-03-23-46-55-064000.zarr,,s3://rldb/processed_v3/eva/2026-03-03-23-46-55-064000.mp4,CC BY-SA 4.0,,2026-03-03 23:46:55.064000+00:00,2026-07-31 21:45:36.954967+00:00,eva,success
2026-03-03-23-45-11-897000,pB5ssSy__hBrm6wJ,rl2,1484.0,cup_on_saucer_success,"pick up cup with one arm, hand it over to the other arm and place it on the saucer",white_wall,"{""pink cup"",""white saucer""}",False,eva_bimanual,False,-1.0,True,s3://rldb/processed_v3/eva/2026-03-03-23-45-11-897000.zarr,,s3://rldb/processed_v3/eva/2026-03-03-23-45-11-897000.mp4,CC BY-SA 4.0,,2026-03-03 23:45:11.897000+00:00,2026-07-31 21:45:36.954967+00:00,eva,success
2026-03-03-23-49-30-432000,pB5ssSy__hBrm6wJ,rl2,1686.0,cup_on_saucer_success,"pick up cup with one arm, hand it over to the other arm and place it on the saucer",white_wall,"{""pink cup"",""white saucer""}",False,eva_bimanual,False,-1.0,True,s3://rldb/processed_v3/eva/2026-03-03-23-49-30-432000.zarr,,s3://rldb/processed_v3/eva/2026-03-03-23-49-30-432000.mp4,CC BY-SA 4.0,,2026-03-03 23:49:30.432000+00:00,2026-07-31 21:45:36.954967+00:00,eva,success
2026-03-03-23-47-23-309000,pB5ssSy__hBrm6wJ,rl2,1078.0,cup_on_saucer_success,"pick up cup with one arm, hand it over to the other arm and place it on the saucer",white_wall,"{""pink cup"",""white saucer""}",False,eva_bimanual,False,-1.0,True,s3://rldb/processed_v3/eva/2026-03-03-23-47-23-309000.zarr,,s3://rldb/processed_v3/eva/2026-03-03-23-47-23-309000.mp4,CC BY-SA 4.0,,2026-03-03 23:47:23.309000+00:00,2026-07-31 21:45:36.954967+00:00,eva,success
2026-03-04-18-31-27-624000,__zQ0kS-xjtwKdGt,rl2,640.0,cup_on_saucer_failure,"pick up cup with one arm, hand it over to the other arm and place it on the saucer",white_wall,"{""white ceramic cup"",""green square saucer""}",False,eva_bimanual,False,-1.0,True,s3://rldb/processed_v3/eva/2026-03-04-18-31-27-624000.zarr,,s3://rldb/processed_v3/eva/2026-03-04-18-31-27-624000.mp4,CC BY-SA 4.0,,2026-03-04 18:31:27.624000+00:00,2026-07-31 21:45:36.954967+00:00,eva,failure
2026-03-04-18-31-42-536000,__zQ0kS-xjtwKdGt,rl2,497.0,cup_on_saucer_failure,"pick up cup with one arm, hand it over to the other arm and place it on the saucer",white_wall,"{""white ceramic cup"",""green square saucer""}",False,eva_bimanual,False,-1.0,True,s3://rldb/processed_v3/eva/2026-03-04-18-31-42-536000.zarr,,s3://rldb/processed_v3/eva/2026-03-04-18-31-42-536000.mp4,CC BY-SA 4.0,,2026-03-04 18:31:42.536000+00:00,2026-07-31 21:45:36.954967+00:00,eva,failure
2026-03-03-23-50-41-992000,pB5ssSy__hBrm6wJ,rl2,1124.0,cup_on_saucer_success,"pick up cup with one arm, hand it over to the other arm and place it on the saucer",white_wall,"{""pink cup"",""white saucer""}",False,eva_bimanual,False,-1.0,True,s3://rldb/processed_v3/eva/2026-03-03-23-50-41-992000.zarr,,s3://rldb/processed_v3/eva/2026-03-03-23-50-41-992000.mp4,CC BY-SA 4.0,,2026-03-03 23:50:41.992000+00:00,2026-07-31 21:45:36.954967+00:00,eva,success
2026-03-03-23-50-12-757000,pB5ssSy__hBrm6wJ,rl2,1626.0,cup_on_saucer_success,"pick up cup with one arm, hand it over to the other arm and place it on the saucer",white_wall,"{""pink cup"",""white saucer""}",False,eva_bimanual,False,-1.0,True,s3://rldb/processed_v3/eva/2026-03-03-23-50-12-757000.zarr,,s3://rldb/processed_v3/eva/2026-03-03-23-50-12-757000.mp4,CC BY-SA 4.0,,2026-03-03 23:50:12.757000+00:00,2026-07-31 21:45:36.954967+00:00,eva,success
2026-03-04-18-33-58-609000,pB5ssSy__hBrm6wJ,rl2,575.0,cup_on_saucer_success,"pick up cup with one arm, hand it over to the other arm and place it on the saucer",white_wall,"{""white ceramic cup"",""green square saucer""}",False,eva_bimanual,False,-1.0,True,s3://rldb/processed_v3/eva/2026-03-04-18-33-58-609000.zarr,,s3://rldb/processed_v3/eva/2026-03-04-18-33-58-609000.mp4,CC BY-SA 4.0,,2026-03-04 18:33:58.609000+00:00,2026-07-31 21:45:36.954967+00:00,eva,success
2026-03-04-18-32-59-611000,__zQ0kS-xjtwKdGt,rl2,145.0,cup_on_saucer_failure,"pick up cup with one arm, hand it over to the other arm and place it on the saucer",white_wall,"{""white ceramic cup"",""green square saucer""}",False,eva_bimanual,False,-1.0,True,s3://rldb/processed_v3/eva/2026-03-04-18-32-59-611000.zarr,,s3://rldb/processed_v3/eva/2026-03-04-18-32-59-611000.mp4,CC BY-SA 4.0,,2026-03-04 18:32:59.611000+00:00,2026-07-31 21:45:36.954967+00:00,eva,failure
2026-03-04-18-32-55-226000,__zQ0kS-xjtwKdGt,rl2,360.0,cup_on_saucer_failure,"pick up cup with one arm, hand it over to the other arm and place it on the saucer",white_wall,"{""white ceramic cup"",""green square saucer""}",False,eva_bimanual,False,-1.0,True,s3://rldb/processed_v3/eva/2026-03-04-18-32-55-226000.zarr,,s3://rldb/processed_v3/eva/2026-03-04-18-32-55-226000.mp4,CC BY-SA 4.0,,2026-03-04 18:32:55.226000+00:00,2026-07-31 21:45:36.954967+00:00,eva,failure
2026-03-04-18-33-10-519000,__zQ0kS-xjtwKdGt,rl2,360.0,cup_on_saucer_failure,"pick up cup with one arm, hand it over to the other arm and place it on the saucer",white_wall,"{""white ceramic cup"",""green square saucer""}",False,eva_bimanual,False,-1.0,True,s3://rldb/processed_v3/eva/2026-03-04-18-33-10-519000.zarr,,s3://rldb/processed_v3/eva/2026-03-04-18-33-10-519000.mp4,CC BY-SA 4.0,,2026-03-04 18:33:10.519000+00:00,2026-07-31 21:45:36.954967+00:00,eva,failure
2026-03-04-18-34-32-374000,pB5ssSy__hBrm6wJ,rl2,546.0,cup_on_saucer_success,"pick up cup with one arm, hand it over to the other arm and place it on the saucer",white_wall,"{""white ceramic cup"",""green square saucer""}",False,eva_bimanual,False,-1.0,True,s3://rldb/processed_v3/eva/2026-03-04-18-34-32-374000.zarr,,s3://rldb/processed_v3/eva/2026-03-04-18-34-32-374000.mp4,CC BY-SA 4.0,,2026-03-04 18:34:32.374000+00:00,2026-07-31 21:45:36.954967+00:00,eva,success
2026-03-04-18-35-04-232000,pB5ssSy__hBrm6wJ,rl2,556.0,cup_on_saucer_success,"pick up cup with one arm, hand it over to the other arm and place it on the saucer",white_wall,"{""white ceramic cup"",""green square saucer""}",False,eva_bimanual,False,-1.0,True,s3://rldb/processed_v3/eva/2026-03-04-18-35-04-232000.zarr,,s3://rldb/processed_v3/eva/2026-03-04-18-35-04-232000.mp4,CC BY-SA 4.0,,2026-03-04 18:35:04.232000+00:00,2026-07-31 21:45:36.954967+00:00,eva,success
2026-03-04-18-35-22-775000,pB5ssSy__hBrm6wJ,rl2,612.0,cup_on_saucer_success,"pick up cup with one arm, hand it over to the other arm and place it on the saucer",white_wall,"{""white ceramic cup"",""green square saucer""}",False,eva_bimanual,False,-1.0,True,s3://rldb/processed_v3/eva/2026-03-04-18-35-22-775000.zarr,,s3://rldb/processed_v3/eva/2026-03-04-18-35-22-775000.mp4,CC BY-SA 4.0,,2026-03-04 18:35:22.775000+00:00,2026-07-31 21:45:36.954967+00:00,eva,success
2026-03-04-18-35-54-949000,pB5ssSy__hBrm6wJ,rl2,577.0,cup_on_saucer_success,"pick up cup with one arm, hand it over to the other arm and place it on the saucer",white_wall,"{""white ceramic cup"",""green square saucer""}",False,eva_bimanual,False,-1.0,True,s3://rldb/processed_v3/eva/2026-03-04-18-35-54-949000.zarr,,s3://rldb/processed_v3/eva/2026-03-04-18-35-54-949000.mp4,CC BY-SA 4.0,,2026-03-04 18:35:54.949000+00:00,2026-07-31 21:45:36.954967+00:00,eva,success
2026-03-04-18-36-13-745000,pB5ssSy__hBrm6wJ,rl2,605.0,cup_on_saucer_success,"pick up cup with one arm, hand it over to the other arm and place it on the saucer",white_wall,"{""white ceramic cup"",""green square saucer""}",False,eva_bimanual,False,-1.0,True,s3://rldb/processed_v3/eva/2026-03-04-18-36-13-745000.zarr,,s3://rldb/processed_v3/eva/2026-03-04-18-36-13-745000.mp4,CC BY-SA 4.0,,2026-03-04 18:36:13.745000+00:00,2026-07-31 21:45:36.954967+00:00,eva,success
2026-03-04-18-38-28-147000,pB5ssSy__hBrm6wJ,rl2,468.0,cup_on_saucer_success,"pick up cup with one arm, hand it over to the other arm and place it on the saucer",white_wall,"{""white ceramic cup"",""green square saucer""}",False,eva_bimanual,False,-1.0,True,s3://rldb/processed_v3/eva/2026-03-04-18-38-28-147000.zarr,,s3://rldb/processed_v3/eva/2026-03-04-18-38-28-147000.mp4,CC BY-SA 4.0,,2026-03-04 18:38:28.147000+00:00,2026-07-31 21:45:36.954967+00:00,eva,success
2026-03-04-18-39-17-448000,pB5ssSy__hBrm6wJ,rl2,526.0,cup_on_saucer_success,"pick up cup with one arm, hand it over to the other arm and place it on the saucer",white_wall,"{""white ceramic cup"",""green square saucer""}",False,eva_bimanual,False,-1.0,True,s3://rldb/processed_v3/eva/2026-03-04-18-39-17-448000.zarr,,s3://rldb/processed_v3/eva/2026-03-04-18-39-17-448000.mp4,CC BY-SA 4.0,,2026-03-04 18:39:17.448000+00:00,2026-07-31 21:45:36.954967+00:00,eva,success
2026-03-04-18-41-24-903000,pB5ssSy__hBrm6wJ,rl2,453.0,cup_on_saucer_success,"pick up cup with one arm, hand it over to the other arm and place it on the saucer",white_wall,"{""white ceramic cup"",""green square saucer""}",False,eva_bimanual,False,-1.0,True,s3://rldb/processed_v3/eva/2026-03-04-18-41-24-903000.zarr,,s3://rldb/processed_v3/eva/2026-03-04-18-41-24-903000.mp4,CC BY-SA 4.0,,2026-03-04 18:41:24.903000+00:00,2026-07-31 21:45:36.954967+00:00,eva,success
2026-03-04-18-40-17-453000,pB5ssSy__hBrm6wJ,rl2,381.0,cup_on_saucer_success,"pick up cup with one arm, hand it over to the other arm and place it on the saucer",white_wall,"{""white ceramic cup"",""green square saucer""}",False,eva_bimanual,False,-1.0,True,s3://rldb/processed_v3/eva/2026-03-04-18-40-17-453000.zarr,,s3://rldb/processed_v3/eva/2026-03-04-18-40-17-453000.mp4,CC BY-SA 4.0,,2026-03-04 18:40:17.453000+00:00,2026-07-31 21:45:36.954967+00:00,eva,success
2026-03-04-18-40-53-247000,pB5ssSy__hBrm6wJ,rl2,591.0,cup_on_saucer_success,"pick up cup with one arm, hand it over to the other arm and place it on the saucer",white_wall,"{""white ceramic cup"",""green square saucer""}",False,eva_bimanual,False,-1.0,True,s3://rldb/processed_v3/eva/2026-03-04-18-40-53-247000.zarr,,s3://rldb/processed_v3/eva/2026-03-04-18-40-53-247000.mp4,CC BY-SA 4.0,,2026-03-04 18:40:53.247000+00:00,2026-07-31 21:45:36.954967+00:00,eva,success
2026-03-04-18-43-44-625000,pB5ssSy__hBrm6wJ,rl2,482.0,cup_on_saucer_success,"pick up cup with one arm, hand it over to the other arm and place it on the saucer",white_wall,"{""white ceramic cup"",""green square saucer""}",False,eva_bimanual,False,-1.0,True,s3://rldb/processed_v3/eva/2026-03-04-18-43-44-625000.zarr,,s3://rldb/processed_v3/eva/2026-03-04-18-43-44-625000.mp4,CC BY-SA 4.0,,2026-03-04 18:43:44.625000+00:00,2026-07-31 21:45:36.954967+00:00,eva,success
2026-03-04-18-44-16-369000,pB5ssSy__hBrm6wJ,rl2,624.0,cup_on_saucer_success,"pick up cup with one arm, hand it over to the other arm and place it on the saucer",white_wall,"{""white ceramic cup"",""green square saucer""}",False,eva_bimanual,False,-1.0,True,s3://rldb/processed_v3/eva/2026-03-04-18-44-16-369000.zarr,,s3://rldb/processed_v3/eva/2026-03-04-18-44-16-369000.mp4,CC BY-SA 4.0,,2026-03-04 18:44:16.369000+00:00,2026-07-31 21:45:36.954967+00:00,eva,success
2026-03-04-21-50-37-441000,__zQ0kS-xjtwKdGt,rl2,132.0,cup_on_saucer_failure,"pick up cup with one arm, hand it over to the other arm and place it on the saucer",white_wall,"[""white ceramic cup"", ""white saucer""]",False,eva_bimanual,False,-1.0,True,s3://rldb/processed_v3/eva/2026-03-04-21-50-37-441000.zarr,,s3://rldb/processed_v3/eva/2026-03-04-21-50-37-441000.mp4,CC BY-SA 4.0,,2026-03-04 21:50:37.441000+00:00,2026-07-31 21:45:36.954967+00:00,eva,failure
2026-03-04-21-50-50-368000,__zQ0kS-xjtwKdGt,rl2,419.0,cup_on_saucer_failure,"pick up cup with one arm, hand it over to the other arm and place it on the saucer",white_wall,"[""white ceramic cup"", ""white saucer""]",False,eva_bimanual,False,-1.0,True,s3://rldb/processed_v3/eva/2026-03-04-21-50-50-368000.zarr,,s3://rldb/processed_v3/eva/2026-03-04-21-50-50-368000.mp4,CC BY-SA 4.0,,2026-03-04 21:50:50.368000+00:00,2026-07-31 21:45:36.954967+00:00,eva,failure
2026-03-04-21-51-17-176000,__zQ0kS-xjtwKdGt,rl2,100.0,cup_on_saucer_failure,"pick up cup with one arm, hand it over to the other arm and place it on the saucer",white_wall,"[""white ceramic cup"", ""white saucer""]",False,eva_bimanual,False,-1.0,True,s3://rldb/processed_v3/eva/2026-03-04-21-51-17-176000.zarr,,s3://rldb/processed_v3/eva/2026-03-04-21-51-17-176000.mp4,CC BY-SA 4.0,,2026-03-04 21:51:17.176000+00:00,2026-07-31 21:45:36.954967+00:00,eva,failure
2026-03-04-21-52-02-337000,__zQ0kS-xjtwKdGt,rl2,536.0,cup_on_saucer_success,"pick up cup with one arm, hand it over to the other arm and place it on the saucer",white_wall,"{""white ceramic cup"",""white saucer""}",False,eva_bimanual,False,-1.0,True,s3://rldb/processed_v3/eva/2026-03-04-21-52-02-337000.zarr,,s3://rldb/processed_v3/eva/2026-03-04-21-52-02-337000.mp4,CC BY-SA 4.0,,2026-03-04 21:52:02.337000+00:00,2026-07-31 21:45:36.954967+00:00,eva,success
2026-03-04-21-53-24-494000,__zQ0kS-xjtwKdGt,rl2,562.0,cup_on_saucer_success,"pick up cup with one arm, hand it over to the other arm and place it on the saucer",white_wall,"{""white ceramic cup"",""white saucer""}",False,eva_bimanual,False,-1.0,True,s3://rldb/processed_v3/eva/2026-03-04-21-53-24-494000.zarr,,s3://rldb/processed_v3/eva/2026-03-04-21-53-24-494000.mp4,CC BY-SA 4.0,,2026-03-04 21:53:24.494000+00:00,2026-07-31 21:45:36.954967+00:00,eva,success
2026-03-04-21-52-36-265000,__zQ0kS-xjtwKdGt,rl2,407.0,cup_on_saucer_success,"pick up cup with one arm, hand it over to the other arm and place it on the saucer",white_wall,"{""white ceramic cup"",""white saucer""}",False,eva_bimanual,False,-1.0,True,s3://rldb/processed_v3/eva/2026-03-04-21-52-36-265000.zarr,,s3://rldb/processed_v3/eva/2026-03-04-21-52-36-265000.mp4,CC BY-SA 4.0,,2026-03-04 21:52:36.265000+00:00,2026-07-31 21:45:36.954967+00:00,eva,success
2026-03-04-21-55-05-608000,__zQ0kS-xjtwKdGt,rl2,718.0,cup_on_saucer_success,"pick up cup with one arm, hand it over to the other arm and place it on the saucer",white_wall,"{""white ceramic cup"",""white saucer""}",False,eva_bimanual,False,-1.0,True,s3://rldb/processed_v3/eva/2026-03-04-21-55-05-608000.zarr,,s3://rldb/processed_v3/eva/2026-03-04-21-55-05-608000.mp4,CC BY-SA 4.0,,2026-03-04 21:55:05.608000+00:00,2026-07-31 21:45:36.954967+00:00,eva,success
2026-03-04-21-54-29-512000,__zQ0kS-xjtwKdGt,rl2,574.0,cup_on_saucer_success,"pick up cup with one arm, hand it over to the other arm and place it on the saucer",white_wall,"{""white ceramic cup"",""white saucer""}",False,eva_bimanual,False,-1.0,True,s3://rldb/processed_v3/eva/2026-03-04-21-54-29-512000.zarr,,s3://rldb/processed_v3/eva/2026-03-04-21-54-29-512000.mp4,CC BY-SA 4.0,,2026-03-04 21:54:29.512000+00:00,2026-07-31 21:45:36.954967+00:00,eva,success
2026-03-04-21-56-52-775000,__zQ0kS-xjtwKdGt,rl2,697.0,cup_on_saucer_success,"pick up cup with one arm, hand it over to the other arm and place it on the saucer",white_wall,"{""white ceramic cup"",""white saucer""}",False,eva_bimanual,False,-1.0,True,s3://rldb/processed_v3/eva/2026-03-04-21-56-52-775000.zarr,,s3://rldb/processed_v3/eva/2026-03-04-21-56-52-775000.mp4,CC BY-SA 4.0,,2026-03-04 21:56:52.775000+00:00,2026-07-31 21:45:36.954967+00:00,eva,success
2026-03-04-21-55-24-236000,__zQ0kS-xjtwKdGt,rl2,645.0,cup_on_saucer_success,"pick up cup with one arm, hand it over to the other arm and place it on the saucer",white_wall,"{""white ceramic cup"",""white saucer""}",False,eva_bimanual,False,-1.0,True,s3://rldb/processed_v3/eva/2026-03-04-21-55-24-236000.zarr,,s3://rldb/processed_v3/eva/2026-03-04-21-55-24-236000.mp4,CC BY-SA 4.0,,2026-03-04 21:55:24.236000+00:00,2026-07-31 21:45:36.954967+00:00,eva,success
2026-03-04-21-55-45-123000,__zQ0kS-xjtwKdGt,rl2,619.0,cup_on_saucer_success,"pick up cup with one arm, hand it over to the other arm and place it on the saucer",white_wall,"{""white ceramic cup"",""white saucer""}",False,eva_bimanual,False,-1.0,True,s3://rldb/processed_v3/eva/2026-03-04-21-55-45-123000.zarr,,s3://rldb/processed_v3/eva/2026-03-04-21-55-45-123000.mp4,CC BY-SA 4.0,,2026-03-04 21:55:45.123000+00:00,2026-07-31 21:45:36.954967+00:00,eva,success
2026-03-04-18-42-33-489000,pB5ssSy__hBrm6wJ,rl2,654.0,cup_on_saucer_success,"pick up cup with one arm, hand it over to the other arm and place it on the saucer",white_wall,"{""white ceramic cup"",""green square saucer""}",False,eva_bimanual,False,-1.0,True,s3://rldb/processed_v3/eva/2026-03-04-18-42-33-489000.zarr,,s3://rldb/processed_v3/eva/2026-03-04-18-42-33-489000.mp4,CC BY-SA 4.0,,2026-03-04 18:42:33.489000+00:00,2026-07-31 21:45:36.954967+00:00,eva,success
2026-03-04-21-57-07-417000,__zQ0kS-xjtwKdGt,rl2,468.0,cup_on_saucer_success,"pick up cup with one arm, hand it over to the other arm and place it on the saucer",white_wall,"{""white ceramic cup"",""white saucer""}",False,eva_bimanual,False,-1.0,True,s3://rldb/processed_v3/eva/2026-03-04-21-57-07-417000.zarr,,s3://rldb/processed_v3/eva/2026-03-04-21-57-07-417000.mp4,CC BY-SA 4.0,,2026-03-04 21:57:07.417000+00:00,2026-07-31 21:45:36.954967+00:00,eva,success
2026-03-04-21-29-13-559000,EwCW-BuE_nA9dzbr,rl2,726.0,cup_on_saucer_success,"pick up cup with one arm, hand it over to the other arm and place it on the saucer",white_wall,"{""white cup"",""white saucer""}",False,eva_bimanual,False,-1.0,True,s3://rldb/processed_v3/eva/2026-03-04-21-29-13-559000.zarr,,s3://rldb/processed_v3/eva/2026-03-04-21-29-13-559000.mp4,CC BY-SA 4.0,,2026-03-04 21:29:13.559000+00:00,2026-07-31 21:45:36.954967+00:00,eva,success
2026-03-04-21-57-51-030000,__zQ0kS-xjtwKdGt,rl2,367.0,cup_on_saucer_success,"pick up cup with one arm, hand it over to the other arm and place it on the saucer",white_wall,"{""white ceramic cup"",""white saucer""}",False,eva_bimanual,False,-1.0,True,s3://rldb/processed_v3/eva/2026-03-04-21-57-51-030000.zarr,,s3://rldb/processed_v3/eva/2026-03-04-21-57-51-030000.mp4,CC BY-SA 4.0,,2026-03-04 21:57:51.030000+00:00,2026-07-31 21:45:36.954967+00:00,eva,success
2026-03-04-21-58-31-964000,__zQ0kS-xjtwKdGt,rl2,713.0,cup_on_saucer_success,"pick up cup with one arm, hand it over to the other arm and place it on the saucer",white_wall,"{""white ceramic cup"",""white saucer""}",False,eva_bimanual,False,-1.0,True,s3://rldb/processed_v3/eva/2026-03-04-21-58-31-964000.zarr,,s3://rldb/processed_v3/eva/2026-03-04-21-58-31-964000.mp4,CC BY-SA 4.0,,2026-03-04 21:58:31.964000+00:00,2026-07-31 21:45:36.954967+00:00,eva,success
2026-03-04-21-59-39-687000,__zQ0kS-xjtwKdGt,rl2,459.0,cup_on_saucer_success,"pick up cup with one arm, hand it over to the other arm and place it on the saucer",white_wall,"{""white ceramic cup"",""white saucer""}",False,eva_bimanual,False,-1.0,True,s3://rldb/processed_v3/eva/2026-03-04-21-59-39-687000.zarr,,s3://rldb/processed_v3/eva/2026-03-04-21-59-39-687000.mp4,CC BY-SA 4.0,,2026-03-04 21:59:39.687000+00:00,2026-07-31 21:45:36.954967+00:00,eva,success
2026-03-04-22-00-57-509000,__zQ0kS-xjtwKdGt,rl2,573.0,cup_on_saucer_success,"pick up cup with one arm, hand it over to the other arm and place it on the saucer",white_wall,"{""white ceramic cup"",""white saucer""}",False,eva_bimanual,False,-1.0,True,s3://rldb/processed_v3/eva/2026-03-04-22-00-57-509000.zarr,,s3://rldb/processed_v3/eva/2026-03-04-22-00-57-509000.mp4,CC BY-SA 4.0,,2026-03-04 22:00:57.509000+00:00,2026-07-31 21:45:36.954967+00:00,eva,success
2026-03-04-22-00-21-665000,__zQ0kS-xjtwKdGt,rl2,401.0,cup_on_saucer_success,"pick up cup with one arm, hand it over to the other arm and place it on the saucer",white_wall,"{""white ceramic cup"",""white saucer""}",False,eva_bimanual,False,-1.0,True,s3://rldb/processed_v3/eva/2026-03-04-22-00-21-665000.zarr,,s3://rldb/processed_v3/eva/2026-03-04-22-00-21-665000.mp4,CC BY-SA 4.0,,2026-03-04 22:00:21.665000+00:00,2026-07-31 21:45:36.954967+00:00,eva,success
2026-03-04-22-37-10-100000,pB5ssSy__hBrm6wJ,rl2,489.0,cup_on_saucer_success,"pick up cup with one arm, hand it over to the other arm and place it on the saucer",white_wall,"{""pink cup"",""green saucer""}",False,eva_bimanual,False,-1.0,True,s3://rldb/processed_v3/eva/2026-03-04-22-37-10-100000.zarr,,s3://rldb/processed_v3/eva/2026-03-04-22-37-10-100000.mp4,CC BY-SA 4.0,,2026-03-04 22:37:10.100000+00:00,2026-07-31 21:45:36.954967+00:00,eva,success
2026-03-04-22-37-56-271000,pB5ssSy__hBrm6wJ,rl2,458.0,cup_on_saucer_success,"pick up cup with one arm, hand it over to the other arm and place it on the saucer",white_wall,"{""pink cup"",""green saucer""}",False,eva_bimanual,False,-1.0,True,s3://rldb/processed_v3/eva/2026-03-04-22-37-56-271000.zarr,,s3://rldb/processed_v3/eva/2026-03-04-22-37-56-271000.mp4,CC BY-SA 4.0,,2026-03-04 22:37:56.271000+00:00,2026-07-31 21:45:36.954967+00:00,eva,success
2026-03-04-22-37-42-004000,pB5ssSy__hBrm6wJ,rl2,514.0,cup_on_saucer_success,"pick up cup with one arm, hand it over to the other arm and place it on the saucer",white_wall,"{""pink cup"",""green saucer""}",False,eva_bimanual,False,-1.0,True,s3://rldb/processed_v3/eva/2026-03-04-22-37-42-004000.zarr,,s3://rldb/processed_v3/eva/2026-03-04-22-37-42-004000.mp4,CC BY-SA 4.0,,2026-03-04 22:37:42.004000+00:00,2026-07-31 21:45:36.954967+00:00,eva,success
2026-03-04-22-38-14-120000,pB5ssSy__hBrm6wJ,rl2,579.0,cup_on_saucer_success,"pick up cup with one arm, hand it over to the other arm and place it on the saucer",white_wall,"{""pink cup"",""green saucer""}",False,eva_bimanual,False,-1.0,True,s3://rldb/processed_v3/eva/2026-03-04-22-38-14-120000.zarr,,s3://rldb/processed_v3/eva/2026-03-04-22-38-14-120000.mp4,CC BY-SA 4.0,,2026-03-04 22:38:14.120000+00:00,2026-07-31 21:45:36.954967+00:00,eva,success
2026-03-04-22-39-31-117000,pB5ssSy__hBrm6wJ,rl2,485.0,cup_on_saucer_success,"pick up cup with one arm, hand it over to the other arm and place it on the saucer",white_wall,"{""pink cup"",""green saucer""}",False,eva_bimanual,False,-1.0,True,s3://rldb/processed_v3/eva/2026-03-04-22-39-31-117000.zarr,,s3://rldb/processed_v3/eva/2026-03-04-22-39-31-117000.mp4,CC BY-SA 4.0,,2026-03-04 22:39:31.117000+00:00,2026-07-31 21:45:36.954967+00:00,eva,success
2026-03-04-22-38-44-525000,pB5ssSy__hBrm6wJ,rl2,503.0,cup_on_saucer_success,"pick up cup with one arm, hand it over to the other arm and place it on the saucer",white_wall,"{""pink cup"",""green saucer""}",False,eva_bimanual,False,-1.0,True,s3://rldb/processed_v3/eva/2026-03-04-22-38-44-525000.zarr,,s3://rldb/processed_v3/eva/2026-03-04-22-38-44-525000.mp4,CC BY-SA 4.0,,2026-03-04 22:38:44.525000+00:00,2026-07-31 21:45:36.954967+00:00,eva,success
2026-03-04-22-41-18-248000,pB5ssSy__hBrm6wJ,rl2,644.0,cup_on_saucer_success,"pick up cup with one arm, hand it over to the other arm and place it on the saucer",white_wall,"{""pink cup"",""green saucer""}",False,eva_bimanual,False,-1.0,True,s3://rldb/processed_v3/eva/2026-03-04-22-41-18-248000.zarr,,s3://rldb/processed_v3/eva/2026-03-04-22-41-18-248000.mp4,CC BY-SA 4.0,,2026-03-04 22:41:18.248000+00:00,2026-07-31 21:45:36.954967+00:00,eva,success
2026-03-04-22-40-23-107000,pB5ssSy__hBrm6wJ,rl2,465.0,cup_on_saucer_success,"pick up cup with one arm, hand it over to the other arm and place it on the saucer",white_wall,"{""pink cup"",""green saucer""}",False,eva_bimanual,False,-1.0,True,s3://rldb/processed_v3/eva/2026-03-04-22-40-23-107000.zarr,,s3://rldb/processed_v3/eva/2026-03-04-22-40-23-107000.mp4,CC BY-SA 4.0,,2026-03-04 22:40:23.107000+00:00,2026-07-31 21:45:36.954967+00:00,eva,success
2026-03-04-22-44-05-796000,pB5ssSy__hBrm6wJ,rl2,684.0,cup_on_saucer_success,"pick up cup with one arm, hand it over to the other arm and place it on the saucer",white_wall,"{""pink cup"",""green saucer""}",False,eva_bimanual,False,-1.0,True,s3://rldb/processed_v3/eva/2026-03-04-22-44-05-796000.zarr,,s3://rldb/processed_v3/eva/2026-03-04-22-44-05-796000.mp4,CC BY-SA 4.0,,2026-03-04 22:44:05.796000+00:00,2026-07-31 21:45:36.954967+00:00,eva,success
2026-03-04-22-40-41-994000,pB5ssSy__hBrm6wJ,rl2,569.0,cup_on_saucer_success,"pick up cup with one arm, hand it over to the other arm and place it on the saucer",white_wall,"{""pink cup"",""green saucer""}",False,eva_bimanual,False,-1.0,True,s3://rldb/processed_v3/eva/2026-03-04-22-40-41-994000.zarr,,s3://rldb/processed_v3/eva/2026-03-04-22-40-41-994000.mp4,CC BY-SA 4.0,,2026-03-04 22:40:41.994000+00:00,2026-07-31 21:45:36.954967+00:00,eva,success
2026-03-04-22-41-52-398000,pB5ssSy__hBrm6wJ,rl2,578.0,cup_on_saucer_success,"pick up cup with one arm, hand it over to the other arm and place it on the saucer",white_wall,"{""pink cup"",""green saucer""}",False,eva_bimanual,False,-1.0,True,s3://rldb/processed_v3/eva/2026-03-04-22-41-52-398000.zarr,,s3://rldb/processed_v3/eva/2026-03-04-22-41-52-398000.mp4,CC BY-SA 4.0,,2026-03-04 22:41:52.398000+00:00,2026-07-31 21:45:36.954967+00:00,eva,success
2026-03-04-22-43-18-116000,pB5ssSy__hBrm6wJ,rl2,456.0,cup_on_saucer_success,"pick up cup with one arm, hand it over to the other arm and place it on the saucer",white_wall,"{""pink cup"",""green saucer""}",False,eva_bimanual,False,-1.0,True,s3://rldb/processed_v3/eva/2026-03-04-22-43-18-116000.zarr,,s3://rldb/processed_v3/eva/2026-03-04-22-43-18-116000.mp4,CC BY-SA 4.0,,2026-03-04 22:43:18.116000+00:00,2026-07-31 21:45:36.954967+00:00,eva,success
2026-03-04-22-43-46-427000,pB5ssSy__hBrm6wJ,rl2,354.0,cup_on_saucer_success,"pick up cup with one arm, hand it over to the other arm and place it on the saucer",white_wall,"{""pink cup"",""green saucer""}",False,eva_bimanual,False,-1.0,True,s3://rldb/processed_v3/eva/2026-03-04-22-43-46-427000.zarr,,s3://rldb/processed_v3/eva/2026-03-04-22-43-46-427000.mp4,CC BY-SA 4.0,,2026-03-04 22:43:46.427000+00:00,2026-07-31 21:45:36.954967+00:00,eva,success
2026-03-04-22-42-34-821000,pB5ssSy__hBrm6wJ,rl2,514.0,cup_on_saucer_success,"pick up cup with one arm, hand it over to the other arm and place it on the saucer",white_wall,"{""pink cup"",""green saucer""}",False,eva_bimanual,False,-1.0,True,s3://rldb/processed_v3/eva/2026-03-04-22-42-34-821000.zarr,,s3://rldb/processed_v3/eva/2026-03-04-22-42-34-821000.mp4,CC BY-SA 4.0,,2026-03-04 22:42:34.821000+00:00,2026-07-31 21:45:36.954967+00:00,eva,success
2026-03-04-22-44-32-599000,pB5ssSy__hBrm6wJ,rl2,434.0,cup_on_saucer_success,"pick up cup with one arm, hand it over to the other arm and place it on the saucer",white_wall,"{""pink cup"",""green saucer""}",False,eva_bimanual,False,-1.0,True,s3://rldb/processed_v3/eva/2026-03-04-22-44-32-599000.zarr,,s3://rldb/processed_v3/eva/2026-03-04-22-44-32-599000.mp4,CC BY-SA 4.0,,2026-03-04 22:44:32.599000+00:00,2026-07-31 21:45:36.954967+00:00,eva,success
2026-03-04-22-45-52-957000,pB5ssSy__hBrm6wJ,rl2,459.0,cup_on_saucer_success,"pick up cup with one arm, hand it over to the other arm and place it on the saucer",white_wall,"{""pink cup"",""green saucer""}",False,eva_bimanual,False,-1.0,True,s3://rldb/processed_v3/eva/2026-03-04-22-45-52-957000.zarr,,s3://rldb/processed_v3/eva/2026-03-04-22-45-52-957000.mp4,CC BY-SA 4.0,,2026-03-04 22:45:52.957000+00:00,2026-07-31 21:45:36.954967+00:00,eva,success
2026-03-04-22-44-47-707000,pB5ssSy__hBrm6wJ,rl2,479.0,cup_on_saucer_success,"pick up cup with one arm, hand it over to the other arm and place it on the saucer",white_wall,"{""pink cup"",""green saucer""}",False,eva_bimanual,False,-1.0,True,s3://rldb/processed_v3/eva/2026-03-04-22-44-47-707000.zarr,,s3://rldb/processed_v3/eva/2026-03-04-22-44-47-707000.mp4,CC BY-SA 4.0,,2026-03-04 22:44:47.707000+00:00,2026-07-31 21:45:36.954967+00:00,eva,success
2026-03-04-22-45-02-574000,pB5ssSy__hBrm6wJ,rl2,476.0,cup_on_saucer_success,"pick up cup with one arm, hand it over to the other arm and place it on the saucer",white_wall,"{""pink cup"",""green saucer""}",False,eva_bimanual,False,-1.0,True,s3://rldb/processed_v3/eva/2026-03-04-22-45-02-574000.zarr,,s3://rldb/processed_v3/eva/2026-03-04-22-45-02-574000.mp4,CC BY-SA 4.0,,2026-03-04 22:45:02.574000+00:00,2026-07-31 21:45:36.954967+00:00,eva,success
2026-03-04-22-46-55-754000,pB5ssSy__hBrm6wJ,rl2,377.0,cup_on_saucer_success,"pick up cup with one arm, hand it over to the other arm and place it on the saucer",white_wall,"{""pink cup"",""green saucer""}",False,eva_bimanual,False,-1.0,True,s3://rldb/processed_v3/eva/2026-03-04-22-46-55-754000.zarr,,s3://rldb/processed_v3/eva/2026-03-04-22-46-55-754000.mp4,CC BY-SA 4.0,,2026-03-04 22:46:55.754000+00:00,2026-07-31 21:45:36.954967+00:00,eva,success
2026-03-04-22-46-25-478000,pB5ssSy__hBrm6wJ,rl2,519.0,cup_on_saucer_success,"pick up cup with one arm, hand it over to the other arm and place it on the saucer",white_wall,"{""pink cup"",""green saucer""}",False,eva_bimanual,False,-1.0,True,s3://rldb/processed_v3/eva/2026-03-04-22-46-25-478000.zarr,,s3://rldb/processed_v3/eva/2026-03-04-22-46-25-478000.mp4,CC BY-SA 4.0,,2026-03-04 22:46:25.478000+00:00,2026-07-31 21:45:36.954967+00:00,eva,success
2026-03-04-23-13-55-082000,pB5ssSy__hBrm6wJ,rl2,553.0,cup_on_saucer_success,"pick up cup with one arm, hand it over to the other arm and place it on the saucer",white_wall,"{""pink cup"",""yellow saucer""}",False,eva_bimanual,False,-1.0,True,s3://rldb/processed_v3/eva/2026-03-04-23-13-55-082000.zarr,,s3://rldb/processed_v3/eva/2026-03-04-23-13-55-082000.mp4,CC BY-SA 4.0,,2026-03-04 23:13:55.082000+00:00,2026-07-31 21:45:36.954967+00:00,eva,success
2026-03-04-22-46-43-776000,pB5ssSy__hBrm6wJ,rl2,573.0,cup_on_saucer_success,"pick up cup with one arm, hand it over to the other arm and place it on the saucer",white_wall,"{""pink cup"",""green saucer""}",False,eva_bimanual,False,-1.0,True,s3://rldb/processed_v3/eva/2026-03-04-22-46-43-776000.zarr,,s3://rldb/processed_v3/eva/2026-03-04-22-46-43-776000.mp4,CC BY-SA 4.0,,2026-03-04 22:46:43.776000+00:00,2026-07-31 21:45:36.954967+00:00,eva,success
2026-03-04-22-47-10-810000,pB5ssSy__hBrm6wJ,rl2,485.0,cup_on_saucer_success,"pick up cup with one arm, hand it over to the other arm and place it on the saucer",white_wall,"{""pink cup"",""green saucer""}",False,eva_bimanual,False,-1.0,True,s3://rldb/processed_v3/eva/2026-03-04-22-47-10-810000.zarr,,s3://rldb/processed_v3/eva/2026-03-04-22-47-10-810000.mp4,CC BY-SA 4.0,,2026-03-04 22:47:10.810000+00:00,2026-07-31 21:45:36.954967+00:00,eva,success
2026-03-04-23-12-03-844000,pB5ssSy__hBrm6wJ,rl2,509.0,cup_on_saucer_failure,"pick up cup with one arm, hand it over to the other arm and place it on the saucer",white_wall,"{""pink cup"",""yellow saucer""}",False,eva_bimanual,False,-1.0,True,s3://rldb/processed_v3/eva/2026-03-04-23-12-03-844000.zarr,,s3://rldb/processed_v3/eva/2026-03-04-23-12-03-844000.mp4,CC BY-SA 4.0,,2026-03-04 23:12:03.844000+00:00,2026-07-31 21:45:36.954967+00:00,eva,failure
2026-03-04-23-11-47-918000,pB5ssSy__hBrm6wJ,rl2,611.0,cup_on_saucer_failure,"pick up cup with one arm, hand it over to the other arm and place it on the saucer",white_wall,"{""pink cup"",""yellow saucer""}",False,eva_bimanual,False,-1.0,True,s3://rldb/processed_v3/eva/2026-03-04-23-11-47-918000.zarr,,s3://rldb/processed_v3/eva/2026-03-04-23-11-47-918000.mp4,CC BY-SA 4.0,,2026-03-04 23:11:47.918000+00:00,2026-07-31 21:45:36.954967+00:00,eva,failure
2026-03-04-23-13-40-793000,pB5ssSy__hBrm6wJ,rl2,645.0,cup_on_saucer_success,"pick up cup with one arm, hand it over to the other arm and place it on the saucer",white_wall,"{""pink cup"",""yellow saucer""}",False,eva_bimanual,False,-1.0,True,s3://rldb/processed_v3/eva/2026-03-04-23-13-40-793000.zarr,,s3://rldb/processed_v3/eva/2026-03-04-23-13-40-793000.mp4,CC BY-SA 4.0,,2026-03-04 23:13:40.793000+00:00,2026-07-31 21:45:36.954967+00:00,eva,success
2026-03-04-23-15-10-631000,pB5ssSy__hBrm6wJ,rl2,692.0,cup_on_saucer_success,"pick up cup with one arm, hand it over to the other arm and place it on the saucer",white_wall,"{""pink cup"",""yellow saucer""}",False,eva_bimanual,False,-1.0,True,s3://rldb/processed_v3/eva/2026-03-04-23-15-10-631000.zarr,,s3://rldb/processed_v3/eva/2026-03-04-23-15-10-631000.mp4,CC BY-SA 4.0,,2026-03-04 23:15:10.631000+00:00,2026-07-31 21:45:36.954967+00:00,eva,success
2026-03-04-23-15-27-980000,pB5ssSy__hBrm6wJ,rl2,679.0,cup_on_saucer_success,"pick up cup with one arm, hand it over to the other arm and place it on the saucer",white_wall,"{""pink cup"",""yellow saucer""}",False,eva_bimanual,False,-1.0,True,s3://rldb/processed_v3/eva/2026-03-04-23-15-27-980000.zarr,,s3://rldb/processed_v3/eva/2026-03-04-23-15-27-980000.mp4,CC BY-SA 4.0,,2026-03-04 23:15:27.980000+00:00,2026-07-31 21:45:36.954967+00:00,eva,success
2026-03-04-23-16-45-999000,pB5ssSy__hBrm6wJ,rl2,604.0,cup_on_saucer_success,"pick up cup with one arm, hand it over to the other arm and place it on the saucer",white_wall,"{""pink cup"",""yellow saucer""}",False,eva_bimanual,False,-1.0,True,s3://rldb/processed_v3/eva/2026-03-04-23-16-45-999000.zarr,,s3://rldb/processed_v3/eva/2026-03-04-23-16-45-999000.mp4,CC BY-SA 4.0,,2026-03-04 23:16:45.999000+00:00,2026-07-31 21:45:36.954967+00:00,eva,success
2026-03-04-23-15-44-640000,pB5ssSy__hBrm6wJ,rl2,547.0,cup_on_saucer_success,"pick up cup with one arm, hand it over to the other arm and place it on the saucer",white_wall,"{""pink cup"",""yellow saucer""}",False,eva_bimanual,False,-1.0,True,s3://rldb/processed_v3/eva/2026-03-04-23-15-44-640000.zarr,,s3://rldb/processed_v3/eva/2026-03-04-23-15-44-640000.mp4,CC BY-SA 4.0,,2026-03-04 23:15:44.640000+00:00,2026-07-31 21:45:36.954967+00:00,eva,success
2026-03-04-23-17-04-643000,pB5ssSy__hBrm6wJ,rl2,740.0,cup_on_saucer_success,"pick up cup with one arm, hand it over to the other arm and place it on the saucer",white_wall,"{""pink cup"",""yellow saucer""}",False,eva_bimanual,False,-1.0,True,s3://rldb/processed_v3/eva/2026-03-04-23-17-04-643000.zarr,,s3://rldb/processed_v3/eva/2026-03-04-23-17-04-643000.mp4,CC BY-SA 4.0,,2026-03-04 23:17:04.643000+00:00,2026-07-31 21:45:36.954967+00:00,eva,success
2026-03-04-23-18-01-275000,pB5ssSy__hBrm6wJ,rl2,647.0,cup_on_saucer_success,"pick up cup with one arm, hand it over to the other arm and place it on the saucer",white_wall,"{""pink cup"",""yellow saucer""}",False,eva_bimanual,False,-1.0,True,s3://rldb/processed_v3/eva/2026-03-04-23-18-01-275000.zarr,,s3://rldb/processed_v3/eva/2026-03-04-23-18-01-275000.mp4,CC BY-SA 4.0,,2026-03-04 23:18:01.275000+00:00,2026-07-31 21:45:36.954967+00:00,eva,success
2026-03-04-23-19-58-483000,pB5ssSy__hBrm6wJ,rl2,729.0,cup_on_saucer_success,"pick up cup with one arm, hand it over to the other arm and place it on the saucer",white_wall,"{""pink cup"",""yellow saucer""}",False,eva_bimanual,False,-1.0,True,s3://rldb/processed_v3/eva/2026-03-04-23-19-58-483000.zarr,,s3://rldb/processed_v3/eva/2026-03-04-23-19-58-483000.mp4,CC BY-SA 4.0,,2026-03-04 23:19:58.483000+00:00,2026-07-31 21:45:36.954967+00:00,eva,success
2026-03-04-23-20-15-191000,pB5ssSy__hBrm6wJ,rl2,608.0,cup_on_saucer_success,"pick up cup with one arm, hand it over to the other arm and place it on the saucer",white_wall,"{""pink cup"",""yellow saucer""}",False,eva_bimanual,False,-1.0,True,s3://rldb/processed_v3/eva/2026-03-04-23-20-15-191000.zarr,,s3://rldb/processed_v3/eva/2026-03-04-23-20-15-191000.mp4,CC BY-SA 4.0,,2026-03-04 23:20:15.191000+00:00,2026-07-31 21:45:36.954967+00:00,eva,success
2026-03-04-23-19-34-586000,pB5ssSy__hBrm6wJ,rl2,615.0,cup_on_saucer_success,"pick up cup with one arm, hand it over to the other arm and place it on the saucer",white_wall,"{""pink cup"",""yellow saucer""}",False,eva_bimanual,False,-1.0,True,s3://rldb/processed_v3/eva/2026-03-04-23-19-34-586000.zarr,,s3://rldb/processed_v3/eva/2026-03-04-23-19-34-586000.mp4,CC BY-SA 4.0,,2026-03-04 23:19:34.586000+00:00,2026-07-31 21:45:36.954967+00:00,eva,success
2026-03-04-23-20-43-350000,pB5ssSy__hBrm6wJ,rl2,1055.0,cup_on_saucer_success,"pick up cup with one arm, hand it over to the other arm and place it on the saucer",white_wall,"{""pink cup"",""yellow saucer""}",False,eva_bimanual,False,-1.0,True,s3://rldb/processed_v3/eva/2026-03-04-23-20-43-350000.zarr,,s3://rldb/processed_v3/eva/2026-03-04-23-20-43-350000.mp4,CC BY-SA 4.0,,2026-03-04 23:20:43.350000+00:00,2026-07-31 21:45:36.954967+00:00,eva,success
2026-03-04-23-21-46-886000,pB5ssSy__hBrm6wJ,rl2,632.0,cup_on_saucer_success,"pick up cup with one arm, hand it over to the other arm and place it on the saucer",white_wall,"{""pink cup"",""yellow saucer""}",False,eva_bimanual,False,-1.0,True,s3://rldb/processed_v3/eva/2026-03-04-23-21-46-886000.zarr,,s3://rldb/processed_v3/eva/2026-03-04-23-21-46-886000.mp4,CC BY-SA 4.0,,2026-03-04 23:21:46.886000+00:00,2026-07-31 21:45:36.954967+00:00,eva,success
2026-03-04-23-24-17-271000,pB5ssSy__hBrm6wJ,rl2,799.0,cup_on_saucer_success,"pick up cup with one arm, hand it over to the other arm and place it on the saucer",white_wall,"{""pink cup"",""yellow saucer""}",False,eva_bimanual,False,-1.0,True,s3://rldb/processed_v3/eva/2026-03-04-23-24-17-271000.zarr,,s3://rldb/processed_v3/eva/2026-03-04-23-24-17-271000.mp4,CC BY-SA 4.0,,2026-03-04 23:24:17.271000+00:00,2026-07-31 21:45:36.954967+00:00,eva,success
2026-03-04-23-23-36-945000,pB5ssSy__hBrm6wJ,rl2,874.0,cup_on_saucer_success,"pick up cup with one arm, hand it over to the other arm and place it on the saucer",white_wall,"{""pink cup"",""yellow saucer""}",False,eva_bimanual,False,-1.0,True,s3://rldb/processed_v3/eva/2026-03-04-23-23-36-945000.zarr,,s3://rldb/processed_v3/eva/2026-03-04-23-23-36-945000.mp4,CC BY-SA 4.0,,2026-03-04 23:23:36.945000+00:00,2026-07-31 21:45:36.954967+00:00,eva,success
2026-03-04-23-22-50-059000,pB5ssSy__hBrm6wJ,rl2,605.0,cup_on_saucer_success,"pick up cup with one arm, hand it over to the other arm and place it on the saucer",white_wall,"{""pink cup"",""yellow saucer""}",False,eva_bimanual,False,-1.0,True,s3://rldb/processed_v3/eva/2026-03-04-23-22-50-059000.zarr,,s3://rldb/processed_v3/eva/2026-03-04-23-22-50-059000.mp4,CC BY-SA 4.0,,2026-03-04 23:22:50.059000+00:00,2026-07-31 21:45:36.954967+00:00,eva,success
2026-03-04-23-22-11-482000,pB5ssSy__hBrm6wJ,rl2,931.0,cup_on_saucer_success,"pick up cup with one arm, hand it over to the other arm and place it on the saucer",white_wall,"{""pink cup"",""yellow saucer""}",False,eva_bimanual,False,-1.0,True,s3://rldb/processed_v3/eva/2026-03-04-23-22-11-482000.zarr,,s3://rldb/processed_v3/eva/2026-03-04-23-22-11-482000.mp4,CC BY-SA 4.0,,2026-03-04 23:22:11.482000+00:00,2026-07-31 21:45:36.954967+00:00,eva,success
2026-03-07-23-18-09-793000,pB5ssSy__hBrm6wJ,rl2,1386.0,cup_on_saucer_success,"pick up cup with one arm, hand it over to the other arm and place it on the saucer",white_wall,"{""pink cup"",""white saucer""}",False,eva_bimanual,False,-1.0,True,s3://rldb/processed_v3/eva/2026-03-07-23-18-09-793000.zarr,,s3://rldb/processed_v3/eva/2026-03-07-23-18-09-793000.mp4,CC BY-SA 4.0,,2026-03-07 23:18:09.793000+00:00,2026-07-31 21:45:36.954967+00:00,eva,success
2026-03-01-21-33-55-539000,EwCW-BuE_nA9dzbr,rl2,1684.0,cup_on_saucer_failure,"pick up cup with one arm, hand it over to the other arm and place it on the saucer",white_wall,"{""white cup"",""white saucer""}",False,eva_bimanual,False,-1.0,True,s3://rldb/processed_v3/eva/2026-03-01-21-33-55-539000.zarr,,s3://rldb/processed_v3/eva/2026-03-01-21-33-55-539000.mp4,CC BY-SA 4.0,,2026-03-01 21:33:55.539000+00:00,2026-07-31 21:45:36.954967+00:00,eva,failure
2026-03-01-21-33-11-346000,EwCW-BuE_nA9dzbr,rl2,1440.0,cup_on_saucer_failure,"pick up cup with one arm, hand it over to the other arm and place it on the saucer",white_wall,"{""white cup"",""white saucer""}",False,eva_bimanual,False,-1.0,True,s3://rldb/processed_v3/eva/2026-03-01-21-33-11-346000.zarr,,s3://rldb/processed_v3/eva/2026-03-01-21-33-11-346000.mp4,CC BY-SA 4.0,,2026-03-01 21:33:11.346000+00:00,2026-07-31 21:45:36.954967+00:00,eva,failure
2026-03-01-21-36-54-503000,EwCW-BuE_nA9dzbr,rl2,2186.0,cup_on_saucer_failure,"pick up cup with one arm, hand it over to the other arm and place it on the saucer",white_wall,"{""white cup"",""white saucer""}",False,eva_bimanual,False,-1.0,True,s3://rldb/processed_v3/eva/2026-03-01-21-36-54-503000.zarr,,s3://rldb/processed_v3/eva/2026-03-01-21-36-54-503000.mp4,CC BY-SA 4.0,,2026-03-01 21:36:54.503000+00:00,2026-07-31 21:45:36.954967+00:00,eva,failure
2026-03-04-18-40-05-492000,pB5ssSy__hBrm6wJ,rl2,676.0,cup_on_saucer_success,"pick up cup with one arm, hand it over to the other arm and place it on the saucer",white_wall,"{""white ceramic cup"",""green square saucer""}",False,eva_bimanual,False,-1.0,True,s3://rldb/processed_v3/eva/2026-03-04-18-40-05-492000.zarr,,s3://rldb/processed_v3/eva/2026-03-04-18-40-05-492000.mp4,CC BY-SA 4.0,,2026-03-04 18:40:05.492000+00:00,2026-07-31 21:45:36.954967+00:00,eva,success
2026-03-04-19-09-31-678000,EwCW-BuE_nA9dzbr,rl2,599.0,cup_on_saucer_failure,"pick up cup with one arm, hand it over to the other arm and place it on the saucer",white_wall,"{""white cup"",""green square saucer""}",False,eva_bimanual,False,-1.0,True,s3://rldb/processed_v3/eva/2026-03-04-19-09-31-678000.zarr,,s3://rldb/processed_v3/eva/2026-03-04-19-09-31-678000.mp4,CC BY-SA 4.0,,2026-03-04 19:09:31.678000+00:00,2026-07-31 21:45:36.954967+00:00,eva,failure
2026-03-04-19-11-27-367000,EwCW-BuE_nA9dzbr,rl2,654.0,cup_on_saucer_success,"pick up cup with one arm, hand it over to the other arm and place it on the saucer",white_wall,"{""white cup"",""green square saucer""}",False,eva_bimanual,False,-1.0,True,s3://rldb/processed_v3/eva/2026-03-04-19-11-27-367000.zarr,,s3://rldb/processed_v3/eva/2026-03-04-19-11-27-367000.mp4,CC BY-SA 4.0,,2026-03-04 19:11:27.367000+00:00,2026-07-31 21:45:36.954967+00:00,eva,success
2026-03-04-19-12-50-523000,EwCW-BuE_nA9dzbr,rl2,896.0,cup_on_saucer_success,"pick up cup with one arm, hand it over to the other arm and place it on the saucer",white_wall,"{""white cup"",""green square saucer""}",False,eva_bimanual,False,-1.0,True,s3://rldb/processed_v3/eva/2026-03-04-19-12-50-523000.zarr,,s3://rldb/processed_v3/eva/2026-03-04-19-12-50-523000.mp4,CC BY-SA 4.0,,2026-03-04 19:12:50.523000+00:00,2026-07-31 21:45:36.954967+00:00,eva,success
2026-03-04-19-10-14-587000,EwCW-BuE_nA9dzbr,rl2,745.0,cup_on_saucer_failure,"pick up cup with one arm, hand it over to the other arm and place it on the saucer",white_wall,"{""white cup"",""green square saucer""}",False,eva_bimanual,False,-1.0,True,s3://rldb/processed_v3/eva/2026-03-04-19-10-14-587000.zarr,,s3://rldb/processed_v3/eva/2026-03-04-19-10-14-587000.mp4,CC BY-SA 4.0,,2026-03-04 19:10:14.587000+00:00,2026-07-31 21:45:36.954967+00:00,eva,failure
2026-03-04-19-09-13-725000,EwCW-BuE_nA9dzbr,rl2,677.0,cup_on_saucer_failure,"pick up cup with one arm, hand it over to the other arm and place it on the saucer",white_wall,"{""white cup"",""green square saucer""}",False,eva_bimanual,False,-1.0,True,s3://rldb/processed_v3/eva/2026-03-04-19-09-13-725000.zarr,,s3://rldb/processed_v3/eva/2026-03-04-19-09-13-725000.mp4,CC BY-SA 4.0,,2026-03-04 19:09:13.725000+00:00,2026-07-31 21:45:36.954967+00:00,eva,failure
2026-03-04-19-16-29-371000,EwCW-BuE_nA9dzbr,rl2,586.0,cup_on_saucer_success,"pick up cup with one arm, hand it over to the other arm and place it on the saucer",white_wall,"{""white cup"",""green square saucer""}",False,eva_bimanual,False,-1.0,True,s3://rldb/processed_v3/eva/2026-03-04-19-16-29-371000.zarr,,s3://rldb/processed_v3/eva/2026-03-04-19-16-29-371000.mp4,CC BY-SA 4.0,,2026-03-04 19:16:29.371000+00:00,2026-07-31 21:45:36.954967+00:00,eva,success
2026-03-04-19-19-23-669000,EwCW-BuE_nA9dzbr,rl2,726.0,cup_on_saucer_success,"pick up cup with one arm, hand it over to the other arm and place it on the saucer",white_wall,"{""white cup"",""green square saucer""}",False,eva_bimanual,False,-1.0,True,s3://rldb/processed_v3/eva/2026-03-04-19-19-23-669000.zarr,,s3://rldb/processed_v3/eva/2026-03-04-19-19-23-669000.mp4,CC BY-SA 4.0,,2026-03-04 19:19:23.669000+00:00,2026-07-31 21:45:36.954967+00:00,eva,success
2026-03-04-19-19-40-939000,EwCW-BuE_nA9dzbr,rl2,553.0,cup_on_saucer_success,"pick up cup with one arm, hand it over to the other arm and place it on the saucer",white_wall,"{""white cup"",""green square saucer""}",False,eva_bimanual,False,-1.0,True,s3://rldb/processed_v3/eva/2026-03-04-19-19-40-939000.zarr,,s3://rldb/processed_v3/eva/2026-03-04-19-19-40-939000.mp4,CC BY-SA 4.0,,2026-03-04 19:19:40.939000+00:00,2026-07-31 21:45:36.954967+00:00,eva,success
2026-03-04-19-20-45-432000,EwCW-BuE_nA9dzbr,rl2,677.0,cup_on_saucer_success,"pick up cup with one arm, hand it over to the other arm and place it on the saucer",white_wall,"{""white cup"",""green square saucer""}",False,eva_bimanual,False,-1.0,True,s3://rldb/processed_v3/eva/2026-03-04-19-20-45-432000.zarr,,s3://rldb/processed_v3/eva/2026-03-04-19-20-45-432000.mp4,CC BY-SA 4.0,,2026-03-04 19:20:45.432000+00:00,2026-07-31 21:45:36.954967+00:00,eva,success
2026-03-04-19-21-44-763000,EwCW-BuE_nA9dzbr,rl2,868.0,cup_on_saucer_success,"pick up cup with one arm, hand it over to the other arm and place it on the saucer",white_wall,"{""white cup"",""green square saucer""}",False,eva_bimanual,False,-1.0,True,s3://rldb/processed_v3/eva/2026-03-04-19-21-44-763000.zarr,,s3://rldb/processed_v3/eva/2026-03-04-19-21-44-763000.mp4,CC BY-SA 4.0,,2026-03-04 19:21:44.763000+00:00,2026-07-31 21:45:36.954967+00:00,eva,success
2026-03-04-19-22-49-310000,EwCW-BuE_nA9dzbr,rl2,696.0,cup_on_saucer_success,"pick up cup with one arm, hand it over to the other arm and place it on the saucer",white_wall,"{""white cup"",""green square saucer""}",False,eva_bimanual,False,-1.0,True,s3://rldb/processed_v3/eva/2026-03-04-19-22-49-310000.zarr,,s3://rldb/processed_v3/eva/2026-03-04-19-22-49-310000.mp4,CC BY-SA 4.0,,2026-03-04 19:22:49.310000+00:00,2026-07-31 21:45:36.954967+00:00,eva,success
2026-03-04-19-44-52-580000,__zQ0kS-xjtwKdGt,rl2,596.0,cup_on_saucer_failure,"pick up cup with one arm, hand it over to the other arm and place it on the saucer",white_wall,"{""white ceramic cup"",""yellow saucer""}",False,eva_bimanual,False,-1.0,True,s3://rldb/processed_v3/eva/2026-03-04-19-44-52-580000.zarr,,s3://rldb/processed_v3/eva/2026-03-04-19-44-52-580000.mp4,CC BY-SA 4.0,,2026-03-04 19:44:52.580000+00:00,2026-07-31 21:45:36.954967+00:00,eva,failure
2026-03-04-19-45-04-612000,__zQ0kS-xjtwKdGt,rl2,494.0,cup_on_saucer_failure,"pick up cup with one arm, hand it over to the other arm and place it on the saucer",white_wall,"{""white ceramic cup"",""yellow saucer""}",False,eva_bimanual,False,-1.0,True,s3://rldb/processed_v3/eva/2026-03-04-19-45-04-612000.zarr,,s3://rldb/processed_v3/eva/2026-03-04-19-45-04-612000.mp4,CC BY-SA 4.0,,2026-03-04 19:45:04.612000+00:00,2026-07-31 21:45:36.954967+00:00,eva,failure
2026-03-04-19-46-46-103000,__zQ0kS-xjtwKdGt,rl2,541.0,cup_on_saucer_success,"pick up cup with one arm, hand it over to the other arm and place it on the saucer",white_wall,"{""white ceramic cup"",""yellow saucer""}",False,eva_bimanual,False,-1.0,True,s3://rldb/processed_v3/eva/2026-03-04-19-46-46-103000.zarr,,s3://rldb/processed_v3/eva/2026-03-04-19-46-46-103000.mp4,CC BY-SA 4.0,,2026-03-04 19:46:46.103000+00:00,2026-07-31 21:45:36.954967+00:00,eva,success
2026-03-04-19-45-38-078000,__zQ0kS-xjtwKdGt,rl2,381.0,cup_on_saucer_failure,"pick up cup with one arm, hand it over to the other arm and place it on the saucer",white_wall,"{""white ceramic cup"",""yellow saucer""}",False,eva_bimanual,False,-1.0,True,s3://rldb/processed_v3/eva/2026-03-04-19-45-38-078000.zarr,,s3://rldb/processed_v3/eva/2026-03-04-19-45-38-078000.mp4,CC BY-SA 4.0,,2026-03-04 19:45:38.078000+00:00,2026-07-31 21:45:36.954967+00:00,eva,failure
2026-03-04-19-47-23-270000,__zQ0kS-xjtwKdGt,rl2,527.0,cup_on_saucer_success,"pick up cup with one arm, hand it over to the other arm and place it on the saucer",white_wall,"{""white ceramic cup"",""yellow saucer""}",False,eva_bimanual,False,-1.0,True,s3://rldb/processed_v3/eva/2026-03-04-19-47-23-270000.zarr,,s3://rldb/processed_v3/eva/2026-03-04-19-47-23-270000.mp4,CC BY-SA 4.0,,2026-03-04 19:47:23.270000+00:00,2026-07-31 21:45:36.954967+00:00,eva,success
2026-03-04-19-46-11-363000,__zQ0kS-xjtwKdGt,rl2,318.0,cup_on_saucer_failure,"pick up cup with one arm, hand it over to the other arm and place it on the saucer",white_wall,"{""white ceramic cup"",""yellow saucer""}",False,eva_bimanual,False,-1.0,True,s3://rldb/processed_v3/eva/2026-03-04-19-46-11-363000.zarr,,s3://rldb/processed_v3/eva/2026-03-04-19-46-11-363000.mp4,CC BY-SA 4.0,,2026-03-04 19:46:11.363000+00:00,2026-07-31 21:45:36.954967+00:00,eva,failure
2026-03-04-19-46-03-439000,__zQ0kS-xjtwKdGt,rl2,492.0,cup_on_saucer_failure,"pick up cup with one arm, hand it over to the other arm and place it on the saucer",white_wall,"{""white ceramic cup"",""yellow saucer""}",False,eva_bimanual,False,-1.0,True,s3://rldb/processed_v3/eva/2026-03-04-19-46-03-439000.zarr,,s3://rldb/processed_v3/eva/2026-03-04-19-46-03-439000.mp4,CC BY-SA 4.0,,2026-03-04 19:46:03.439000+00:00,2026-07-31 21:45:36.954967+00:00,eva,failure
2026-03-04-19-48-10-512000,__zQ0kS-xjtwKdGt,rl2,541.0,cup_on_saucer_success,"pick up cup with one arm, hand it over to the other arm and place it on the saucer",white_wall,"{""white ceramic cup"",""yellow saucer""}",False,eva_bimanual,False,-1.0,True,s3://rldb/processed_v3/eva/2026-03-04-19-48-10-512000.zarr,,s3://rldb/processed_v3/eva/2026-03-04-19-48-10-512000.mp4,CC BY-SA 4.0,,2026-03-04 19:48:10.512000+00:00,2026-07-31 21:45:36.954967+00:00,eva,success
2026-03-04-19-48-55-124000,__zQ0kS-xjtwKdGt,rl2,524.0,cup_on_saucer_success,"pick up cup with one arm, hand it over to the other arm and place it on the saucer",white_wall,"{""white ceramic cup"",""yellow saucer""}",False,eva_bimanual,False,-1.0,True,s3://rldb/processed_v3/eva/2026-03-04-19-48-55-124000.zarr,,s3://rldb/processed_v3/eva/2026-03-04-19-48-55-124000.mp4,CC BY-SA 4.0,,2026-03-04 19:48:55.124000+00:00,2026-07-31 21:45:36.954967+00:00,eva,success
2026-03-04-19-50-11-464000,__zQ0kS-xjtwKdGt,rl2,519.0,cup_on_saucer_success,"pick up cup with one arm, hand it over to the other arm and place it on the saucer",white_wall,"{""white ceramic cup"",""yellow saucer""}",False,eva_bimanual,False,-1.0,True,s3://rldb/processed_v3/eva/2026-03-04-19-50-11-464000.zarr,,s3://rldb/processed_v3/eva/2026-03-04-19-50-11-464000.mp4,CC BY-SA 4.0,,2026-03-04 19:50:11.464000+00:00,2026-07-31 21:45:36.954967+00:00,eva,success
2026-03-04-19-49-13-062000,__zQ0kS-xjtwKdGt,rl2,587.0,cup_on_saucer_success,"pick up cup with one arm, hand it over to the other arm and place it on the saucer",white_wall,"{""white ceramic cup"",""yellow saucer""}",False,eva_bimanual,False,-1.0,True,s3://rldb/processed_v3/eva/2026-03-04-19-49-13-062000.zarr,,s3://rldb/processed_v3/eva/2026-03-04-19-49-13-062000.mp4,CC BY-SA 4.0,,2026-03-04 19:49:13.062000+00:00,2026-07-31 21:45:36.954967+00:00,eva,success
2026-03-04-19-49-32-151000,__zQ0kS-xjtwKdGt,rl2,608.0,cup_on_saucer_success,"pick up cup with one arm, hand it over to the other arm and place it on the saucer",white_wall,"{""white ceramic cup"",""yellow saucer""}",False,eva_bimanual,False,-1.0,True,s3://rldb/processed_v3/eva/2026-03-04-19-49-32-151000.zarr,,s3://rldb/processed_v3/eva/2026-03-04-19-49-32-151000.mp4,CC BY-SA 4.0,,2026-03-04 19:49:32.151000+00:00,2026-07-31 21:45:36.954967+00:00,eva,success
2026-03-04-19-51-09-219000,__zQ0kS-xjtwKdGt,rl2,593.0,cup_on_saucer_success,"pick up cup with one arm, hand it over to the other arm and place it on the saucer",white_wall,"{""white ceramic cup"",""yellow saucer""}",False,eva_bimanual,False,-1.0,True,s3://rldb/processed_v3/eva/2026-03-04-19-51-09-219000.zarr,,s3://rldb/processed_v3/eva/2026-03-04-19-51-09-219000.mp4,CC BY-SA 4.0,,2026-03-04 19:51:09.219000+00:00,2026-07-31 21:45:36.954967+00:00,eva,success
2026-03-04-19-54-43-905000,__zQ0kS-xjtwKdGt,rl2,554.0,cup_on_saucer_success,"pick up cup with one arm, hand it over to the other arm and place it on the saucer",white_wall,"{""white ceramic cup"",""yellow saucer""}",False,eva_bimanual,False,-1.0,True,s3://rldb/processed_v3/eva/2026-03-04-19-54-43-905000.zarr,,s3://rldb/processed_v3/eva/2026-03-04-19-54-43-905000.mp4,CC BY-SA 4.0,,2026-03-04 19:54:43.905000+00:00,2026-07-31 21:45:36.954967+00:00,eva,success
2026-03-04-19-52-33-357000,__zQ0kS-xjtwKdGt,rl2,579.0,cup_on_saucer_success,"pick up cup with one arm, hand it over to the other arm and place it on the saucer",white_wall,"{""white ceramic cup"",""yellow saucer""}",False,eva_bimanual,False,-1.0,True,s3://rldb/processed_v3/eva/2026-03-04-19-52-33-357000.zarr,,s3://rldb/processed_v3/eva/2026-03-04-19-52-33-357000.mp4,CC BY-SA 4.0,,2026-03-04 19:52:33.357000+00:00,2026-07-31 21:45:36.954967+00:00,eva,success
2026-03-04-19-54-58-097000,__zQ0kS-xjtwKdGt,rl2,539.0,cup_on_saucer_success,"pick up cup with one arm, hand it over to the other arm and place it on the saucer",white_wall,"{""white ceramic cup"",""yellow saucer""}",False,eva_bimanual,False,-1.0,True,s3://rldb/processed_v3/eva/2026-03-04-19-54-58-097000.zarr,,s3://rldb/processed_v3/eva/2026-03-04-19-54-58-097000.mp4,CC BY-SA 4.0,,2026-03-04 19:54:58.097000+00:00,2026-07-31 21:45:36.954967+00:00,eva,success
2026-03-04-19-55-53-923000,__zQ0kS-xjtwKdGt,rl2,485.0,cup_on_saucer_success,"pick up cup with one arm, hand it over to the other arm and place it on the saucer",white_wall,"{""white ceramic cup"",""yellow saucer""}",False,eva_bimanual,False,-1.0,True,s3://rldb/processed_v3/eva/2026-03-04-19-55-53-923000.zarr,,s3://rldb/processed_v3/eva/2026-03-04-19-55-53-923000.mp4,CC BY-SA 4.0,,2026-03-04 19:55:53.923000+00:00,2026-07-31 21:45:36.954967+00:00,eva,success
2026-03-04-19-53-58-711000,__zQ0kS-xjtwKdGt,rl2,609.0,cup_on_saucer_success,"pick up cup with one arm, hand it over to the other arm and place it on the saucer",white_wall,"{""white ceramic cup"",""yellow saucer""}",False,eva_bimanual,False,-1.0,True,s3://rldb/processed_v3/eva/2026-03-04-19-53-58-711000.zarr,,s3://rldb/processed_v3/eva/2026-03-04-19-53-58-711000.mp4,CC BY-SA 4.0,,2026-03-04 19:53:58.711000+00:00,2026-07-31 21:45:36.954967+00:00,eva,success
2026-03-04-21-20-24-450000,EwCW-BuE_nA9dzbr,rl2,991.0,cup_on_saucer_failure,"pick up cup with one arm, hand it over to the other arm and place it on the saucer",white_wall,"{""white cup"",""white saucer""}",False,eva_bimanual,False,-1.0,True,s3://rldb/processed_v3/eva/2026-03-04-21-20-24-450000.zarr,,s3://rldb/processed_v3/eva/2026-03-04-21-20-24-450000.mp4,CC BY-SA 4.0,,2026-03-04 21:20:24.450000+00:00,2026-07-31 21:45:36.954967+00:00,eva,failure
2026-03-04-19-57-52-310000,__zQ0kS-xjtwKdGt,rl2,592.0,cup_on_saucer_success,"pick up cup with one arm, hand it over to the other arm and place it on the saucer",white_wall,"{""white ceramic cup"",""yellow saucer""}",False,eva_bimanual,False,-1.0,True,s3://rldb/processed_v3/eva/2026-03-04-19-57-52-310000.zarr,,s3://rldb/processed_v3/eva/2026-03-04-19-57-52-310000.mp4,CC BY-SA 4.0,,2026-03-04 19:57:52.310000+00:00,2026-07-31 21:45:36.954967+00:00,eva,success
2026-03-04-21-27-38-470000,EwCW-BuE_nA9dzbr,rl2,743.0,cup_on_saucer_success,"pick up cup with one arm, hand it over to the other arm and place it on the saucer",white_wall,"{""white cup"",""white saucer""}",False,eva_bimanual,False,-1.0,True,s3://rldb/processed_v3/eva/2026-03-04-21-27-38-470000.zarr,,s3://rldb/processed_v3/eva/2026-03-04-21-27-38-470000.mp4,CC BY-SA 4.0,,2026-03-04 21:27:38.470000+00:00,2026-07-31 21:45:36.954967+00:00,eva,success
2026-03-04-21-34-18-420000,EwCW-BuE_nA9dzbr,rl2,605.0,cup_on_saucer_success,"pick up cup with one arm, hand it over to the other arm and place it on the saucer",white_wall,"{""white cup"",""white saucer""}",False,eva_bimanual,False,-1.0,True,s3://rldb/processed_v3/eva/2026-03-04-21-34-18-420000.zarr,,s3://rldb/processed_v3/eva/2026-03-04-21-34-18-420000.mp4,CC BY-SA 4.0,,2026-03-04 21:34:18.420000+00:00,2026-07-31 21:45:36.954967+00:00,eva,success
2026-03-01-22-03-28-887000,__zQ0kS-xjtwKdGt,rl2,2724.0,cup_on_saucer_failure,"pick up cup with one arm, hand it over to the other arm and place it on the saucer",white_wall,"[""white ceramic cup"", ""white saucer""]",False,eva_bimanual,False,-1.0,True,s3://rldb/processed_v3/eva/2026-03-01-22-03-28-887000.zarr,,s3://rldb/processed_v3/eva/2026-03-01-22-03-28-887000.mp4,CC BY-SA 4.0,,2026-03-01 22:03:28.887000+00:00,2026-07-31 21:45:36.954967+00:00,eva,failure
2026-03-01-22-02-18-038000,__zQ0kS-xjtwKdGt,rl2,318.0,cup_on_saucer_failure,"pick up cup with one arm, hand it over to the other arm and place it on the saucer",white_wall,"[""white ceramic cup"", ""white saucer""]",False,eva_bimanual,False,-1.0,True,s3://rldb/processed_v3/eva/2026-03-01-22-02-18-038000.zarr,,s3://rldb/processed_v3/eva/2026-03-01-22-02-18-038000.mp4,CC BY-SA 4.0,,2026-03-01 22:02:18.038000+00:00,2026-07-31 21:45:36.954967+00:00,eva,failure
2026-03-01-21-51-26-566000,__zQ0kS-xjtwKdGt,rl2,2672.0,cup_on_saucer_failure,"pick up cup with one arm, hand it over to the other arm and place it on the saucer",white_wall,"[""white ceramic cup"", ""white saucer""]",False,eva_bimanual,False,-1.0,True,s3://rldb/processed_v3/eva/2026-03-01-21-51-26-566000.zarr,,s3://rldb/processed_v3/eva/2026-03-01-21-51-26-566000.mp4,CC BY-SA 4.0,,2026-03-01 21:51:26.566000+00:00,2026-07-31 21:45:36.954967+00:00,eva,failure
2026-03-01-21-41-49-349000,EwCW-BuE_nA9dzbr,rl2,2086.0,cup_on_saucer_success,"pick up cup with one arm, hand it over to the other arm and place it on the saucer",white_wall,"{""white cup"",""white saucer""}",False,eva_bimanual,False,-1.0,True,s3://rldb/processed_v3/eva/2026-03-01-21-41-49-349000.zarr,,s3://rldb/processed_v3/eva/2026-03-01-21-41-49-349000.mp4,CC BY-SA 4.0,,2026-03-01 21:41:49.349000+00:00,2026-07-31 21:45:36.954967+00:00,eva,success
2026-03-04-19-16-54-238000,EwCW-BuE_nA9dzbr,rl2,782.0,cup_on_saucer_success,"pick up cup with one arm, hand it over to the other arm and place it on the saucer",white_wall,"{""white cup"",""green square saucer""}",False,eva_bimanual,False,-1.0,True,s3://rldb/processed_v3/eva/2026-03-04-19-16-54-238000.zarr,,s3://rldb/processed_v3/eva/2026-03-04-19-16-54-238000.mp4,CC BY-SA 4.0,,2026-03-04 19:16:54.238000+00:00,2026-07-31 21:45:36.954967+00:00,eva,success
2026-03-04-19-16-11-386000,EwCW-BuE_nA9dzbr,rl2,539.0,cup_on_saucer_success,"pick up cup with one arm, hand it over to the other arm and place it on the saucer",white_wall,"{""white cup"",""green square saucer""}",False,eva_bimanual,False,-1.0,True,s3://rldb/processed_v3/eva/2026-03-04-19-16-11-386000.zarr,,s3://rldb/processed_v3/eva/2026-03-04-19-16-11-386000.mp4,CC BY-SA 4.0,,2026-03-04 19:16:11.386000+00:00,2026-07-31 21:45:36.954967+00:00,eva,success
2026-03-04-19-21-07-457000,EwCW-BuE_nA9dzbr,rl2,719.0,cup_on_saucer_success,"pick up cup with one arm, hand it over to the other arm and place it on the saucer",white_wall,"{""white cup"",""green square saucer""}",False,eva_bimanual,False,-1.0,True,s3://rldb/processed_v3/eva/2026-03-04-19-21-07-457000.zarr,,s3://rldb/processed_v3/eva/2026-03-04-19-21-07-457000.mp4,CC BY-SA 4.0,,2026-03-04 19:21:07.457000+00:00,2026-07-31 21:45:36.954967+00:00,eva,success
2026-03-04-19-23-52-117000,EwCW-BuE_nA9dzbr,rl2,747.0,cup_on_saucer_success,"pick up cup with one arm, hand it over to the other arm and place it on the saucer",white_wall,"{""white cup"",""green square saucer""}",False,eva_bimanual,False,-1.0,True,s3://rldb/processed_v3/eva/2026-03-04-19-23-52-117000.zarr,,s3://rldb/processed_v3/eva/2026-03-04-19-23-52-117000.mp4,CC BY-SA 4.0,,2026-03-04 19:23:52.117000+00:00,2026-07-31 21:45:36.954967+00:00,eva,success
2026-03-04-20-25-16-993000,EwCW-BuE_nA9dzbr,rl2,151.0,cup_on_saucer_failure,"pick up cup with one arm, hand it over to the other arm and place it on the saucer",white_wall,"{""white cup"",""yellow saucer""}",False,eva_bimanual,False,-1.0,True,s3://rldb/processed_v3/eva/2026-03-04-20-25-16-993000.zarr,,s3://rldb/processed_v3/eva/2026-03-04-20-25-16-993000.mp4,CC BY-SA 4.0,,2026-03-04 20:25:16.993000+00:00,2026-07-31 21:45:36.954967+00:00,eva,failure
2026-03-04-20-26-26-232000,EwCW-BuE_nA9dzbr,rl2,927.0,cup_on_saucer_failure,"pick up cup with one arm, hand it over to the other arm and place it on the saucer",white_wall,"{""white cup"",""yellow saucer""}",False,eva_bimanual,False,-1.0,True,s3://rldb/processed_v3/eva/2026-03-04-20-26-26-232000.zarr,,s3://rldb/processed_v3/eva/2026-03-04-20-26-26-232000.mp4,CC BY-SA 4.0,,2026-03-04 20:26:26.232000+00:00,2026-07-31 21:45:36.954967+00:00,eva,failure
2026-03-04-19-23-10-308000,EwCW-BuE_nA9dzbr,rl2,721.0,cup_on_saucer_success,"pick up cup with one arm, hand it over to the other arm and place it on the saucer",white_wall,"{""white cup"",""green square saucer""}",False,eva_bimanual,False,-1.0,True,s3://rldb/processed_v3/eva/2026-03-04-19-23-10-308000.zarr,,s3://rldb/processed_v3/eva/2026-03-04-19-23-10-308000.mp4,CC BY-SA 4.0,,2026-03-04 19:23:10.308000+00:00,2026-07-31 21:45:36.954967+00:00,eva,success
2026-03-04-20-30-41-803000,EwCW-BuE_nA9dzbr,rl2,802.0,cup_on_saucer_success,"pick up cup with one arm, hand it over to the other arm and place it on the saucer",white_wall,"{""white cup"",""yellow saucer""}",False,eva_bimanual,False,-1.0,True,s3://rldb/processed_v3/eva/2026-03-04-20-30-41-803000.zarr,,s3://rldb/processed_v3/eva/2026-03-04-20-30-41-803000.mp4,CC BY-SA 4.0,,2026-03-04 20:30:41.803000+00:00,2026-07-31 21:45:36.954967+00:00,eva,success
2026-03-04-20-28-57-354000,EwCW-BuE_nA9dzbr,rl2,880.0,cup_on_saucer_success,"pick up cup with one arm, hand it over to the other arm and place it on the saucer",white_wall,"{""white cup"",""yellow saucer""}",False,eva_bimanual,False,-1.0,True,s3://rldb/processed_v3/eva/2026-03-04-20-28-57-354000.zarr,,s3://rldb/processed_v3/eva/2026-03-04-20-28-57-354000.mp4,CC BY-SA 4.0,,2026-03-04 20:28:57.354000+00:00,2026-07-31 21:45:36.954967+00:00,eva,success
2026-03-04-20-30-18-813000,EwCW-BuE_nA9dzbr,rl2,521.0,cup_on_saucer_success,"pick up cup with one arm, hand it over to the other arm and place it on the saucer",white_wall,"{""white cup"",""yellow saucer""}",False,eva_bimanual,False,-1.0,True,s3://rldb/processed_v3/eva/2026-03-04-20-30-18-813000.zarr,,s3://rldb/processed_v3/eva/2026-03-04-20-30-18-813000.mp4,CC BY-SA 4.0,,2026-03-04 20:30:18.813000+00:00,2026-07-31 21:45:36.954967+00:00,eva,success
2026-03-04-20-32-14-769000,EwCW-BuE_nA9dzbr,rl2,729.0,cup_on_saucer_success,"pick up cup with one arm, hand it over to the other arm and place it on the saucer",white_wall,"{""white cup"",""yellow saucer""}",False,eva_bimanual,False,-1.0,True,s3://rldb/processed_v3/eva/2026-03-04-20-32-14-769000.zarr,,s3://rldb/processed_v3/eva/2026-03-04-20-32-14-769000.mp4,CC BY-SA 4.0,,2026-03-04 20:32:14.769000+00:00,2026-07-31 21:45:36.954967+00:00,eva,success
2026-03-04-20-33-23-630000,EwCW-BuE_nA9dzbr,rl2,848.0,cup_on_saucer_success,"pick up cup with one arm, hand it over to the other arm and place it on the saucer",white_wall,"{""white cup"",""yellow saucer""}",False,eva_bimanual,False,-1.0,True,s3://rldb/processed_v3/eva/2026-03-04-20-33-23-630000.zarr,,s3://rldb/processed_v3/eva/2026-03-04-20-33-23-630000.mp4,CC BY-SA 4.0,,2026-03-04 20:33:23.630000+00:00,2026-07-31 21:45:36.954967+00:00,eva,success
2026-03-04-20-34-55-459000,EwCW-BuE_nA9dzbr,rl2,747.0,cup_on_saucer_success,"pick up cup with one arm, hand it over to the other arm and place it on the saucer",white_wall,"{""white cup"",""yellow saucer""}",False,eva_bimanual,False,-1.0,True,s3://rldb/processed_v3/eva/2026-03-04-20-34-55-459000.zarr,,s3://rldb/processed_v3/eva/2026-03-04-20-34-55-459000.mp4,CC BY-SA 4.0,,2026-03-04 20:34:55.459000+00:00,2026-07-31 21:45:36.954967+00:00,eva,success
2026-03-04-20-37-42-556000,EwCW-BuE_nA9dzbr,rl2,719.0,cup_on_saucer_success,"pick up cup with one arm, hand it over to the other arm and place it on the saucer",white_wall,"{""white cup"",""yellow saucer""}",False,eva_bimanual,False,-1.0,True,s3://rldb/processed_v3/eva/2026-03-04-20-37-42-556000.zarr,,s3://rldb/processed_v3/eva/2026-03-04-20-37-42-556000.mp4,CC BY-SA 4.0,,2026-03-04 20:37:42.556000+00:00,2026-07-31 21:45:36.954967+00:00,eva,success
2026-03-04-20-35-49-021000,EwCW-BuE_nA9dzbr,rl2,453.0,cup_on_saucer_success,"pick up cup with one arm, hand it over to the other arm and place it on the saucer",white_wall,"{""white cup"",""yellow saucer""}",False,eva_bimanual,False,-1.0,True,s3://rldb/processed_v3/eva/2026-03-04-20-35-49-021000.zarr,,s3://rldb/processed_v3/eva/2026-03-04-20-35-49-021000.mp4,CC BY-SA 4.0,,2026-03-04 20:35:49.021000+00:00,2026-07-31 21:45:36.954967+00:00,eva,success
2026-03-04-20-34-35-007000,EwCW-BuE_nA9dzbr,rl2,664.0,cup_on_saucer_success,"pick up cup with one arm, hand it over to the other arm and place it on the saucer",white_wall,"{""white cup"",""yellow saucer""}",False,eva_bimanual,False,-1.0,True,s3://rldb/processed_v3/eva/2026-03-04-20-34-35-007000.zarr,,s3://rldb/processed_v3/eva/2026-03-04-20-34-35-007000.mp4,CC BY-SA 4.0,,2026-03-04 20:34:35.007000+00:00,2026-07-31 21:45:36.954967+00:00,eva,success
2026-03-07-03-41-00-000000,pB5ssSy__hBrm6wJ,rl2,3580.0,cup_on_saucer_success,"pick up cup with one arm, hand it over to the other arm and place it on the saucer",white_wall,"{""white ceramic cup"",""yellow saucer""}",False,human_bimanual,False,-1.0,True,s3://rldb/processed_v3/aria/2026-03-07-03-41-00-000000.zarr,,s3://rldb/processed_v3/aria/2026-03-07-03-41-00-000000.mp4,CC BY-SA 4.0,,2026-03-07 03:41:00+00:00,2026-07-31 21:45:36.954967+00:00,aria_gen1,success
2026-03-08-19-58-49-000000,EwCW-BuE_nA9dzbr,rl2,5407.0,cup_on_saucer_success,"pick up cup with one arm, hand it over to the other arm and place it on the saucer",white_wall,"{""white cup"",""green square saucer""}",False,human_bimanual,False,-1.0,True,s3://rldb/processed_v3/aria/2026-03-08-19-58-49-000000.zarr,,s3://rldb/processed_v3/aria/2026-03-08-19-58-49-000000.mp4,CC BY-SA 4.0,,2026-03-08 19:58:49+00:00,2026-07-31 21:45:36.954967+00:00,aria_gen1,success
2026-03-08-23-26-08-607000,pB5ssSy__hBrm6wJ,rl2,1878.0,cup_on_saucer_success,"pick up cup with one arm, hand it over to the other arm and place it on the saucer",white_wall,"{""pink cup"",""yellow saucer""}",False,human_bimanual,False,-1.0,True,s3://rldb/processed_v3/aria/2026-03-08-23-26-08-607000.zarr,,s3://rldb/processed_v3/aria/2026-03-08-23-26-08-607000.mp4,CC BY-SA 4.0,,2026-03-08 23:26:08.607000+00:00,2026-07-31 21:45:36.954967+00:00,aria_gen1,success
2026-03-08-20-17-04-000000,EwCW-BuE_nA9dzbr,rl2,5478.0,cup_on_saucer_success,"pick up cup with one arm, hand it over to the other arm and place it on the saucer",white_wall,"{""white cup"",""white saucer""}",False,human_bimanual,False,-1.0,True,s3://rldb/processed_v3/aria/2026-03-08-20-17-04-000000.zarr,,s3://rldb/processed_v3/aria/2026-03-08-20-17-04-000000.mp4,CC BY-SA 4.0,,2026-03-08 20:17:04+00:00,2026-07-31 21:45:36.954967+00:00,aria_gen1,success
2026-03-08-19-52-13-337000,pB5ssSy__hBrm6wJ,rl2,4701.0,cup_on_saucer_success,"pick up cup with one arm, hand it over to the other arm and place it on the saucer",white_wall,"{""white ceramic cup"",""green square saucer""}",False,human_bimanual,False,-1.0,True,s3://rldb/processed_v3/aria/2026-03-08-19-52-13-337000.zarr,,s3://rldb/processed_v3/aria/2026-03-08-19-52-13-337000.mp4,CC BY-SA 4.0,,2026-03-08 19:52:13.337000+00:00,2026-07-31 21:45:36.954967+00:00,aria_gen1,success
2026-03-08-23-32-21-226000,EwCW-BuE_nA9dzbr,rl2,159.0,cup_on_saucer_success,"pick up cup with one arm, hand it over to the other arm and place it on the saucer",white_wall,"{""white cup"",""green square saucer""}",False,human_bimanual,False,-1.0,True,s3://rldb/processed_v3/aria/2026-03-08-23-32-21-226000.zarr,,s3://rldb/processed_v3/aria/2026-03-08-23-32-21-226000.mp4,CC BY-SA 4.0,,2026-03-08 23:32:21.226000+00:00,2026-07-31 21:45:36.954967+00:00,aria_gen1,success
2026-03-07-02-02-21-000000,pB5ssSy__hBrm6wJ,rl2,4595.0,cup_on_saucer_success,"pick up cup with one arm, hand it over to the other arm and place it on the saucer",white_wall,"{""pink cup"",""white saucer""}",False,human_bimanual,False,-1.0,True,s3://rldb/processed_v3/aria/2026-03-07-02-02-21-000000.zarr,,s3://rldb/processed_v3/aria/2026-03-07-02-02-21-000000.mp4,CC BY-SA 4.0,,2026-03-07 02:02:21+00:00,2026-07-31 21:45:36.954967+00:00,aria_gen1,success
2026-03-08-20-04-53-000000,EwCW-BuE_nA9dzbr,rl2,5768.0,cup_on_saucer_success,"pick up cup with one arm, hand it over to the other arm and place it on the saucer",white_wall,"{""white cup"",""green square saucer""}",False,human_bimanual,False,-1.0,True,s3://rldb/processed_v3/aria/2026-03-08-20-04-53-000000.zarr,,s3://rldb/processed_v3/aria/2026-03-08-20-04-53-000000.mp4,CC BY-SA 4.0,,2026-03-08 20:04:53+00:00,2026-07-31 21:45:36.954967+00:00,aria_gen1,success
2026-03-16-00-18-39-591000,pB5ssSy__hBrm6wJ,rl2,4432.0,cup_on_saucer_success,"pick up cup with one arm, hand it over to the other arm and place it on the saucer",white_wall,"{""pink cup"",""green saucer""}",False,human_bimanual,False,-1.0,True,s3://rldb/processed_v3/aria/2026-03-16-00-18-39-591000.zarr,,s3://rldb/processed_v3/aria/2026-03-16-00-18-39-591000.mp4,CC BY-SA 4.0,,2026-03-16 00:18:39.591000+00:00,2026-07-31 21:45:36.954967+00:00,aria_gen1,success
2026-03-08-19-40-14-000000,EwCW-BuE_nA9dzbr,rl2,5410.0,cup_on_saucer_success,"pick up cup with one arm, hand it over to the other arm and place it on the saucer",white_wall,"{""white ceramic cup"",""white saucer""}",False,human_bimanual,False,-1.0,True,s3://rldb/processed_v3/aria/2026-03-08-19-40-14-000000.zarr,,s3://rldb/processed_v3/aria/2026-03-08-19-40-14-000000.mp4,CC BY-SA 4.0,,2026-03-08 19:40:14+00:00,2026-07-31 21:45:36.954967+00:00,aria_gen1,success
2026-03-07-02-46-03-000000,pB5ssSy__hBrm6wJ,rl2,4775.0,cup_on_saucer_success,"pick up cup with one arm, hand it over to the other arm and place it on the saucer",white_wall,"{""white plastic cup"",""yellow saucer""}",False,human_bimanual,False,-1.0,True,s3://rldb/processed_v3/aria/2026-03-07-02-46-03-000000.zarr,,s3://rldb/processed_v3/aria/2026-03-07-02-46-03-000000.mp4,CC BY-SA 4.0,,2026-03-07 02:46:03+00:00,2026-07-31 21:45:36.954967+00:00,aria_gen1,success
2026-03-07-01-40-32-000000,pB5ssSy__hBrm6wJ,rl2,4432.0,cup_on_saucer_success,"pick up cup with one arm, hand it over to the other arm and place it on the saucer",white_wall,"{""pink cup"",""green square saucer""}",False,human_bimanual,False,-1.0,True,s3://rldb/processed_v3/aria/2026-03-07-01-40-32-000000.zarr,,s3://rldb/processed_v3/aria/2026-03-07-01-40-32-000000.mp4,CC BY-SA 4.0,,2026-03-07 01:40:32+00:00,2026-07-31 21:45:36.954967+00:00,aria_gen1,success
2026-03-08-19-57-27-399000,pB5ssSy__hBrm6wJ,rl2,5037.0,cup_on_saucer_success,"pick up cup with one arm, hand it over to the other arm and place it on the saucer",white_wall,"{""white ceramic cup"",""green square saucer""}",False,human_bimanual,False,-1.0,True,s3://rldb/processed_v3/aria/2026-03-08-19-57-27-399000.zarr,,s3://rldb/processed_v3/aria/2026-03-08-19-57-27-399000.mp4,CC BY-SA 4.0,,2026-03-08 19:57:27.399000+00:00,2026-07-31 21:45:36.954967+00:00,aria_gen1,success
2026-03-07-02-07-52-000000,pB5ssSy__hBrm6wJ,rl2,4739.0,cup_on_saucer_success,"pick up cup with one arm, hand it over to the other arm and place it on the saucer",white_wall,"{""pink cup"",""white saucer""}",False,human_bimanual,False,-1.0,True,s3://rldb/processed_v3/aria/2026-03-07-02-07-52-000000.zarr,,s3://rldb/processed_v3/aria/2026-03-07-02-07-52-000000.mp4,CC BY-SA 4.0,,2026-03-07 02:07:52+00:00,2026-07-31 21:45:36.954967+00:00,aria_gen1,success
2026-03-08-20-12-24-827000,pB5ssSy__hBrm6wJ,rl2,3612.0,cup_on_saucer_success,"pick up cup with one arm, hand it over to the other arm and place it on the saucer",white_wall,"{""white ceramic cup"",""yellow saucer""}",False,human_bimanual,False,-1.0,True,s3://rldb/processed_v3/aria/2026-03-08-20-12-24-827000.zarr,,s3://rldb/processed_v3/aria/2026-03-08-20-12-24-827000.mp4,CC BY-SA 4.0,,2026-03-08 20:12:24.827000+00:00,2026-07-31 21:45:36.954967+00:00,aria_gen1,success
2026-03-07-02-27-00-000000,pB5ssSy__hBrm6wJ,rl2,4520.0,cup_on_saucer_success,"pick up cup with one arm, hand it over to the other arm and place it on the saucer",white_wall,"{""pink cup"",""yellow saucer""}",False,human_bimanual,False,-1.0,True,s3://rldb/processed_v3/aria/2026-03-07-02-27-00-000000.zarr,,s3://rldb/processed_v3/aria/2026-03-07-02-27-00-000000.mp4,CC BY-SA 4.0,,2026-03-07 02:27:00+00:00,2026-07-31 21:45:36.954967+00:00,aria_gen1,success
2026-03-08-20-22-27-000000,EwCW-BuE_nA9dzbr,rl2,5460.0,cup_on_saucer_success,"pick up cup with one arm, hand it over to the other arm and place it on the saucer",white_wall,"{""white cup"",""white saucer""}",False,human_bimanual,False,-1.0,True,s3://rldb/processed_v3/aria/2026-03-08-20-22-27-000000.zarr,,s3://rldb/processed_v3/aria/2026-03-08-20-22-27-000000.mp4,CC BY-SA 4.0,,2026-03-08 20:22:27+00:00,2026-07-31 21:45:36.954967+00:00,aria_gen1,success
2026-03-08-19-50-15-000000,EwCW-BuE_nA9dzbr,rl2,5583.0,cup_on_saucer_success,"pick up cup with one arm, hand it over to the other arm and place it on the saucer",white_wall,"{""white ceramic cup"",""white saucer""}",False,human_bimanual,False,-1.0,True,s3://rldb/processed_v3/aria/2026-03-08-19-50-15-000000.zarr,,s3://rldb/processed_v3/aria/2026-03-08-19-50-15-000000.mp4,CC BY-SA 4.0,,2026-03-08 19:50:15+00:00,2026-07-31 21:45:36.954967+00:00,aria_gen1,success
2026-03-07-02-40-27-000000,pB5ssSy__hBrm6wJ,rl2,4257.0,cup_on_saucer_success,"pick up cup with one arm, hand it over to the other arm and place it on the saucer",white_wall,"{""white plastic cup"",""yellow saucer""}",False,human_bimanual,False,-1.0,True,s3://rldb/processed_v3/aria/2026-03-07-02-40-27-000000.zarr,,s3://rldb/processed_v3/aria/2026-03-07-02-40-27-000000.mp4,CC BY-SA 4.0,,2026-03-07 02:40:27+00:00,2026-07-31 21:45:36.954967+00:00,aria_gen1,success
2026-03-04-22-38-28-728000,pB5ssSy__hBrm6wJ,rl2,468.0,cup_on_saucer_success,"pick up cup with one arm, hand it over to the other arm and place it on the saucer",white_wall,"{""pink cup"",""green saucer""}",False,eva_bimanual,False,-1.0,True,s3://rldb/processed_v3/eva/2026-03-04-22-38-28-728000.zarr,,s3://rldb/processed_v3/eva/2026-03-04-22-38-28-728000.mp4,CC BY-SA 4.0,,2026-03-04 22:38:28.728000+00:00,2026-07-31 21:45:36.954967+00:00,eva,success
2026-03-28-20-11-10-069000,Xinchen,rl2,389.0,cup_on_saucer_failure_1,"pick up cup with one arm, hand it over to the other arm and place it on the saucer",white_wall,"{""pink cup"",""green square saucer""}",False,eva_bimanual,False,-1.0,True,s3://rldb/processed_v3/eva/2026-03-28-20-11-10-069000.zarr,,s3://rldb/processed_v3/eva/2026-03-28-20-11-10-069000.mp4,,,2026-03-28 20:11:10.069000+00:00,2026-07-31 21:45:36.954967+00:00,eva,failure
2026-03-04-20-26-47-963000,EwCW-BuE_nA9dzbr,rl2,117.0,cup_on_saucer_failure,"pick up cup with one arm, hand it over to the other arm and place it on the saucer",white_wall,"{""white cup"",""yellow saucer""}",False,eva_bimanual,False,-1.0,True,s3://rldb/processed_v3/eva/2026-03-04-20-26-47-963000.zarr,,s3://rldb/processed_v3/eva/2026-03-04-20-26-47-963000.mp4,CC BY-SA 4.0,,2026-03-04 20:26:47.963000+00:00,2026-07-31 21:45:36.954967+00:00,eva,failure
2026-03-04-20-29-33-514000,EwCW-BuE_nA9dzbr,rl2,648.0,cup_on_saucer_success,"pick up cup with one arm, hand it over to the other arm and place it on the saucer",white_wall,"{""white cup"",""yellow saucer""}",False,eva_bimanual,False,-1.0,True,s3://rldb/processed_v3/eva/2026-03-04-20-29-33-514000.zarr,,s3://rldb/processed_v3/eva/2026-03-04-20-29-33-514000.mp4,CC BY-SA 4.0,,2026-03-04 20:29:33.514000+00:00,2026-07-31 21:45:36.954967+00:00,eva,success
2026-03-04-19-21-21-902000,EwCW-BuE_nA9dzbr,rl2,571.0,cup_on_saucer_success,"pick up cup with one arm, hand it over to the other arm and place it on the saucer",white_wall,"{""white cup"",""green square saucer""}",False,eva_bimanual,False,-1.0,True,s3://rldb/processed_v3/eva/2026-03-04-19-21-21-902000.zarr,,s3://rldb/processed_v3/eva/2026-03-04-19-21-21-902000.mp4,CC BY-SA 4.0,,2026-03-04 19:21:21.902000+00:00,2026-07-31 21:45:36.954967+00:00,eva,success
2026-03-01-21-37-26-682000,EwCW-BuE_nA9dzbr,rl2,674.0,cup_on_saucer_failure,"pick up cup with one arm, hand it over to the other arm and place it on the saucer",white_wall,"{""white cup"",""white saucer""}",False,eva_bimanual,False,-1.0,True,s3://rldb/processed_v3/eva/2026-03-01-21-37-26-682000.zarr,,s3://rldb/processed_v3/eva/2026-03-01-21-37-26-682000.mp4,CC BY-SA 4.0,,2026-03-01 21:37:26.682000+00:00,2026-07-31 21:45:36.954967+00:00,eva,failure
2026-03-04-23-16-29-568000,pB5ssSy__hBrm6wJ,rl2,725.0,cup_on_saucer_success,"pick up cup with one arm, hand it over to the other arm and place it on the saucer",white_wall,"{""pink cup"",""yellow saucer""}",False,eva_bimanual,False,-1.0,True,s3://rldb/processed_v3/eva/2026-03-04-23-16-29-568000.zarr,,s3://rldb/processed_v3/eva/2026-03-04-23-16-29-568000.mp4,CC BY-SA 4.0,,2026-03-04 23:16:29.568000+00:00,2026-07-31 21:45:36.954967+00:00,eva,success
2026-03-04-19-24-39-211000,EwCW-BuE_nA9dzbr,rl2,765.0,cup_on_saucer_success,"pick up cup with one arm, hand it over to the other arm and place it on the saucer",white_wall,"{""white cup"",""green square saucer""}",False,eva_bimanual,False,-1.0,True,s3://rldb/processed_v3/eva/2026-03-04-19-24-39-211000.zarr,,s3://rldb/processed_v3/eva/2026-03-04-19-24-39-211000.mp4,CC BY-SA 4.0,,2026-03-04 19:24:39.211000+00:00,2026-07-31 21:45:36.954967+00:00,eva,success
2026-03-03-23-42-47-284000,pB5ssSy__hBrm6wJ,rl2,1368.0,cup_on_saucer_success,"pick up cup with one arm, hand it over to the other arm and place it on the saucer",white_wall,"{""pink cup"",""white saucer""}",False,eva_bimanual,False,-1.0,True,s3://rldb/processed_v3/eva/2026-03-03-23-42-47-284000.zarr,,s3://rldb/processed_v3/eva/2026-03-03-23-42-47-284000.mp4,CC BY-SA 4.0,,2026-03-03 23:42:47.284000+00:00,2026-07-31 21:45:36.954967+00:00,eva,success
2026-03-04-19-15-31-637000,EwCW-BuE_nA9dzbr,rl2,832.0,cup_on_saucer_success,"pick up cup with one arm, hand it over to the other arm and place it on the saucer",white_wall,"{""white cup"",""green square saucer""}",False,eva_bimanual,False,-1.0,True,s3://rldb/processed_v3/eva/2026-03-04-19-15-31-637000.zarr,,s3://rldb/processed_v3/eva/2026-03-04-19-15-31-637000.mp4,CC BY-SA 4.0,,2026-03-04 19:15:31.637000+00:00,2026-07-31 21:45:36.954967+00:00,eva,success
2026-03-04-21-34-55-486000,EwCW-BuE_nA9dzbr,rl2,540.0,cup_on_saucer_success,"pick up cup with one arm, hand it over to the other arm and place it on the saucer",white_wall,"{""white cup"",""white saucer""}",False,eva_bimanual,False,-1.0,True,s3://rldb/processed_v3/eva/2026-03-04-21-34-55-486000.zarr,,s3://rldb/processed_v3/eva/2026-03-04-21-34-55-486000.mp4,CC BY-SA 4.0,,2026-03-04 21:34:55.486000+00:00,2026-07-31 21:45:36.954967+00:00,eva,success
2026-03-04-18-32-15-079000,__zQ0kS-xjtwKdGt,rl2,309.0,cup_on_saucer_failure,"pick up cup with one arm, hand it over to the other arm and place it on the saucer",white_wall,"{""white ceramic cup"",""green square saucer""}",False,eva_bimanual,False,-1.0,True,s3://rldb/processed_v3/eva/2026-03-04-18-32-15-079000.zarr,,s3://rldb/processed_v3/eva/2026-03-04-18-32-15-079000.mp4,CC BY-SA 4.0,,2026-03-04 18:32:15.079000+00:00,2026-07-31 21:45:36.954967+00:00,eva,failure
2026-03-01-21-44-36-671000,EwCW-BuE_nA9dzbr,rl2,1282.0,cup_on_saucer_failure,"pick up cup with one arm, hand it over to the other arm and place it on the saucer",white_wall,"{""white cup"",""white saucer""}",False,eva_bimanual,False,-1.0,True,s3://rldb/processed_v3/eva/2026-03-01-21-44-36-671000.zarr,,s3://rldb/processed_v3/eva/2026-03-01-21-44-36-671000.mp4,CC BY-SA 4.0,,2026-03-01 21:44:36.671000+00:00,2026-07-31 21:45:36.954967+00:00,eva,failure
2026-03-04-18-31-06-841000,__zQ0kS-xjtwKdGt,rl2,618.0,cup_on_saucer_failure,"pick up cup with one arm, hand it over to the other arm and place it on the saucer",white_wall,"{""white ceramic cup"",""green square saucer""}",False,eva_bimanual,False,-1.0,True,s3://rldb/processed_v3/eva/2026-03-04-18-31-06-841000.zarr,,s3://rldb/processed_v3/eva/2026-03-04-18-31-06-841000.mp4,CC BY-SA 4.0,,2026-03-04 18:31:06.841000+00:00,2026-07-31 21:45:36.954967+00:00,eva,failure
2026-03-04-19-17-10-359000,EwCW-BuE_nA9dzbr,rl2,542.0,cup_on_saucer_success,"pick up cup with one arm, hand it over to the other arm and place it on the saucer",white_wall,"{""white cup"",""green square saucer""}",False,eva_bimanual,False,-1.0,True,s3://rldb/processed_v3/eva/2026-03-04-19-17-10-359000.zarr,,s3://rldb/processed_v3/eva/2026-03-04-19-17-10-359000.mp4,CC BY-SA 4.0,,2026-03-04 19:17:10.359000+00:00,2026-07-31 21:45:36.954967+00:00,eva,success
2026-03-04-19-13-57-865000,EwCW-BuE_nA9dzbr,rl2,562.0,cup_on_saucer_success,"pick up cup with one arm, hand it over to the other arm and place it on the saucer",white_wall,"{""white cup"",""green square saucer""}",False,eva_bimanual,False,-1.0,True,s3://rldb/processed_v3/eva/2026-03-04-19-13-57-865000.zarr,,s3://rldb/processed_v3/eva/2026-03-04-19-13-57-865000.mp4,CC BY-SA 4.0,,2026-03-04 19:13:57.865000+00:00,2026-07-31 21:45:36.954967+00:00,eva,success
2026-03-04-23-17-44-414000,pB5ssSy__hBrm6wJ,rl2,816.0,cup_on_saucer_success,"pick up cup with one arm, hand it over to the other arm and place it on the saucer",white_wall,"{""pink cup"",""yellow saucer""}",False,eva_bimanual,False,-1.0,True,s3://rldb/processed_v3/eva/2026-03-04-23-17-44-414000.zarr,,s3://rldb/processed_v3/eva/2026-03-04-23-17-44-414000.mp4,CC BY-SA 4.0,,2026-03-04 23:17:44.414000+00:00,2026-07-31 21:45:36.954967+00:00,eva,success
2026-03-04-20-26-44-273000,EwCW-BuE_nA9dzbr,rl2,648.0,cup_on_saucer_failure,"pick up cup with one arm, hand it over to the other arm and place it on the saucer",white_wall,"{""white cup"",""yellow saucer""}",False,eva_bimanual,False,-1.0,True,s3://rldb/processed_v3/eva/2026-03-04-20-26-44-273000.zarr,,s3://rldb/processed_v3/eva/2026-03-04-20-26-44-273000.mp4,CC BY-SA 4.0,,2026-03-04 20:26:44.273000+00:00,2026-07-31 21:45:36.954967+00:00,eva,failure
2026-03-28-19-11-27-565000,Baoyu,rl2,588.0,cup_on_saucer_success_1,"pick up cup with one arm, hand it over to the other arm and place it on the saucer",white_wall,"{""white ceramic cup"",""green square saucer""}",False,eva_bimanual,False,-1.0,True,s3://rldb/processed_v3/eva/2026-03-28-19-11-27-565000.zarr,,s3://rldb/processed_v3/eva/2026-03-28-19-11-27-565000.mp4,,,2026-03-28 19:11:27.565000+00:00,2026-07-31 21:45:36.954967+00:00,eva,success
2026-03-04-22-45-17-678000,pB5ssSy__hBrm6wJ,rl2,479.0,cup_on_saucer_success,"pick up cup with one arm, hand it over to the other arm and place it on the saucer",white_wall,"{""pink cup"",""green saucer""}",False,eva_bimanual,False,-1.0,True,s3://rldb/processed_v3/eva/2026-03-04-22-45-17-678000.zarr,,s3://rldb/processed_v3/eva/2026-03-04-22-45-17-678000.mp4,CC BY-SA 4.0,,2026-03-04 22:45:17.678000+00:00,2026-07-31 21:45:36.954967+00:00,eva,success
2026-03-27-23-01-24-404000,Baoyu,rl2,582.0,cup_on_saucer_success_1,"pick up cup with one arm, hand it over to the other arm and place it on the saucer",white_wall,"{""white cup"",""green square saucer""}",False,eva_bimanual,False,-1.0,True,s3://rldb/processed_v3/eva/2026-03-27-23-01-24-404000.zarr,,s3://rldb/processed_v3/eva/2026-03-27-23-01-24-404000.mp4,,,2026-03-27 23:01:24.404000+00:00,2026-07-31 21:45:36.954967+00:00,eva,success
2026-03-04-21-21-00-225000,EwCW-BuE_nA9dzbr,rl2,45.0,cup_on_saucer_failure,"pick up cup with one arm, hand it over to the other arm and place it on the saucer",white_wall,"{""white cup"",""white saucer""}",False,eva_bimanual,False,-1.0,True,s3://rldb/processed_v3/eva/2026-03-04-21-21-00-225000.zarr,,s3://rldb/processed_v3/eva/2026-03-04-21-21-00-225000.mp4,CC BY-SA 4.0,,2026-03-04 21:21:00.225000+00:00,2026-07-31 21:45:36.954967+00:00,eva,failure
2026-03-04-22-39-00-070000,pB5ssSy__hBrm6wJ,rl2,497.0,cup_on_saucer_success,"pick up cup with one arm, hand it over to the other arm and place it on the saucer",white_wall,"{""pink cup"",""green saucer""}",False,eva_bimanual,False,-1.0,True,s3://rldb/processed_v3/eva/2026-03-04-22-39-00-070000.zarr,,s3://rldb/processed_v3/eva/2026-03-04-22-39-00-070000.mp4,CC BY-SA 4.0,,2026-03-04 22:39:00.070000+00:00,2026-07-31 21:45:36.954967+00:00,eva,success
2026-03-04-21-32-59-749000,EwCW-BuE_nA9dzbr,rl2,1049.0,cup_on_saucer_success,"pick up cup with one arm, hand it over to the other arm and place it on the saucer",white_wall,"{""white cup"",""white saucer""}",False,eva_bimanual,False,-1.0,True,s3://rldb/processed_v3/eva/2026-03-04-21-32-59-749000.zarr,,s3://rldb/processed_v3/eva/2026-03-04-21-32-59-749000.mp4,CC BY-SA 4.0,,2026-03-04 21:32:59.749000+00:00,2026-07-31 21:45:36.954967+00:00,eva,success
2026-03-04-20-31-52-637000,EwCW-BuE_nA9dzbr,rl2,575.0,cup_on_saucer_success,"pick up cup with one arm, hand it over to the other arm and place it on the saucer",white_wall,"{""white cup"",""yellow saucer""}",False,eva_bimanual,False,-1.0,True,s3://rldb/processed_v3/eva/2026-03-04-20-31-52-637000.zarr,,s3://rldb/processed_v3/eva/2026-03-04-20-31-52-637000.mp4,CC BY-SA 4.0,,2026-03-04 20:31:52.637000+00:00,2026-07-31 21:45:36.954967+00:00,eva,success
2026-03-04-19-56-25-448000,__zQ0kS-xjtwKdGt,rl2,525.0,cup_on_saucer_success,"pick up cup with one arm, hand it over to the other arm and place it on the saucer",white_wall,"{""white ceramic cup"",""yellow saucer""}",False,eva_bimanual,False,-1.0,True,s3://rldb/processed_v3/eva/2026-03-04-19-56-25-448000.zarr,,s3://rldb/processed_v3/eva/2026-03-04-19-56-25-448000.mp4,CC BY-SA 4.0,,2026-03-04 19:56:25.448000+00:00,2026-07-31 21:45:36.954967+00:00,eva,success
2026-03-01-21-45-14-270000,EwCW-BuE_nA9dzbr,rl2,1270.0,cup_on_saucer_failure,"pick up cup with one arm, hand it over to the other arm and place it on the saucer",white_wall,"{""white cup"",""white saucer""}",False,eva_bimanual,False,-1.0,True,s3://rldb/processed_v3/eva/2026-03-01-21-45-14-270000.zarr,,s3://rldb/processed_v3/eva/2026-03-01-21-45-14-270000.mp4,CC BY-SA 4.0,,2026-03-01 21:45:14.270000+00:00,2026-07-31 21:45:36.954967+00:00,eva,failure
2026-03-04-21-29-33-103000,EwCW-BuE_nA9dzbr,rl2,714.0,cup_on_saucer_success,"pick up cup with one arm, hand it over to the other arm and place it on the saucer",white_wall,"{""white cup"",""white saucer""}",False,eva_bimanual,False,-1.0,True,s3://rldb/processed_v3/eva/2026-03-04-21-29-33-103000.zarr,,s3://rldb/processed_v3/eva/2026-03-04-21-29-33-103000.mp4,CC BY-SA 4.0,,2026-03-04 21:29:33.103000+00:00,2026-07-31 21:45:36.954967+00:00,eva,success
2026-03-04-18-32-44-803000,__zQ0kS-xjtwKdGt,rl2,377.0,cup_on_saucer_failure,"pick up cup with one arm, hand it over to the other arm and place it on the saucer",white_wall,"{""white ceramic cup"",""green square saucer""}",False,eva_bimanual,False,-1.0,True,s3://rldb/processed_v3/eva/2026-03-04-18-32-44-803000.zarr,,s3://rldb/processed_v3/eva/2026-03-04-18-32-44-803000.mp4,CC BY-SA 4.0,,2026-03-04 18:32:44.803000+00:00,2026-07-31 21:45:36.954967+00:00,eva,failure
2026-03-04-18-44-34-967000,pB5ssSy__hBrm6wJ,rl2,604.0,cup_on_saucer_success,"pick up cup with one arm, hand it over to the other arm and place it on the saucer",white_wall,"{""white ceramic cup"",""green square saucer""}",False,eva_bimanual,False,-1.0,True,s3://rldb/processed_v3/eva/2026-03-04-18-44-34-967000.zarr,,s3://rldb/processed_v3/eva/2026-03-04-18-44-34-967000.mp4,CC BY-SA 4.0,,2026-03-04 18:44:34.967000+00:00,2026-07-31 21:45:36.954967+00:00,eva,success
2026-03-04-21-21-26-746000,EwCW-BuE_nA9dzbr,rl2,417.0,cup_on_saucer_failure,"pick up cup with one arm, hand it over to the other arm and place it on the saucer",white_wall,"{""white cup"",""white saucer""}",False,eva_bimanual,False,-1.0,True,s3://rldb/processed_v3/eva/2026-03-04-21-21-26-746000.zarr,,s3://rldb/processed_v3/eva/2026-03-04-21-21-26-746000.mp4,CC BY-SA 4.0,,2026-03-04 21:21:26.746000+00:00,2026-07-31 21:45:36.954967+00:00,eva,failure
2026-03-04-18-33-24-042000,pB5ssSy__hBrm6wJ,rl2,427.0,cup_on_saucer_success,"pick up cup with one arm, hand it over to the other arm and place it on the saucer",white_wall,"{""white ceramic cup"",""green square saucer""}",False,eva_bimanual,False,-1.0,True,s3://rldb/processed_v3/eva/2026-03-04-18-33-24-042000.zarr,,s3://rldb/processed_v3/eva/2026-03-04-18-33-24-042000.mp4,CC BY-SA 4.0,,2026-03-04 18:33:24.042000+00:00,2026-07-31 21:45:36.954967+00:00,eva,success
2026-03-04-19-56-44-938000,__zQ0kS-xjtwKdGt,rl2,692.0,cup_on_saucer_success,"pick up cup with one arm, hand it over to the other arm and place it on the saucer",white_wall,"{""white ceramic cup"",""yellow saucer""}",False,eva_bimanual,False,-1.0,True,s3://rldb/processed_v3/eva/2026-03-04-19-56-44-938000.zarr,,s3://rldb/processed_v3/eva/2026-03-04-19-56-44-938000.mp4,CC BY-SA 4.0,,2026-03-04 19:56:44.938000+00:00,2026-07-31 21:45:36.954967+00:00,eva,success
2026-03-04-20-30-56-958000,EwCW-BuE_nA9dzbr,rl2,515.0,cup_on_saucer_success,"pick up cup with one arm, hand it over to the other arm and place it on the saucer",white_wall,"{""white cup"",""yellow saucer""}",False,eva_bimanual,False,-1.0,True,s3://rldb/processed_v3/eva/2026-03-04-20-30-56-958000.zarr,,s3://rldb/processed_v3/eva/2026-03-04-20-30-56-958000.mp4,CC BY-SA 4.0,,2026-03-04 20:30:56.958000+00:00,2026-07-31 21:45:36.954967+00:00,eva,success
2026-03-04-23-20-58-185000,pB5ssSy__hBrm6wJ,rl2,544.0,cup_on_saucer_success,"pick up cup with one arm, hand it over to the other arm and place it on the saucer",white_wall,"{""pink cup"",""yellow saucer""}",False,eva_bimanual,False,-1.0,True,s3://rldb/processed_v3/eva/2026-03-04-23-20-58-185000.zarr,,s3://rldb/processed_v3/eva/2026-03-04-23-20-58-185000.mp4,CC BY-SA 4.0,,2026-03-04 23:20:58.185000+00:00,2026-07-31 21:45:36.954967+00:00,eva,success
2026-03-03-23-33-07-765000,pB5ssSy__hBrm6wJ,rl2,1140.0,cup_on_saucer_failure,"pick up cup with one arm, hand it over to the other arm and place it on the saucer",white_wall,"{""pink cup"",""white saucer""}",False,eva_bimanual,False,-1.0,True,s3://rldb/processed_v3/eva/2026-03-03-23-33-07-765000.zarr,,s3://rldb/processed_v3/eva/2026-03-03-23-33-07-765000.mp4,CC BY-SA 4.0,,2026-03-03 23:33:07.765000+00:00,2026-07-31 21:45:36.954967+00:00,eva,failure
2026-03-04-21-30-47-995000,EwCW-BuE_nA9dzbr,rl2,881.0,cup_on_saucer_success,"pick up cup with one arm, hand it over to the other arm and place it on the saucer",white_wall,"{""white cup"",""white saucer""}",False,eva_bimanual,False,-1.0,True,s3://rldb/processed_v3/eva/2026-03-04-21-30-47-995000.zarr,,s3://rldb/processed_v3/eva/2026-03-04-21-30-47-995000.mp4,CC BY-SA 4.0,,2026-03-04 21:30:47.995000+00:00,2026-07-31 21:45:36.954967+00:00,eva,success
2026-03-04-21-28-04-813000,EwCW-BuE_nA9dzbr,rl2,798.0,cup_on_saucer_success,"pick up cup with one arm, hand it over to the other arm and place it on the saucer",white_wall,"{""white cup"",""white saucer""}",False,eva_bimanual,False,-1.0,True,s3://rldb/processed_v3/eva/2026-03-04-21-28-04-813000.zarr,,s3://rldb/processed_v3/eva/2026-03-04-21-28-04-813000.mp4,CC BY-SA 4.0,,2026-03-04 21:28:04.813000+00:00,2026-07-31 21:45:36.954967+00:00,eva,success
2026-03-04-21-58-49-064000,__zQ0kS-xjtwKdGt,rl2,543.0,cup_on_saucer_success,"pick up cup with one arm, hand it over to the other arm and place it on the saucer",white_wall,"{""white ceramic cup"",""white saucer""}",False,eva_bimanual,False,-1.0,True,s3://rldb/processed_v3/eva/2026-03-04-21-58-49-064000.zarr,,s3://rldb/processed_v3/eva/2026-03-04-21-58-49-064000.mp4,CC BY-SA 4.0,,2026-03-04 21:58:49.064000+00:00,2026-07-31 21:45:36.954967+00:00,eva,success
2026-03-02-16-01-51-601000,pB5ssSy__hBrm6wJ,rl2,2156.0,cup_on_saucer_failure,"pick up cup with one arm, hand it over to the other arm and place it on the saucer",white_wall,"{""pink cup"",""white saucer""}",False,eva_bimanual,False,-1.0,True,s3://rldb/processed_v3/eva/2026-03-02-16-01-51-601000.zarr,,s3://rldb/processed_v3/eva/2026-03-02-16-01-51-601000.mp4,CC BY-SA 4.0,,2026-03-02 16:01:51.601000+00:00,2026-07-31 21:45:36.954967+00:00,eva,failure
2026-03-04-19-49-55-728000,__zQ0kS-xjtwKdGt,rl2,771.0,cup_on_saucer_success,"pick up cup with one arm, hand it over to the other arm and place it on the saucer",white_wall,"{""white ceramic cup"",""yellow saucer""}",False,eva_bimanual,False,-1.0,True,s3://rldb/processed_v3/eva/2026-03-04-19-49-55-728000.zarr,,s3://rldb/processed_v3/eva/2026-03-04-19-49-55-728000.mp4,CC BY-SA 4.0,,2026-03-04 19:49:55.728000+00:00,2026-07-31 21:45:36.954967+00:00,eva,success
2026-03-04-21-28-50-795000,EwCW-BuE_nA9dzbr,rl2,788.0,cup_on_saucer_success,"pick up cup with one arm, hand it over to the other arm and place it on the saucer",white_wall,"{""white cup"",""white saucer""}",False,eva_bimanual,False,-1.0,True,s3://rldb/processed_v3/eva/2026-03-04-21-28-50-795000.zarr,,s3://rldb/processed_v3/eva/2026-03-04-21-28-50-795000.mp4,CC BY-SA 4.0,,2026-03-04 21:28:50.795000+00:00,2026-07-31 21:45:36.954967+00:00,eva,success
2026-03-04-21-21-49-063000,EwCW-BuE_nA9dzbr,rl2,725.0,cup_on_saucer_success,"pick up cup with one arm, hand it over to the other arm and place it on the saucer",white_wall,"{""white cup"",""white saucer""}",False,eva_bimanual,False,-1.0,True,s3://rldb/processed_v3/eva/2026-03-04-21-21-49-063000.zarr,,s3://rldb/processed_v3/eva/2026-03-04-21-21-49-063000.mp4,CC BY-SA 4.0,,2026-03-04 21:21:49.063000+00:00,2026-07-31 21:45:36.954967+00:00,eva,success
2026-03-04-22-40-57-905000,pB5ssSy__hBrm6wJ,rl2,500.0,cup_on_saucer_success,"pick up cup with one arm, hand it over to the other arm and place it on the saucer",white_wall,"{""pink cup"",""green saucer""}",False,eva_bimanual,False,-1.0,True,s3://rldb/processed_v3/eva/2026-03-04-22-40-57-905000.zarr,,s3://rldb/processed_v3/eva/2026-03-04-22-40-57-905000.mp4,CC BY-SA 4.0,,2026-03-04 22:40:57.905000+00:00,2026-07-31 21:45:36.954967+00:00,eva,success
2026-03-03-23-37-26-746000,pB5ssSy__hBrm6wJ,rl2,1408.0,cup_on_saucer_failure,"pick up cup with one arm, hand it over to the other arm and place it on the saucer",white_wall,"{""pink cup"",""white saucer""}",False,eva_bimanual,False,-1.0,True,s3://rldb/processed_v3/eva/2026-03-03-23-37-26-746000.zarr,,s3://rldb/processed_v3/eva/2026-03-03-23-37-26-746000.mp4,CC BY-SA 4.0,,2026-03-03 23:37:26.746000+00:00,2026-07-31 21:45:36.954967+00:00,eva,failure
2026-03-01-21-58-58-527000,__zQ0kS-xjtwKdGt,rl2,2120.0,cup_on_saucer_success,"pick up cup with one arm, hand it over to the other arm and place it on the saucer",white_wall,"{""white ceramic cup"",""white saucer""}",False,eva_bimanual,False,-1.0,True,s3://rldb/processed_v3/eva/2026-03-01-21-58-58-527000.zarr,,s3://rldb/processed_v3/eva/2026-03-01-21-58-58-527000.mp4,CC BY-SA 4.0,,2026-03-01 21:58:58.527000+00:00,2026-07-31 21:45:36.954967+00:00,eva,success
2026-03-04-23-14-51-975000,pB5ssSy__hBrm6wJ,rl2,779.0,cup_on_saucer_success,"pick up cup with one arm, hand it over to the other arm and place it on the saucer",white_wall,"{""pink cup"",""yellow saucer""}",False,eva_bimanual,False,-1.0,True,s3://rldb/processed_v3/eva/2026-03-04-23-14-51-975000.zarr,,s3://rldb/processed_v3/eva/2026-03-04-23-14-51-975000.mp4,CC BY-SA 4.0,,2026-03-04 23:14:51.975000+00:00,2026-07-31 21:45:36.954967+00:00,eva,success
2026-03-02-16-15-25-516000,pB5ssSy__hBrm6wJ,rl2,1716.0,cup_on_saucer_success,"pick up cup with one arm, hand it over to the other arm and place it on the saucer",white_wall,"{""pink cup"",""white saucer""}",False,eva_bimanual,False,-1.0,True,s3://rldb/processed_v3/eva/2026-03-02-16-15-25-516000.zarr,,s3://rldb/processed_v3/eva/2026-03-02-16-15-25-516000.mp4,CC BY-SA 4.0,,2026-03-02 16:15:25.516000+00:00,2026-07-31 21:45:36.954967+00:00,eva,success
2026-03-02-15-57-19-624000,pB5ssSy__hBrm6wJ,rl2,2252.0,cup_on_saucer_success,"pick up cup with one arm, hand it over to the other arm and place it on the saucer",white_wall,"{""pink cup"",""white saucer""}",False,eva_bimanual,False,-1.0,True,s3://rldb/processed_v3/eva/2026-03-02-15-57-19-624000.zarr,,s3://rldb/processed_v3/eva/2026-03-02-15-57-19-624000.mp4,CC BY-SA 4.0,,2026-03-02 15:57:19.624000+00:00,2026-07-31 21:45:36.954967+00:00,eva,success
2026-03-04-21-53-36-715000,__zQ0kS-xjtwKdGt,rl2,503.0,cup_on_saucer_success,"pick up cup with one arm, hand it over to the other arm and place it on the saucer",white_wall,"{""white ceramic cup"",""white saucer""}",False,eva_bimanual,False,-1.0,True,s3://rldb/processed_v3/eva/2026-03-04-21-53-36-715000.zarr,,s3://rldb/processed_v3/eva/2026-03-04-21-53-36-715000.mp4,CC BY-SA 4.0,,2026-03-04 21:53:36.715000+00:00,2026-07-31 21:45:36.954967+00:00,eva,success
2026-03-04-21-24-17-549000,EwCW-BuE_nA9dzbr,rl2,732.0,cup_on_saucer_success,"pick up cup with one arm, hand it over to the other arm and place it on the saucer",white_wall,"{""white cup"",""white saucer""}",False,eva_bimanual,False,-1.0,True,s3://rldb/processed_v3/eva/2026-03-04-21-24-17-549000.zarr,,s3://rldb/processed_v3/eva/2026-03-04-21-24-17-549000.mp4,CC BY-SA 4.0,,2026-03-04 21:24:17.549000+00:00,2026-07-31 21:45:36.954967+00:00,eva,success
2026-03-04-21-31-56-230000,EwCW-BuE_nA9dzbr,rl2,916.0,cup_on_saucer_success,"pick up cup with one arm, hand it over to the other arm and place it on the saucer",white_wall,"{""white cup"",""white saucer""}",False,eva_bimanual,False,-1.0,True,s3://rldb/processed_v3/eva/2026-03-04-21-31-56-230000.zarr,,s3://rldb/processed_v3/eva/2026-03-04-21-31-56-230000.mp4,CC BY-SA 4.0,,2026-03-04 21:31:56.230000+00:00,2026-07-31 21:45:36.954967+00:00,eva,success
2026-03-04-19-18-23-531000,EwCW-BuE_nA9dzbr,rl2,556.0,cup_on_saucer_success,"pick up cup with one arm, hand it over to the other arm and place it on the saucer",white_wall,"{""white cup"",""green square saucer""}",False,eva_bimanual,False,-1.0,True,s3://rldb/processed_v3/eva/2026-03-04-19-18-23-531000.zarr,,s3://rldb/processed_v3/eva/2026-03-04-19-18-23-531000.mp4,CC BY-SA 4.0,,2026-03-04 19:18:23.531000+00:00,2026-07-31 21:45:36.954967+00:00,eva,success
2026-03-28-22-25-06-919000,Baoyu,rl2,453.0,cup_on_saucer_success_1,"pick up cup with one arm, hand it over to the other arm and place it on the saucer",white_wall,"{""pink cup"",""yellow saucer""}",False,eva_bimanual,False,-1.0,True,s3://rldb/processed_v3/eva/2026-03-28-22-25-06-919000.zarr,,s3://rldb/processed_v3/eva/2026-03-28-22-25-06-919000.mp4,,,2026-03-28 22:25:06.919000+00:00,2026-07-31 21:45:36.954967+00:00,eva,success
2026-03-28-00-21-02-740000,Xinchen,rl2,392.0,cup_on_saucer_success_1,"pick up cup with one arm, hand it over to the other arm and place it on the saucer",white_wall,"{""white cup"",""yellow saucer""}",False,eva_bimanual,False,-1.0,True,s3://rldb/processed_v3/eva/2026-03-28-00-21-02-740000.zarr,,s3://rldb/processed_v3/eva/2026-03-28-00-21-02-740000.mp4,,,2026-03-28 00:21:02.740000+00:00,2026-07-31 21:45:36.954967+00:00,eva,success
2026-03-28-19-06-43-519000,Baoyu,rl2,559.0,cup_on_saucer_success_1,"pick up cup with one arm, hand it over to the other arm and place it on the saucer",white_wall,"{""white ceramic cup"",""green square saucer""}",False,eva_bimanual,False,-1.0,True,s3://rldb/processed_v3/eva/2026-03-28-19-06-43-519000.zarr,,s3://rldb/processed_v3/eva/2026-03-28-19-06-43-519000.mp4,,,2026-03-28 19:06:43.519000+00:00,2026-07-31 21:45:36.954967+00:00,eva,success
2026-03-27-22-47-10-956000,Baoyu,rl2,571.0,cup_on_saucer_success_1,"pick up cup with one arm, hand it over to the other arm and place it on the saucer",white_wall,"{""white cup"",""green square saucer""}",False,eva_bimanual,False,-1.0,True,s3://rldb/processed_v3/eva/2026-03-27-22-47-10-956000.zarr,,s3://rldb/processed_v3/eva/2026-03-27-22-47-10-956000.mp4,,,2026-03-27 22:47:10.956000+00:00,2026-07-31 21:45:36.954967+00:00,eva,success
2026-03-28-17-54-51-224000,Baoyu,rl2,557.0,cup_on_saucer_success_1,"pick up cup with one arm, hand it over to the other arm and place it on the saucer",white_wall,"{""white ceramic cup"",""yellow saucer""}",False,eva_bimanual,False,-1.0,True,s3://rldb/processed_v3/eva/2026-03-28-17-54-51-224000.zarr,,s3://rldb/processed_v3/eva/2026-03-28-17-54-51-224000.mp4,,,2026-03-28 17:54:51.224000+00:00,2026-07-31 21:45:36.954967+00:00,eva,success
2026-03-28-18-14-34-447000,Baoyu,rl2,558.0,cup_on_saucer_success_1,"pick up cup with one arm, hand it over to the other arm and place it on the saucer",white_wall,"{""white ceramic cup"",""yellow saucer""}",False,eva_bimanual,False,-1.0,True,s3://rldb/processed_v3/eva/2026-03-28-18-14-34-447000.zarr,,s3://rldb/processed_v3/eva/2026-03-28-18-14-34-447000.mp4,,,2026-03-28 18:14:34.447000+00:00,2026-07-31 21:45:36.954967+00:00,eva,success
2026-03-28-22-29-40-460000,Baoyu,rl2,488.0,cup_on_saucer_success_1,"pick up cup with one arm, hand it over to the other arm and place it on the saucer",white_wall,"{""pink cup"",""yellow saucer""}",False,eva_bimanual,False,-1.0,True,s3://rldb/processed_v3/eva/2026-03-28-22-29-40-460000.zarr,,s3://rldb/processed_v3/eva/2026-03-28-22-29-40-460000.mp4,,,2026-03-28 22:29:40.460000+00:00,2026-07-31 21:45:36.954967+00:00,eva,success
2026-03-28-17-50-59-421000,Baoyu,rl2,721.0,cup_on_saucer_success_1,"pick up cup with one arm, hand it over to the other arm and place it on the saucer",white_wall,"{""white ceramic cup"",""yellow saucer""}",False,eva_bimanual,False,-1.0,True,s3://rldb/processed_v3/eva/2026-03-28-17-50-59-421000.zarr,,s3://rldb/processed_v3/eva/2026-03-28-17-50-59-421000.mp4,,,2026-03-28 17:50:59.421000+00:00,2026-07-31 21:45:36.954967+00:00,eva,success
2026-03-28-00-18-58-428000,Xinchen,rl2,656.0,cup_on_saucer_success_1,"pick up cup with one arm, hand it over to the other arm and place it on the saucer",white_wall,"{""white cup"",""yellow saucer""}",False,eva_bimanual,False,-1.0,True,s3://rldb/processed_v3/eva/2026-03-28-00-18-58-428000.zarr,,s3://rldb/processed_v3/eva/2026-03-28-00-18-58-428000.mp4,,,2026-03-28 00:18:58.428000+00:00,2026-07-31 21:45:36.954967+00:00,eva,success
2026-03-28-22-39-59-990000,Baoyu,rl2,203.0,cup_on_saucer_failure_1,"pick up cup with one arm, hand it over to the other arm and place it on the saucer",white_wall,"{""pink cup"",""yellow saucer""}",False,eva_bimanual,False,-1.0,True,s3://rldb/processed_v3/eva/2026-03-28-22-39-59-990000.zarr,,s3://rldb/processed_v3/eva/2026-03-28-22-39-59-990000.mp4,,,2026-03-28 22:39:59.990000+00:00,2026-07-31 21:45:36.954967+00:00,eva,failure
2026-03-27-22-48-55-204000,Baoyu,rl2,558.0,cup_on_saucer_success_1,"pick up cup with one arm, hand it over to the other arm and place it on the saucer",white_wall,"{""white cup"",""green square saucer""}",False,eva_bimanual,False,-1.0,True,s3://rldb/processed_v3/eva/2026-03-27-22-48-55-204000.zarr,,s3://rldb/processed_v3/eva/2026-03-27-22-48-55-204000.mp4,,,2026-03-27 22:48:55.204000+00:00,2026-07-31 21:45:36.954967+00:00,eva,success
2026-03-28-22-24-06-319000,Baoyu,rl2,221.0,cup_on_saucer_failure_1,"pick up cup with one arm, hand it over to the other arm and place it on the saucer",white_wall,"{""pink cup"",""yellow saucer""}",False,eva_bimanual,False,-1.0,True,s3://rldb/processed_v3/eva/2026-03-28-22-24-06-319000.zarr,,s3://rldb/processed_v3/eva/2026-03-28-22-24-06-319000.mp4,,,2026-03-28 22:24:06.319000+00:00,2026-07-31 21:45:36.954967+00:00,eva,failure
2026-03-28-00-01-17-033000,Xinchen,rl2,531.0,cup_on_saucer_success_1,"pick up cup with one arm, hand it over to the other arm and place it on the saucer",white_wall,"{""white cup"",""yellow saucer""}",False,eva_bimanual,False,-1.0,True,s3://rldb/processed_v3/eva/2026-03-28-00-01-17-033000.zarr,,s3://rldb/processed_v3/eva/2026-03-28-00-01-17-033000.mp4,,,2026-03-28 00:01:17.033000+00:00,2026-07-31 21:45:36.954967+00:00,eva,success
2026-03-28-20-11-44-646000,Xinchen,rl2,683.0,cup_on_saucer_success_1,"pick up cup with one arm, hand it over to the other arm and place it on the saucer",white_wall,"{""pink cup"",""green square saucer""}",False,eva_bimanual,False,-1.0,True,s3://rldb/processed_v3/eva/2026-03-28-20-11-44-646000.zarr,,s3://rldb/processed_v3/eva/2026-03-28-20-11-44-646000.mp4,,,2026-03-28 20:11:44.646000+00:00,2026-07-31 21:45:36.954967+00:00,eva,success
2026-03-28-18-49-08-039000,Xinchen,rl2,692.0,cup_on_saucer_success_1,"pick up cup with one arm, hand it over to the other arm and place it on the saucer",white_wall,"{""white ceramic cup"",""white saucer""}",False,eva_bimanual,False,-1.0,True,s3://rldb/processed_v3/eva/2026-03-28-18-49-08-039000.zarr,,s3://rldb/processed_v3/eva/2026-03-28-18-49-08-039000.mp4,,,2026-03-28 18:49:08.039000+00:00,2026-07-31 21:45:36.954967+00:00,eva,success
2026-03-28-21-48-59-319000,Baoyu,rl2,531.0,cup_on_saucer_success_1,"pick up cup with one arm, hand it over to the other arm and place it on the saucer",white_wall,"{""pink cup"",""white saucer""}",False,eva_bimanual,False,-1.0,True,s3://rldb/processed_v3/eva/2026-03-28-21-48-59-319000.zarr,,s3://rldb/processed_v3/eva/2026-03-28-21-48-59-319000.mp4,,,2026-03-28 21:48:59.319000+00:00,2026-07-31 21:45:36.954967+00:00,eva,success
2026-03-28-18-02-02-460000,Baoyu,rl2,276.0,cup_on_saucer_failure_1,"pick up cup with one arm, hand it over to the other arm and place it on the saucer",white_wall,"{""white ceramic cup"",""yellow saucer""}",False,eva_bimanual,False,-1.0,True,s3://rldb/processed_v3/eva/2026-03-28-18-02-02-460000.zarr,,s3://rldb/processed_v3/eva/2026-03-28-18-02-02-460000.mp4,,,2026-03-28 18:02:02.460000+00:00,2026-07-31 21:45:36.954967+00:00,eva,failure
2026-03-28-00-42-38-029000,Baoyu,rl2,507.0,cup_on_saucer_success_1,"pick up cup with one arm, hand it over to the other arm and place it on the saucer",white_wall,"{""white cup"",""white saucer""}",False,eva_bimanual,False,-1.0,True,s3://rldb/processed_v3/eva/2026-03-28-00-42-38-029000.zarr,,s3://rldb/processed_v3/eva/2026-03-28-00-42-38-029000.mp4,,,2026-03-28 00:42:38.029000+00:00,2026-07-31 21:45:36.954967+00:00,eva,success
2026-03-27-23-34-34-171000,Baoyu,rl2,505.0,cup_on_saucer_success_1,"pick up cup with one arm, hand it over to the other arm and place it on the saucer",white_wall,"{""white cup"",""green square saucer""}",False,eva_bimanual,False,-1.0,True,s3://rldb/processed_v3/eva/2026-03-27-23-34-34-171000.zarr,,s3://rldb/processed_v3/eva/2026-03-27-23-34-34-171000.mp4,,,2026-03-27 23:34:34.171000+00:00,2026-07-31 21:45:36.954967+00:00,eva,success
2026-03-27-22-37-03-390000,Baoyu,rl2,564.0,cup_on_saucer_success_1,"pick up cup with one arm, hand it over to the other arm and place it on the saucer",white_wall,"{""white cup"",""green square saucer""}",False,eva_bimanual,False,-1.0,True,s3://rldb/processed_v3/eva/2026-03-27-22-37-03-390000.zarr,,s3://rldb/processed_v3/eva/2026-03-27-22-37-03-390000.mp4,,,2026-03-27 22:37:03.390000+00:00,2026-07-31 21:45:36.954967+00:00,eva,success
2026-03-27-22-37-41-308000,Baoyu,rl2,489.0,cup_on_saucer_success_1,"pick up cup with one arm, hand it over to the other arm and place it on the saucer",white_wall,"{""white cup"",""green square saucer""}",False,eva_bimanual,False,-1.0,True,s3://rldb/processed_v3/eva/2026-03-27-22-37-41-308000.zarr,,s3://rldb/processed_v3/eva/2026-03-27-22-37-41-308000.mp4,,,2026-03-27 22:37:41.308000+00:00,2026-07-31 21:45:36.954967+00:00,eva,success
2026-03-28-01-34-41-860000,Xinchen,rl2,701.0,cup_on_saucer_success_1,"pick up cup with one arm, hand it over to the other arm and place it on the saucer",white_wall,"{""white ceramic cup"",""white saucer""}",False,eva_bimanual,False,-1.0,True,s3://rldb/processed_v3/eva/2026-03-28-01-34-41-860000.zarr,,s3://rldb/processed_v3/eva/2026-03-28-01-34-41-860000.mp4,,,2026-03-28 01:34:41.860000+00:00,2026-07-31 21:45:36.954967+00:00,eva,success
2026-03-27-22-46-38-404000,Baoyu,rl2,236.0,cup_on_saucer_failure_1,"pick up cup with one arm, hand it over to the other arm and place it on the saucer",white_wall,"{""white cup"",""green square saucer""}",False,eva_bimanual,False,-1.0,True,s3://rldb/processed_v3/eva/2026-03-27-22-46-38-404000.zarr,,s3://rldb/processed_v3/eva/2026-03-27-22-46-38-404000.mp4,,,2026-03-27 22:46:38.404000+00:00,2026-07-31 21:45:36.954967+00:00,eva,failure
2026-03-27-22-46-15-434000,Baoyu,rl2,661.0,cup_on_saucer_failure_1,"pick up cup with one arm, hand it over to the other arm and place it on the saucer",white_wall,"{""white cup"",""green square saucer""}",False,eva_bimanual,False,-1.0,True,s3://rldb/processed_v3/eva/2026-03-27-22-46-15-434000.zarr,,s3://rldb/processed_v3/eva/2026-03-27-22-46-15-434000.mp4,,,2026-03-27 22:46:15.434000+00:00,2026-07-31 21:45:36.954967+00:00,eva,failure
2026-03-27-22-42-57-438000,Baoyu,rl2,586.0,cup_on_saucer_success_1,"pick up cup with one arm, hand it over to the other arm and place it on the saucer",white_wall,"{""white cup"",""green square saucer""}",False,eva_bimanual,False,-1.0,True,s3://rldb/processed_v3/eva/2026-03-27-22-42-57-438000.zarr,,s3://rldb/processed_v3/eva/2026-03-27-22-42-57-438000.mp4,,,2026-03-27 22:42:57.438000+00:00,2026-07-31 21:45:36.954967+00:00,eva,success
2026-03-27-22-43-54-928000,Baoyu,rl2,531.0,cup_on_saucer_success_1,"pick up cup with one arm, hand it over to the other arm and place it on the saucer",white_wall,"{""white cup"",""green square saucer""}",False,eva_bimanual,False,-1.0,True,s3://rldb/processed_v3/eva/2026-03-27-22-43-54-928000.zarr,,s3://rldb/processed_v3/eva/2026-03-27-22-43-54-928000.mp4,,,2026-03-27 22:43:54.928000+00:00,2026-07-31 21:45:36.954967+00:00,eva,success
2026-03-27-22-41-45-230000,Baoyu,rl2,589.0,cup_on_saucer_success_1,"pick up cup with one arm, hand it over to the other arm and place it on the saucer",white_wall,"{""white cup"",""green square saucer""}",False,eva_bimanual,False,-1.0,True,s3://rldb/processed_v3/eva/2026-03-27-22-41-45-230000.zarr,,s3://rldb/processed_v3/eva/2026-03-27-22-41-45-230000.mp4,,,2026-03-27 22:41:45.230000+00:00,2026-07-31 21:45:36.954967+00:00,eva,success
2026-03-27-22-52-51-987000,Baoyu,rl2,544.0,cup_on_saucer_success_1,"pick up cup with one arm, hand it over to the other arm and place it on the saucer",white_wall,"{""white cup"",""green square saucer""}",False,eva_bimanual,False,-1.0,True,s3://rldb/processed_v3/eva/2026-03-27-22-52-51-987000.zarr,,s3://rldb/processed_v3/eva/2026-03-27-22-52-51-987000.mp4,,,2026-03-27 22:52:51.987000+00:00,2026-07-31 21:45:36.954967+00:00,eva,success
2026-03-27-22-54-26-807000,Baoyu,rl2,581.0,cup_on_saucer_success_1,"pick up cup with one arm, hand it over to the other arm and place it on the saucer",white_wall,"{""white cup"",""green square saucer""}",False,eva_bimanual,False,-1.0,True,s3://rldb/processed_v3/eva/2026-03-27-22-54-26-807000.zarr,,s3://rldb/processed_v3/eva/2026-03-27-22-54-26-807000.mp4,,,2026-03-27 22:54:26.807000+00:00,2026-07-31 21:45:36.954967+00:00,eva,success
2026-03-27-22-51-23-466000,Baoyu,rl2,600.0,cup_on_saucer_success_1,"pick up cup with one arm, hand it over to the other arm and place it on the saucer",white_wall,"{""white cup"",""green square saucer""}",False,eva_bimanual,False,-1.0,True,s3://rldb/processed_v3/eva/2026-03-27-22-51-23-466000.zarr,,s3://rldb/processed_v3/eva/2026-03-27-22-51-23-466000.mp4,,,2026-03-27 22:51:23.466000+00:00,2026-07-31 21:45:36.954967+00:00,eva,success
2026-03-27-23-00-46-308000,Baoyu,rl2,404.0,cup_on_saucer_success_1,"pick up cup with one arm, hand it over to the other arm and place it on the saucer",white_wall,"{""white cup"",""green square saucer""}",False,eva_bimanual,False,-1.0,True,s3://rldb/processed_v3/eva/2026-03-27-23-00-46-308000.zarr,,s3://rldb/processed_v3/eva/2026-03-27-23-00-46-308000.mp4,,,2026-03-27 23:00:46.308000+00:00,2026-07-31 21:45:36.954967+00:00,eva,success
2026-03-27-22-49-52-028000,Baoyu,rl2,559.0,cup_on_saucer_success_1,"pick up cup with one arm, hand it over to the other arm and place it on the saucer",white_wall,"{""white cup"",""green square saucer""}",False,eva_bimanual,False,-1.0,True,s3://rldb/processed_v3/eva/2026-03-27-22-49-52-028000.zarr,,s3://rldb/processed_v3/eva/2026-03-27-22-49-52-028000.mp4,,,2026-03-27 22:49:52.028000+00:00,2026-07-31 21:45:36.954967+00:00,eva,success
2026-03-27-23-02-41-345000,Baoyu,rl2,637.0,cup_on_saucer_success_1,"pick up cup with one arm, hand it over to the other arm and place it on the saucer",white_wall,"{""white cup"",""green square saucer""}",False,eva_bimanual,False,-1.0,True,s3://rldb/processed_v3/eva/2026-03-27-23-02-41-345000.zarr,,s3://rldb/processed_v3/eva/2026-03-27-23-02-41-345000.mp4,,,2026-03-27 23:02:41.345000+00:00,2026-07-31 21:45:36.954967+00:00,eva,success
2026-03-28-22-14-36-891000,Baoyu,rl2,488.0,cup_on_saucer_success_1,"pick up cup with one arm, hand it over to the other arm and place it on the saucer",white_wall,"{""pink cup"",""white saucer""}",False,eva_bimanual,False,-1.0,True,s3://rldb/processed_v3/eva/2026-03-28-22-14-36-891000.zarr,,s3://rldb/processed_v3/eva/2026-03-28-22-14-36-891000.mp4,,,2026-03-28 22:14:36.891000+00:00,2026-07-31 21:45:36.954967+00:00,eva,success
2026-03-27-23-03-19-371000,Baoyu,rl2,555.0,cup_on_saucer_success_1,"pick up cup with one arm, hand it over to the other arm and place it on the saucer",white_wall,"{""white cup"",""green square saucer""}",False,eva_bimanual,False,-1.0,True,s3://rldb/processed_v3/eva/2026-03-27-23-03-19-371000.zarr,,s3://rldb/processed_v3/eva/2026-03-27-23-03-19-371000.mp4,,,2026-03-27 23:03:19.371000+00:00,2026-07-31 21:45:36.954967+00:00,eva,success
2026-03-27-23-07-00-468000,Baoyu,rl2,511.0,cup_on_saucer_success_1,"pick up cup with one arm, hand it over to the other arm and place it on the saucer",white_wall,"{""white cup"",""green square saucer""}",False,eva_bimanual,False,-1.0,True,s3://rldb/processed_v3/eva/2026-03-27-23-07-00-468000.zarr,,s3://rldb/processed_v3/eva/2026-03-27-23-07-00-468000.mp4,,,2026-03-27 23:07:00.468000+00:00,2026-07-31 21:45:36.954967+00:00,eva,success
2026-03-27-23-04-55-089000,Baoyu,rl2,581.0,cup_on_saucer_success_1,"pick up cup with one arm, hand it over to the other arm and place it on the saucer",white_wall,"{""white cup"",""green square saucer""}",False,eva_bimanual,False,-1.0,True,s3://rldb/processed_v3/eva/2026-03-27-23-04-55-089000.zarr,,s3://rldb/processed_v3/eva/2026-03-27-23-04-55-089000.mp4,,,2026-03-27 23:04:55.089000+00:00,2026-07-31 21:45:36.954967+00:00,eva,success
2026-03-27-23-32-49-799000,Baoyu,rl2,500.0,cup_on_saucer_success_1,"pick up cup with one arm, hand it over to the other arm and place it on the saucer",white_wall,"{""white cup"",""green square saucer""}",False,eva_bimanual,False,-1.0,True,s3://rldb/processed_v3/eva/2026-03-27-23-32-49-799000.zarr,,s3://rldb/processed_v3/eva/2026-03-27-23-32-49-799000.mp4,,,2026-03-27 23:32:49.799000+00:00,2026-07-31 21:45:36.954967+00:00,eva,success
2026-03-28-17-54-02-413000,Baoyu,rl2,500.0,cup_on_saucer_success_1,"pick up cup with one arm, hand it over to the other arm and place it on the saucer",white_wall,"{""white ceramic cup"",""yellow saucer""}",False,eva_bimanual,False,-1.0,True,s3://rldb/processed_v3/eva/2026-03-28-17-54-02-413000.zarr,,s3://rldb/processed_v3/eva/2026-03-28-17-54-02-413000.mp4,,,2026-03-28 17:54:02.413000+00:00,2026-07-31 21:45:36.954967+00:00,eva,success
2026-03-27-23-09-15-304000,Baoyu,rl2,694.0,cup_on_saucer_success_1,"pick up cup with one arm, hand it over to the other arm and place it on the saucer",white_wall,"{""white cup"",""green square saucer""}",False,eva_bimanual,False,-1.0,True,s3://rldb/processed_v3/eva/2026-03-27-23-09-15-304000.zarr,,s3://rldb/processed_v3/eva/2026-03-27-23-09-15-304000.mp4,,,2026-03-27 23:09:15.304000+00:00,2026-07-31 21:45:36.954967+00:00,eva,success
2026-03-27-23-35-11-238000,Baoyu,rl2,553.0,cup_on_saucer_success_1,"pick up cup with one arm, hand it over to the other arm and place it on the saucer",white_wall,"{""white cup"",""green square saucer""}",False,eva_bimanual,False,-1.0,True,s3://rldb/processed_v3/eva/2026-03-27-23-35-11-238000.zarr,,s3://rldb/processed_v3/eva/2026-03-27-23-35-11-238000.mp4,,,2026-03-27 23:35:11.238000+00:00,2026-07-31 21:45:36.954967+00:00,eva,success
2026-03-27-23-33-30-065000,Baoyu,rl2,521.0,cup_on_saucer_success_1,"pick up cup with one arm, hand it over to the other arm and place it on the saucer",white_wall,"{""white cup"",""green square saucer""}",False,eva_bimanual,False,-1.0,True,s3://rldb/processed_v3/eva/2026-03-27-23-33-30-065000.zarr,,s3://rldb/processed_v3/eva/2026-03-27-23-33-30-065000.mp4,,,2026-03-27 23:33:30.065000+00:00,2026-07-31 21:45:36.954967+00:00,eva,success
2026-03-28-22-12-25-702000,Baoyu,rl2,456.0,cup_on_saucer_success_1,"pick up cup with one arm, hand it over to the other arm and place it on the saucer",white_wall,"{""pink cup"",""white saucer""}",False,eva_bimanual,False,-1.0,True,s3://rldb/processed_v3/eva/2026-03-28-22-12-25-702000.zarr,,s3://rldb/processed_v3/eva/2026-03-28-22-12-25-702000.mp4,,,2026-03-28 22:12:25.702000+00:00,2026-07-31 21:45:36.954967+00:00,eva,success
2026-03-28-21-38-52-256000,Baoyu,rl2,403.0,cup_on_saucer_success_1,"pick up cup with one arm, hand it over to the other arm and place it on the saucer",white_wall,"{""pink cup"",""white saucer""}",False,eva_bimanual,False,-1.0,True,s3://rldb/processed_v3/eva/2026-03-28-21-38-52-256000.zarr,,s3://rldb/processed_v3/eva/2026-03-28-21-38-52-256000.mp4,,,2026-03-28 21:38:52.256000+00:00,2026-07-31 21:45:36.954967+00:00,eva,success
2026-03-27-22-32-36-643000,Baoyu,rl2,254.0,cup_on_saucer_failure_1,"pick up cup with one arm, hand it over to the other arm and place it on the saucer",white_wall,"{""white cup"",""green square saucer""}",False,eva_bimanual,False,-1.0,True,s3://rldb/processed_v3/eva/2026-03-27-22-32-36-643000.zarr,,s3://rldb/processed_v3/eva/2026-03-27-22-32-36-643000.mp4,,,2026-03-27 22:32:36.643000+00:00,2026-07-31 21:45:36.954967+00:00,eva,failure
2026-03-27-23-34-04-196000,Baoyu,rl2,468.0,cup_on_saucer_failure_1,"pick up cup with one arm, hand it over to the other arm and place it on the saucer",white_wall,"{""white cup"",""green square saucer""}",False,eva_bimanual,False,-1.0,True,s3://rldb/processed_v3/eva/2026-03-27-23-34-04-196000.zarr,,s3://rldb/processed_v3/eva/2026-03-27-23-34-04-196000.mp4,,,2026-03-27 23:34:04.196000+00:00,2026-07-31 21:45:36.954967+00:00,eva,failure
2026-03-28-19-08-25-998000,Baoyu,rl2,476.0,cup_on_saucer_success_1,"pick up cup with one arm, hand it over to the other arm and place it on the saucer",white_wall,"{""white ceramic cup"",""green square saucer""}",False,eva_bimanual,False,-1.0,True,s3://rldb/processed_v3/eva/2026-03-28-19-08-25-998000.zarr,,s3://rldb/processed_v3/eva/2026-03-28-19-08-25-998000.mp4,,,2026-03-28 19:08:25.998000+00:00,2026-07-31 21:45:36.954967+00:00,eva,success
2026-03-28-19-51-12-049000,Xinchen,rl2,786.0,cup_on_saucer_success_1,"pick up cup with one arm, hand it over to the other arm and place it on the saucer",white_wall,"{""pink cup"",""green square saucer""}",False,eva_bimanual,False,-1.0,True,s3://rldb/processed_v3/eva/2026-03-28-19-51-12-049000.zarr,,s3://rldb/processed_v3/eva/2026-03-28-19-51-12-049000.mp4,,,2026-03-28 19:51:12.049000+00:00,2026-07-31 21:45:36.954967+00:00,eva,success
2026-03-28-00-43-22-382000,Baoyu,rl2,456.0,cup_on_saucer_success_1,"pick up cup with one arm, hand it over to the other arm and place it on the saucer",white_wall,"{""white cup"",""white saucer""}",False,eva_bimanual,False,-1.0,True,s3://rldb/processed_v3/eva/2026-03-28-00-43-22-382000.zarr,,s3://rldb/processed_v3/eva/2026-03-28-00-43-22-382000.mp4,,,2026-03-28 00:43:22.382000+00:00,2026-07-31 21:45:36.954967+00:00,eva,success
2026-03-28-19-33-36-568000,Baoyu,rl2,524.0,cup_on_saucer_success_1,"pick up cup with one arm, hand it over to the other arm and place it on the saucer",white_wall,"{""white ceramic cup"",""green square saucer""}",False,eva_bimanual,False,-1.0,True,s3://rldb/processed_v3/eva/2026-03-28-19-33-36-568000.zarr,,s3://rldb/processed_v3/eva/2026-03-28-19-33-36-568000.mp4,,,2026-03-28 19:33:36.568000+00:00,2026-07-31 21:45:36.954967+00:00,eva,success
2026-03-28-22-29-07-465000,Baoyu,rl2,499.0,cup_on_saucer_success_1,"pick up cup with one arm, hand it over to the other arm and place it on the saucer",white_wall,"{""pink cup"",""yellow saucer""}",False,eva_bimanual,False,-1.0,True,s3://rldb/processed_v3/eva/2026-03-28-22-29-07-465000.zarr,,s3://rldb/processed_v3/eva/2026-03-28-22-29-07-465000.mp4,,,2026-03-28 22:29:07.465000+00:00,2026-07-31 21:45:36.954967+00:00,eva,success
2026-03-28-20-05-05-806000,Xinchen,rl2,567.0,cup_on_saucer_success_1,"pick up cup with one arm, hand it over to the other arm and place it on the saucer",white_wall,"{""pink cup"",""green square saucer""}",False,eva_bimanual,False,-1.0,True,s3://rldb/processed_v3/eva/2026-03-28-20-05-05-806000.zarr,,s3://rldb/processed_v3/eva/2026-03-28-20-05-05-806000.mp4,,,2026-03-28 20:05:05.806000+00:00,2026-07-31 21:45:36.954967+00:00,eva,success
2026-03-28-22-30-39-322000,Baoyu,rl2,456.0,cup_on_saucer_success_1,"pick up cup with one arm, hand it over to the other arm and place it on the saucer",white_wall,"{""pink cup"",""yellow saucer""}",False,eva_bimanual,False,-1.0,True,s3://rldb/processed_v3/eva/2026-03-28-22-30-39-322000.zarr,,s3://rldb/processed_v3/eva/2026-03-28-22-30-39-322000.mp4,,,2026-03-28 22:30:39.322000+00:00,2026-07-31 21:45:36.954967+00:00,eva,success
2026-03-04-21-25-02-632000,EwCW-BuE_nA9dzbr,rl2,545.0,cup_on_saucer_success,"pick up cup with one arm, hand it over to the other arm and place it on the saucer",white_wall,"{""white cup"",""white saucer""}",False,eva_bimanual,False,-1.0,True,s3://rldb/processed_v3/eva/2026-03-04-21-25-02-632000.zarr,,s3://rldb/processed_v3/eva/2026-03-04-21-25-02-632000.mp4,CC BY-SA 4.0,,2026-03-04 21:25:02.632000+00:00,2026-07-31 21:45:36.954967+00:00,eva,success
2026-03-28-01-22-19-407000,Xinchen,rl2,762.0,cup_on_saucer_success_1,"pick up cup with one arm, hand it over to the other arm and place it on the saucer",white_wall,"{""white ceramic cup"",""white saucer""}",False,eva_bimanual,False,-1.0,True,s3://rldb/processed_v3/eva/2026-03-28-01-22-19-407000.zarr,,s3://rldb/processed_v3/eva/2026-03-28-01-22-19-407000.mp4,,,2026-03-28 01:22:19.407000+00:00,2026-07-31 21:45:36.954967+00:00,eva,success
2026-03-27-23-57-53-269000,Xinchen,rl2,640.0,cup_on_saucer_success_1,"pick up cup with one arm, hand it over to the other arm and place it on the saucer",white_wall,"{""white cup"",""yellow saucer""}",False,eva_bimanual,False,-1.0,True,s3://rldb/processed_v3/eva/2026-03-27-23-57-53-269000.zarr,,s3://rldb/processed_v3/eva/2026-03-27-23-57-53-269000.mp4,,,2026-03-27 23:57:53.269000+00:00,2026-07-31 21:45:36.954967+00:00,eva,success
2026-03-27-23-57-16-984000,Xinchen,rl2,346.0,cup_on_saucer_failure_1,"pick up cup with one arm, hand it over to the other arm and place it on the saucer",white_wall,"{""white cup"",""yellow saucer""}",False,eva_bimanual,False,-1.0,True,s3://rldb/processed_v3/eva/2026-03-27-23-57-16-984000.zarr,,s3://rldb/processed_v3/eva/2026-03-27-23-57-16-984000.mp4,,,2026-03-27 23:57:16.984000+00:00,2026-07-31 21:45:36.954967+00:00,eva,failure
2026-03-27-23-59-14-496000,Xinchen,rl2,731.0,cup_on_saucer_success_1,"pick up cup with one arm, hand it over to the other arm and place it on the saucer",white_wall,"{""white cup"",""yellow saucer""}",False,eva_bimanual,False,-1.0,True,s3://rldb/processed_v3/eva/2026-03-27-23-59-14-496000.zarr,,s3://rldb/processed_v3/eva/2026-03-27-23-59-14-496000.mp4,,,2026-03-27 23:59:14.496000+00:00,2026-07-31 21:45:36.954967+00:00,eva,success
2026-03-28-00-01-57-153000,Xinchen,rl2,503.0,cup_on_saucer_failure_1,"pick up cup with one arm, hand it over to the other arm and place it on the saucer",white_wall,"{""white cup"",""yellow saucer""}",False,eva_bimanual,False,-1.0,True,s3://rldb/processed_v3/eva/2026-03-28-00-01-57-153000.zarr,,s3://rldb/processed_v3/eva/2026-03-28-00-01-57-153000.mp4,,,2026-03-28 00:01:57.153000+00:00,2026-07-31 21:45:36.954967+00:00,eva,failure
2026-03-28-00-06-48-883000,Xinchen,rl2,616.0,cup_on_saucer_success_1,"pick up cup with one arm, hand it over to the other arm and place it on the saucer",white_wall,"{""white cup"",""yellow saucer""}",False,eva_bimanual,False,-1.0,True,s3://rldb/processed_v3/eva/2026-03-28-00-06-48-883000.zarr,,s3://rldb/processed_v3/eva/2026-03-28-00-06-48-883000.mp4,,,2026-03-28 00:06:48.883000+00:00,2026-07-31 21:45:36.954967+00:00,eva,success
2026-03-28-00-10-54-370000,Xinchen,rl2,757.0,cup_on_saucer_success_1,"pick up cup with one arm, hand it over to the other arm and place it on the saucer",white_wall,"{""white cup"",""yellow saucer""}",False,eva_bimanual,False,-1.0,True,s3://rldb/processed_v3/eva/2026-03-28-00-10-54-370000.zarr,,s3://rldb/processed_v3/eva/2026-03-28-00-10-54-370000.mp4,,,2026-03-28 00:10:54.370000+00:00,2026-07-31 21:45:36.954967+00:00,eva,success
2026-03-28-00-10-07-730000,Xinchen,rl2,154.0,cup_on_saucer_failure_1,"pick up cup with one arm, hand it over to the other arm and place it on the saucer",white_wall,"{""white cup"",""yellow saucer""}",False,eva_bimanual,False,-1.0,True,s3://rldb/processed_v3/eva/2026-03-28-00-10-07-730000.zarr,,s3://rldb/processed_v3/eva/2026-03-28-00-10-07-730000.mp4,,,2026-03-28 00:10:07.730000+00:00,2026-07-31 21:45:36.954967+00:00,eva,failure
2026-03-28-00-12-47-741000,Xinchen,rl2,629.0,cup_on_saucer_success_1,"pick up cup with one arm, hand it over to the other arm and place it on the saucer",white_wall,"{""white cup"",""yellow saucer""}",False,eva_bimanual,False,-1.0,True,s3://rldb/processed_v3/eva/2026-03-28-00-12-47-741000.zarr,,s3://rldb/processed_v3/eva/2026-03-28-00-12-47-741000.mp4,,,2026-03-28 00:12:47.741000+00:00,2026-07-31 21:45:36.954967+00:00,eva,success
2026-03-28-00-23-52-043000,Xinchen,rl2,472.0,cup_on_saucer_success_1,"pick up cup with one arm, hand it over to the other arm and place it on the saucer",white_wall,"{""white cup"",""yellow saucer""}",False,eva_bimanual,False,-1.0,True,s3://rldb/processed_v3/eva/2026-03-28-00-23-52-043000.zarr,,s3://rldb/processed_v3/eva/2026-03-28-00-23-52-043000.mp4,,,2026-03-28 00:23:52.043000+00:00,2026-07-31 21:45:36.954967+00:00,eva,success
2026-03-28-00-44-30-961000,Baoyu,rl2,518.0,cup_on_saucer_success_1,"pick up cup with one arm, hand it over to the other arm and place it on the saucer",white_wall,"{""white cup"",""white saucer""}",False,eva_bimanual,False,-1.0,True,s3://rldb/processed_v3/eva/2026-03-28-00-44-30-961000.zarr,,s3://rldb/processed_v3/eva/2026-03-28-00-44-30-961000.mp4,,,2026-03-28 00:44:30.961000+00:00,2026-07-31 21:45:36.954967+00:00,eva,success
2026-03-28-00-50-56-123000,Baoyu,rl2,635.0,cup_on_saucer_success_1,"pick up cup with one arm, hand it over to the other arm and place it on the saucer",white_wall,"{""white cup"",""white saucer""}",False,eva_bimanual,False,-1.0,True,s3://rldb/processed_v3/eva/2026-03-28-00-50-56-123000.zarr,,s3://rldb/processed_v3/eva/2026-03-28-00-50-56-123000.mp4,,,2026-03-28 00:50:56.123000+00:00,2026-07-31 21:45:36.954967+00:00,eva,success
2026-03-28-00-59-11-061000,Baoyu,rl2,671.0,cup_on_saucer_success_1,"pick up cup with one arm, hand it over to the other arm and place it on the saucer",white_wall,"{""white cup"",""white saucer""}",False,eva_bimanual,False,-1.0,True,s3://rldb/processed_v3/eva/2026-03-28-00-59-11-061000.zarr,,s3://rldb/processed_v3/eva/2026-03-28-00-59-11-061000.mp4,,,2026-03-28 00:59:11.061000+00:00,2026-07-31 21:45:36.954967+00:00,eva,success
2026-03-28-17-50-13-133000,Baoyu,rl2,497.0,cup_on_saucer_success_1,"pick up cup with one arm, hand it over to the other arm and place it on the saucer",white_wall,"{""white ceramic cup"",""yellow saucer""}",False,eva_bimanual,False,-1.0,True,s3://rldb/processed_v3/eva/2026-03-28-17-50-13-133000.zarr,,s3://rldb/processed_v3/eva/2026-03-28-17-50-13-133000.mp4,,,2026-03-28 17:50:13.133000+00:00,2026-07-31 21:45:36.954967+00:00,eva,success
2026-03-28-18-08-00-808000,Baoyu,rl2,503.0,cup_on_saucer_success_1,"pick up cup with one arm, hand it over to the other arm and place it on the saucer",white_wall,"{""white ceramic cup"",""yellow saucer""}",False,eva_bimanual,False,-1.0,True,s3://rldb/processed_v3/eva/2026-03-28-18-08-00-808000.zarr,,s3://rldb/processed_v3/eva/2026-03-28-18-08-00-808000.mp4,,,2026-03-28 18:08:00.808000+00:00,2026-07-31 21:45:36.954967+00:00,eva,success
2026-03-28-18-11-55-145000,Baoyu,rl2,223.0,cup_on_saucer_failure_1,"pick up cup with one arm, hand it over to the other arm and place it on the saucer",white_wall,"{""white ceramic cup"",""yellow saucer""}",False,eva_bimanual,False,-1.0,True,s3://rldb/processed_v3/eva/2026-03-28-18-11-55-145000.zarr,,s3://rldb/processed_v3/eva/2026-03-28-18-11-55-145000.mp4,,,2026-03-28 18:11:55.145000+00:00,2026-07-31 21:45:36.954967+00:00,eva,failure
2026-03-28-18-09-07-330000,Baoyu,rl2,566.0,cup_on_saucer_failure_1,"pick up cup with one arm, hand it over to the other arm and place it on the saucer",white_wall,"{""white ceramic cup"",""yellow saucer""}",False,eva_bimanual,False,-1.0,True,s3://rldb/processed_v3/eva/2026-03-28-18-09-07-330000.zarr,,s3://rldb/processed_v3/eva/2026-03-28-18-09-07-330000.mp4,,,2026-03-28 18:09:07.330000+00:00,2026-07-31 21:45:36.954967+00:00,eva,failure
2026-03-28-01-26-06-113000,Xinchen,rl2,493.0,cup_on_saucer_success_1,"pick up cup with one arm, hand it over to the other arm and place it on the saucer",white_wall,"{""white ceramic cup"",""white saucer""}",False,eva_bimanual,False,-1.0,True,s3://rldb/processed_v3/eva/2026-03-28-01-26-06-113000.zarr,,s3://rldb/processed_v3/eva/2026-03-28-01-26-06-113000.mp4,,,2026-03-28 01:26:06.113000+00:00,2026-07-31 21:45:36.954967+00:00,eva,success
2026-03-28-01-29-13-633000,Xinchen,rl2,495.0,cup_on_saucer_success_1,"pick up cup with one arm, hand it over to the other arm and place it on the saucer",white_wall,"{""white ceramic cup"",""white saucer""}",False,eva_bimanual,False,-1.0,True,s3://rldb/processed_v3/eva/2026-03-28-01-29-13-633000.zarr,,s3://rldb/processed_v3/eva/2026-03-28-01-29-13-633000.mp4,,,2026-03-28 01:29:13.633000+00:00,2026-07-31 21:45:36.954967+00:00,eva,success
2026-03-28-01-35-21-018000,Xinchen,rl2,732.0,cup_on_saucer_success_1,"pick up cup with one arm, hand it over to the other arm and place it on the saucer",white_wall,"{""white ceramic cup"",""white saucer""}",False,eva_bimanual,False,-1.0,True,s3://rldb/processed_v3/eva/2026-03-28-01-35-21-018000.zarr,,s3://rldb/processed_v3/eva/2026-03-28-01-35-21-018000.mp4,,,2026-03-28 01:35:21.018000+00:00,2026-07-31 21:45:36.954967+00:00,eva,success
2026-03-28-18-55-23-615000,Xinchen,rl2,580.0,cup_on_saucer_success_1,"pick up cup with one arm, hand it over to the other arm and place it on the saucer",white_wall,"{""white ceramic cup"",""white saucer""}",False,eva_bimanual,False,-1.0,True,s3://rldb/processed_v3/eva/2026-03-28-18-55-23-615000.zarr,,s3://rldb/processed_v3/eva/2026-03-28-18-55-23-615000.mp4,,,2026-03-28 18:55:23.615000+00:00,2026-07-31 21:45:36.954967+00:00,eva,success
2026-03-28-01-33-45-083000,Xinchen,rl2,655.0,cup_on_saucer_success_1,"pick up cup with one arm, hand it over to the other arm and place it on the saucer",white_wall,"{""white ceramic cup"",""white saucer""}",False,eva_bimanual,False,-1.0,True,s3://rldb/processed_v3/eva/2026-03-28-01-33-45-083000.zarr,,s3://rldb/processed_v3/eva/2026-03-28-01-33-45-083000.mp4,,,2026-03-28 01:33:45.083000+00:00,2026-07-31 21:45:36.954967+00:00,eva,success
2026-03-28-01-32-33-698000,Xinchen,rl2,611.0,cup_on_saucer_success_1,"pick up cup with one arm, hand it over to the other arm and place it on the saucer",white_wall,"{""white ceramic cup"",""white saucer""}",False,eva_bimanual,False,-1.0,True,s3://rldb/processed_v3/eva/2026-03-28-01-32-33-698000.zarr,,s3://rldb/processed_v3/eva/2026-03-28-01-32-33-698000.mp4,,,2026-03-28 01:32:33.698000+00:00,2026-07-31 21:45:36.954967+00:00,eva,success
2026-03-28-01-33-08-149000,Xinchen,rl2,566.0,cup_on_saucer_success_1,"pick up cup with one arm, hand it over to the other arm and place it on the saucer",white_wall,"{""white ceramic cup"",""white saucer""}",False,eva_bimanual,False,-1.0,True,s3://rldb/processed_v3/eva/2026-03-28-01-33-08-149000.zarr,,s3://rldb/processed_v3/eva/2026-03-28-01-33-08-149000.mp4,,,2026-03-28 01:33:08.149000+00:00,2026-07-31 21:45:36.954967+00:00,eva,success
2026-03-28-01-38-46-046000,Xinchen,rl2,766.0,cup_on_saucer_success_1,"pick up cup with one arm, hand it over to the other arm and place it on the saucer",white_wall,"{""white ceramic cup"",""white saucer""}",False,eva_bimanual,False,-1.0,True,s3://rldb/processed_v3/eva/2026-03-28-01-38-46-046000.zarr,,s3://rldb/processed_v3/eva/2026-03-28-01-38-46-046000.mp4,,,2026-03-28 01:38:46.046000+00:00,2026-07-31 21:45:36.954967+00:00,eva,success
2026-03-28-01-39-26-431000,Xinchen,rl2,736.0,cup_on_saucer_failure_1,"pick up cup with one arm, hand it over to the other arm and place it on the saucer",white_wall,"{""white ceramic cup"",""white saucer""}",False,eva_bimanual,False,-1.0,True,s3://rldb/processed_v3/eva/2026-03-28-01-39-26-431000.zarr,,s3://rldb/processed_v3/eva/2026-03-28-01-39-26-431000.mp4,,,2026-03-28 01:39:26.431000+00:00,2026-07-31 21:45:36.954967+00:00,eva,failure
2026-03-28-18-43-50-102000,Xinchen,rl2,586.0,cup_on_saucer_success_1,"pick up cup with one arm, hand it over to the other arm and place it on the saucer",white_wall,"{""white ceramic cup"",""white saucer""}",False,eva_bimanual,False,-1.0,True,s3://rldb/processed_v3/eva/2026-03-28-18-43-50-102000.zarr,,s3://rldb/processed_v3/eva/2026-03-28-18-43-50-102000.mp4,,,2026-03-28 18:43:50.102000+00:00,2026-07-31 21:45:36.954967+00:00,eva,success
2026-03-28-18-49-55-271000,Xinchen,rl2,511.0,cup_on_saucer_success_1,"pick up cup with one arm, hand it over to the other arm and place it on the saucer",white_wall,"{""white ceramic cup"",""white saucer""}",False,eva_bimanual,False,-1.0,True,s3://rldb/processed_v3/eva/2026-03-28-18-49-55-271000.zarr,,s3://rldb/processed_v3/eva/2026-03-28-18-49-55-271000.mp4,,,2026-03-28 18:49:55.271000+00:00,2026-07-31 21:45:36.954967+00:00,eva,success
2026-03-28-18-47-00-686000,Xinchen,rl2,662.0,cup_on_saucer_success_1,"pick up cup with one arm, hand it over to the other arm and place it on the saucer",white_wall,"{""white ceramic cup"",""white saucer""}",False,eva_bimanual,False,-1.0,True,s3://rldb/processed_v3/eva/2026-03-28-18-47-00-686000.zarr,,s3://rldb/processed_v3/eva/2026-03-28-18-47-00-686000.mp4,,,2026-03-28 18:47:00.686000+00:00,2026-07-31 21:45:36.954967+00:00,eva,success
2026-03-28-18-50-32-850000,Xinchen,rl2,512.0,cup_on_saucer_success_1,"pick up cup with one arm, hand it over to the other arm and place it on the saucer",white_wall,"{""white ceramic cup"",""white saucer""}",False,eva_bimanual,False,-1.0,True,s3://rldb/processed_v3/eva/2026-03-28-18-50-32-850000.zarr,,s3://rldb/processed_v3/eva/2026-03-28-18-50-32-850000.mp4,,,2026-03-28 18:50:32.850000+00:00,2026-07-31 21:45:36.954967+00:00,eva,success
2026-03-28-18-53-28-047000,Xinchen,rl2,535.0,cup_on_saucer_success_1,"pick up cup with one arm, hand it over to the other arm and place it on the saucer",white_wall,"{""white ceramic cup"",""white saucer""}",False,eva_bimanual,False,-1.0,True,s3://rldb/processed_v3/eva/2026-03-28-18-53-28-047000.zarr,,s3://rldb/processed_v3/eva/2026-03-28-18-53-28-047000.mp4,,,2026-03-28 18:53:28.047000+00:00,2026-07-31 21:45:36.954967+00:00,eva,success
2026-03-28-19-32-24-295000,Baoyu,rl2,499.0,cup_on_saucer_success_1,"pick up cup with one arm, hand it over to the other arm and place it on the saucer",white_wall,"{""white ceramic cup"",""green square saucer""}",False,eva_bimanual,False,-1.0,True,s3://rldb/processed_v3/eva/2026-03-28-19-32-24-295000.zarr,,s3://rldb/processed_v3/eva/2026-03-28-19-32-24-295000.mp4,,,2026-03-28 19:32:24.295000+00:00,2026-07-31 21:45:36.954967+00:00,eva,success
2026-03-28-19-31-54-264000,Baoyu,rl2,482.0,cup_on_saucer_success_1,"pick up cup with one arm, hand it over to the other arm and place it on the saucer",white_wall,"{""white ceramic cup"",""green square saucer""}",False,eva_bimanual,False,-1.0,True,s3://rldb/processed_v3/eva/2026-03-28-19-31-54-264000.zarr,,s3://rldb/processed_v3/eva/2026-03-28-19-31-54-264000.mp4,,,2026-03-28 19:31:54.264000+00:00,2026-07-31 21:45:36.954967+00:00,eva,success
2026-03-28-19-31-21-575000,Baoyu,rl2,527.0,cup_on_saucer_success_1,"pick up cup with one arm, hand it over to the other arm and place it on the saucer",white_wall,"{""white ceramic cup"",""green square saucer""}",False,eva_bimanual,False,-1.0,True,s3://rldb/processed_v3/eva/2026-03-28-19-31-21-575000.zarr,,s3://rldb/processed_v3/eva/2026-03-28-19-31-21-575000.mp4,,,2026-03-28 19:31:21.575000+00:00,2026-07-31 21:45:36.954967+00:00,eva,success
2026-03-28-19-38-23-340000,Baoyu,rl2,542.0,cup_on_saucer_success_1,"pick up cup with one arm, hand it over to the other arm and place it on the saucer",white_wall,"{""white ceramic cup"",""green square saucer""}",False,eva_bimanual,False,-1.0,True,s3://rldb/processed_v3/eva/2026-03-28-19-38-23-340000.zarr,,s3://rldb/processed_v3/eva/2026-03-28-19-38-23-340000.mp4,,,2026-03-28 19:38:23.340000+00:00,2026-07-31 21:45:36.954967+00:00,eva,success
2026-03-28-19-34-49-592000,Baoyu,rl2,575.0,cup_on_saucer_success_1,"pick up cup with one arm, hand it over to the other arm and place it on the saucer",white_wall,"{""white ceramic cup"",""green square saucer""}",False,eva_bimanual,False,-1.0,True,s3://rldb/processed_v3/eva/2026-03-28-19-34-49-592000.zarr,,s3://rldb/processed_v3/eva/2026-03-28-19-34-49-592000.mp4,,,2026-03-28 19:34:49.592000+00:00,2026-07-31 21:45:36.954967+00:00,eva,success
2026-03-28-19-36-07-319000,Baoyu,rl2,582.0,cup_on_saucer_success_1,"pick up cup with one arm, hand it over to the other arm and place it on the saucer",white_wall,"{""white ceramic cup"",""green square saucer""}",False,eva_bimanual,False,-1.0,True,s3://rldb/processed_v3/eva/2026-03-28-19-36-07-319000.zarr,,s3://rldb/processed_v3/eva/2026-03-28-19-36-07-319000.mp4,,,2026-03-28 19:36:07.319000+00:00,2026-07-31 21:45:36.954967+00:00,eva,success
2026-03-28-19-37-49-857000,Baoyu,rl2,587.0,cup_on_saucer_success_1,"pick up cup with one arm, hand it over to the other arm and place it on the saucer",white_wall,"{""white ceramic cup"",""green square saucer""}",False,eva_bimanual,False,-1.0,True,s3://rldb/processed_v3/eva/2026-03-28-19-37-49-857000.zarr,,s3://rldb/processed_v3/eva/2026-03-28-19-37-49-857000.mp4,,,2026-03-28 19:37:49.857000+00:00,2026-07-31 21:45:36.954967+00:00,eva,success
2026-03-28-19-41-19-025000,Baoyu,rl2,524.0,cup_on_saucer_success_1,"pick up cup with one arm, hand it over to the other arm and place it on the saucer",white_wall,"{""white ceramic cup"",""green square saucer""}",False,eva_bimanual,False,-1.0,True,s3://rldb/processed_v3/eva/2026-03-28-19-41-19-025000.zarr,,s3://rldb/processed_v3/eva/2026-03-28-19-41-19-025000.mp4,,,2026-03-28 19:41:19.025000+00:00,2026-07-31 21:45:36.954967+00:00,eva,success
2026-03-28-19-40-41-067000,Baoyu,rl2,416.0,cup_on_saucer_failure_1,"pick up cup with one arm, hand it over to the other arm and place it on the saucer",white_wall,"{""white ceramic cup"",""green square saucer""}",False,eva_bimanual,False,-1.0,True,s3://rldb/processed_v3/eva/2026-03-28-19-40-41-067000.zarr,,s3://rldb/processed_v3/eva/2026-03-28-19-40-41-067000.mp4,,,2026-03-28 19:40:41.067000+00:00,2026-07-31 21:45:36.954967+00:00,eva,failure
2026-03-28-19-49-14-581000,Xinchen,rl2,455.0,cup_on_saucer_success_1,"pick up cup with one arm, hand it over to the other arm and place it on the saucer",white_wall,"{""pink cup"",""green square saucer""}",False,eva_bimanual,False,-1.0,True,s3://rldb/processed_v3/eva/2026-03-28-19-49-14-581000.zarr,,s3://rldb/processed_v3/eva/2026-03-28-19-49-14-581000.mp4,,,2026-03-28 19:49:14.581000+00:00,2026-07-31 21:45:36.954967+00:00,eva,success
2026-03-28-19-50-27-750000,Xinchen,rl2,545.0,cup_on_saucer_failure_1,"pick up cup with one arm, hand it over to the other arm and place it on the saucer",white_wall,"{""pink cup"",""green square saucer""}",False,eva_bimanual,False,-1.0,True,s3://rldb/processed_v3/eva/2026-03-28-19-50-27-750000.zarr,,s3://rldb/processed_v3/eva/2026-03-28-19-50-27-750000.mp4,,,2026-03-28 19:50:27.750000+00:00,2026-07-31 21:45:36.954967+00:00,eva,failure
2026-03-28-19-53-37-153000,Xinchen,rl2,557.0,cup_on_saucer_success_1,"pick up cup with one arm, hand it over to the other arm and place it on the saucer",white_wall,"{""pink cup"",""green square saucer""}",False,eva_bimanual,False,-1.0,True,s3://rldb/processed_v3/eva/2026-03-28-19-53-37-153000.zarr,,s3://rldb/processed_v3/eva/2026-03-28-19-53-37-153000.mp4,,,2026-03-28 19:53:37.153000+00:00,2026-07-31 21:45:36.954967+00:00,eva,success
2026-03-28-20-00-02-812000,Xinchen,rl2,903.0,cup_on_saucer_success_1,"pick up cup with one arm, hand it over to the other arm and place it on the saucer",white_wall,"{""pink cup"",""green square saucer""}",False,eva_bimanual,False,-1.0,True,s3://rldb/processed_v3/eva/2026-03-28-20-00-02-812000.zarr,,s3://rldb/processed_v3/eva/2026-03-28-20-00-02-812000.mp4,,,2026-03-28 20:00:02.812000+00:00,2026-07-31 21:45:36.954967+00:00,eva,success
2026-03-28-20-04-36-586000,Xinchen,rl2,165.0,cup_on_saucer_failure_1,"pick up cup with one arm, hand it over to the other arm and place it on the saucer",white_wall,"{""pink cup"",""green square saucer""}",False,eva_bimanual,False,-1.0,True,s3://rldb/processed_v3/eva/2026-03-28-20-04-36-586000.zarr,,s3://rldb/processed_v3/eva/2026-03-28-20-04-36-586000.mp4,,,2026-03-28 20:04:36.586000+00:00,2026-07-31 21:45:36.954967+00:00,eva,failure
2026-03-28-20-17-35-172000,Xinchen,rl2,619.0,cup_on_saucer_success_1,"pick up cup with one arm, hand it over to the other arm and place it on the saucer",white_wall,"{""pink cup"",""green square saucer""}",False,eva_bimanual,False,-1.0,True,s3://rldb/processed_v3/eva/2026-03-28-20-17-35-172000.zarr,,s3://rldb/processed_v3/eva/2026-03-28-20-17-35-172000.mp4,,,2026-03-28 20:17:35.172000+00:00,2026-07-31 21:45:36.954967+00:00,eva,success
2026-03-28-19-56-52-341000,Xinchen,rl2,768.0,cup_on_saucer_success_1,"pick up cup with one arm, hand it over to the other arm and place it on the saucer",white_wall,"{""pink cup"",""green square saucer""}",False,eva_bimanual,False,-1.0,True,s3://rldb/processed_v3/eva/2026-03-28-19-56-52-341000.zarr,,s3://rldb/processed_v3/eva/2026-03-28-19-56-52-341000.mp4,,,2026-03-28 19:56:52.341000+00:00,2026-07-31 21:45:36.954967+00:00,eva,success
2026-03-28-19-58-09-712000,Xinchen,rl2,561.0,cup_on_saucer_success_1,"pick up cup with one arm, hand it over to the other arm and place it on the saucer",white_wall,"{""pink cup"",""green square saucer""}",False,eva_bimanual,False,-1.0,True,s3://rldb/processed_v3/eva/2026-03-28-19-58-09-712000.zarr,,s3://rldb/processed_v3/eva/2026-03-28-19-58-09-712000.mp4,,,2026-03-28 19:58:09.712000+00:00,2026-07-31 21:45:36.954967+00:00,eva,success
2026-03-28-19-52-14-202000,Xinchen,rl2,537.0,cup_on_saucer_success_1,"pick up cup with one arm, hand it over to the other arm and place it on the saucer",white_wall,"{""pink cup"",""green square saucer""}",False,eva_bimanual,False,-1.0,True,s3://rldb/processed_v3/eva/2026-03-28-19-52-14-202000.zarr,,s3://rldb/processed_v3/eva/2026-03-28-19-52-14-202000.mp4,,,2026-03-28 19:52:14.202000+00:00,2026-07-31 21:45:36.954967+00:00,eva,success
2026-03-28-20-07-35-245000,Xinchen,rl2,616.0,cup_on_saucer_success_1,"pick up cup with one arm, hand it over to the other arm and place it on the saucer",white_wall,"{""pink cup"",""green square saucer""}",False,eva_bimanual,False,-1.0,True,s3://rldb/processed_v3/eva/2026-03-28-20-07-35-245000.zarr,,s3://rldb/processed_v3/eva/2026-03-28-20-07-35-245000.mp4,,,2026-03-28 20:07:35.245000+00:00,2026-07-31 21:45:36.954967+00:00,eva,success
2026-03-28-20-10-40-254000,Xinchen,rl2,486.0,cup_on_saucer_success_1,"pick up cup with one arm, hand it over to the other arm and place it on the saucer",white_wall,"{""pink cup"",""green square saucer""}",False,eva_bimanual,False,-1.0,True,s3://rldb/processed_v3/eva/2026-03-28-20-10-40-254000.zarr,,s3://rldb/processed_v3/eva/2026-03-28-20-10-40-254000.mp4,,,2026-03-28 20:10:40.254000+00:00,2026-07-31 21:45:36.954967+00:00,eva,success
2026-03-28-21-34-30-884000,Baoyu,rl2,488.0,cup_on_saucer_success_1,"pick up cup with one arm, hand it over to the other arm and place it on the saucer",white_wall,"{""pink cup"",""white saucer""}",False,eva_bimanual,False,-1.0,True,s3://rldb/processed_v3/eva/2026-03-28-21-34-30-884000.zarr,,s3://rldb/processed_v3/eva/2026-03-28-21-34-30-884000.mp4,,,2026-03-28 21:34:30.884000+00:00,2026-07-31 21:45:36.954967+00:00,eva,success
2026-03-28-21-36-14-331000,Baoyu,rl2,446.0,cup_on_saucer_success_1,"pick up cup with one arm, hand it over to the other arm and place it on the saucer",white_wall,"{""pink cup"",""white saucer""}",False,eva_bimanual,False,-1.0,True,s3://rldb/processed_v3/eva/2026-03-28-21-36-14-331000.zarr,,s3://rldb/processed_v3/eva/2026-03-28-21-36-14-331000.mp4,,,2026-03-28 21:36:14.331000+00:00,2026-07-31 21:45:36.954967+00:00,eva,success
2026-03-28-21-36-44-653000,Baoyu,rl2,326.0,cup_on_saucer_failure_1,"pick up cup with one arm, hand it over to the other arm and place it on the saucer",white_wall,"{""pink cup"",""white saucer""}",False,eva_bimanual,False,-1.0,True,s3://rldb/processed_v3/eva/2026-03-28-21-36-44-653000.zarr,,s3://rldb/processed_v3/eva/2026-03-28-21-36-44-653000.mp4,,,2026-03-28 21:36:44.653000+00:00,2026-07-31 21:45:36.954967+00:00,eva,failure
2026-03-28-21-40-03-651000,Baoyu,rl2,564.0,cup_on_saucer_success_1,"pick up cup with one arm, hand it over to the other arm and place it on the saucer",white_wall,"{""pink cup"",""white saucer""}",False,eva_bimanual,False,-1.0,True,s3://rldb/processed_v3/eva/2026-03-28-21-40-03-651000.zarr,,s3://rldb/processed_v3/eva/2026-03-28-21-40-03-651000.mp4,,,2026-03-28 21:40:03.651000+00:00,2026-07-31 21:45:36.954967+00:00,eva,success
2026-03-28-21-41-22-495000,Baoyu,rl2,610.0,cup_on_saucer_success_1,"pick up cup with one arm, hand it over to the other arm and place it on the saucer",white_wall,"{""pink cup"",""white saucer""}",False,eva_bimanual,False,-1.0,True,s3://rldb/processed_v3/eva/2026-03-28-21-41-22-495000.zarr,,s3://rldb/processed_v3/eva/2026-03-28-21-41-22-495000.mp4,,,2026-03-28 21:41:22.495000+00:00,2026-07-31 21:45:36.954967+00:00,eva,success
2026-03-28-21-48-02-466000,Baoyu,rl2,514.0,cup_on_saucer_failure_1,"pick up cup with one arm, hand it over to the other arm and place it on the saucer",white_wall,"{""pink cup"",""white saucer""}",False,eva_bimanual,False,-1.0,True,s3://rldb/processed_v3/eva/2026-03-28-21-48-02-466000.zarr,,s3://rldb/processed_v3/eva/2026-03-28-21-48-02-466000.mp4,,,2026-03-28 21:48:02.466000+00:00,2026-07-31 21:45:36.954967+00:00,eva,failure
2026-03-28-21-52-16-425000,Baoyu,rl2,513.0,cup_on_saucer_failure_1,"pick up cup with one arm, hand it over to the other arm and place it on the saucer",white_wall,"{""pink cup"",""white saucer""}",False,eva_bimanual,False,-1.0,True,s3://rldb/processed_v3/eva/2026-03-28-21-52-16-425000.zarr,,s3://rldb/processed_v3/eva/2026-03-28-21-52-16-425000.mp4,,,2026-03-28 21:52:16.425000+00:00,2026-07-31 21:45:36.954967+00:00,eva,failure
2026-03-28-22-11-08-848000,Baoyu,rl2,347.0,cup_on_saucer_success_1,"pick up cup with one arm, hand it over to the other arm and place it on the saucer",white_wall,"{""pink cup"",""white saucer""}",False,eva_bimanual,False,-1.0,True,s3://rldb/processed_v3/eva/2026-03-28-22-11-08-848000.zarr,,s3://rldb/processed_v3/eva/2026-03-28-22-11-08-848000.mp4,,,2026-03-28 22:11:08.848000+00:00,2026-07-31 21:45:36.954967+00:00,eva,success
2026-03-28-22-12-58-724000,Baoyu,rl2,483.0,cup_on_saucer_success_1,"pick up cup with one arm, hand it over to the other arm and place it on the saucer",white_wall,"{""pink cup"",""white saucer""}",False,eva_bimanual,False,-1.0,True,s3://rldb/processed_v3/eva/2026-03-28-22-12-58-724000.zarr,,s3://rldb/processed_v3/eva/2026-03-28-22-12-58-724000.mp4,,,2026-03-28 22:12:58.724000+00:00,2026-07-31 21:45:36.954967+00:00,eva,success
2026-03-28-22-15-44-138000,Baoyu,rl2,579.0,cup_on_saucer_success_1,"pick up cup with one arm, hand it over to the other arm and place it on the saucer",white_wall,"{""pink cup"",""white saucer""}",False,eva_bimanual,False,-1.0,True,s3://rldb/processed_v3/eva/2026-03-28-22-15-44-138000.zarr,,s3://rldb/processed_v3/eva/2026-03-28-22-15-44-138000.mp4,,,2026-03-28 22:15:44.138000+00:00,2026-07-31 21:45:36.954967+00:00,eva,success
2026-03-28-22-20-26-350000,Baoyu,rl2,495.0,cup_on_saucer_success_1,"pick up cup with one arm, hand it over to the other arm and place it on the saucer",white_wall,"{""pink cup"",""yellow saucer""}",False,eva_bimanual,False,-1.0,True,s3://rldb/processed_v3/eva/2026-03-28-22-20-26-350000.zarr,,s3://rldb/processed_v3/eva/2026-03-28-22-20-26-350000.mp4,,,2026-03-28 22:20:26.350000+00:00,2026-07-31 21:45:36.954967+00:00,eva,success
2026-03-28-22-23-04-641000,Baoyu,rl2,503.0,cup_on_saucer_success_1,"pick up cup with one arm, hand it over to the other arm and place it on the saucer",white_wall,"{""pink cup"",""yellow saucer""}",False,eva_bimanual,False,-1.0,True,s3://rldb/processed_v3/eva/2026-03-28-22-23-04-641000.zarr,,s3://rldb/processed_v3/eva/2026-03-28-22-23-04-641000.mp4,,,2026-03-28 22:23:04.641000+00:00,2026-07-31 21:45:36.954967+00:00,eva,success
2026-03-28-22-34-23-532000,Baoyu,rl2,538.0,cup_on_saucer_success_1,"pick up cup with one arm, hand it over to the other arm and place it on the saucer",white_wall,"{""pink cup"",""yellow saucer""}",False,eva_bimanual,False,-1.0,True,s3://rldb/processed_v3/eva/2026-03-28-22-34-23-532000.zarr,,s3://rldb/processed_v3/eva/2026-03-28-22-34-23-532000.mp4,,,2026-03-28 22:34:23.532000+00:00,2026-07-31 21:45:36.954967+00:00,eva,success
2026-03-04-18-42-48-205000,pB5ssSy__hBrm6wJ,rl2,475.0,cup_on_saucer_success,"pick up cup with one arm, hand it over to the other arm and place it on the saucer",white_wall,"{""white ceramic cup"",""green square saucer""}",False,eva_bimanual,False,-1.0,True,s3://rldb/processed_v3/eva/2026-03-04-18-42-48-205000.zarr,,s3://rldb/processed_v3/eva/2026-03-04-18-42-48-205000.mp4,CC BY-SA 4.0,,2026-03-04 18:42:48.205000+00:00,2026-07-31 21:45:36.954967+00:00,eva,success
2026-03-28-22-42-10-616000,Baoyu,rl2,446.0,cup_on_saucer_success_1,"pick up cup with one arm, hand it over to the other arm and place it on the saucer",white_wall,"{""pink cup"",""yellow saucer""}",False,eva_bimanual,False,-1.0,True,s3://rldb/processed_v3/eva/2026-03-28-22-42-10-616000.zarr,,s3://rldb/processed_v3/eva/2026-03-28-22-42-10-616000.mp4,,,2026-03-28 22:42:10.616000+00:00,2026-07-31 21:45:36.954967+00:00,eva,success
2026-03-27-23-59-58-334000,Xinchen,rl2,678.0,cup_on_saucer_success_1,"pick up cup with one arm, hand it over to the other arm and place it on the saucer",white_wall,"{""white cup"",""yellow saucer""}",False,eva_bimanual,False,-1.0,True,s3://rldb/processed_v3/eva/2026-03-27-23-59-58-334000.zarr,,s3://rldb/processed_v3/eva/2026-03-27-23-59-58-334000.mp4,,,2026-03-27 23:59:58.334000+00:00,2026-07-31 21:45:36.954967+00:00,eva,success
2026-03-28-22-19-25-401000,Baoyu,rl2,403.0,cup_on_saucer_success_1,"pick up cup with one arm, hand it over to the other arm and place it on the saucer",white_wall,"{""pink cup"",""yellow saucer""}",False,eva_bimanual,False,-1.0,True,s3://rldb/processed_v3/eva/2026-03-28-22-19-25-401000.zarr,,s3://rldb/processed_v3/eva/2026-03-28-22-19-25-401000.mp4,,,2026-03-28 22:19:25.401000+00:00,2026-07-31 21:45:36.954967+00:00,eva,success
2026-03-27-22-52-06-141000,Baoyu,rl2,550.0,cup_on_saucer_success_1,"pick up cup with one arm, hand it over to the other arm and place it on the saucer",white_wall,"{""white cup"",""green square saucer""}",False,eva_bimanual,False,-1.0,True,s3://rldb/processed_v3/eva/2026-03-27-22-52-06-141000.zarr,,s3://rldb/processed_v3/eva/2026-03-27-22-52-06-141000.mp4,,,2026-03-27 22:52:06.141000+00:00,2026-07-31 21:45:36.954967+00:00,eva,success
2026-03-28-21-52-41-116000,Baoyu,rl2,370.0,cup_on_saucer_failure_1,"pick up cup with one arm, hand it over to the other arm and place it on the saucer",white_wall,"{""pink cup"",""white saucer""}",False,eva_bimanual,False,-1.0,True,s3://rldb/processed_v3/eva/2026-03-28-21-52-41-116000.zarr,,s3://rldb/processed_v3/eva/2026-03-28-21-52-41-116000.mp4,,,2026-03-28 21:52:41.116000+00:00,2026-07-31 21:45:36.954967+00:00,eva,failure
2026-03-28-17-48-58-570000,Baoyu,rl2,567.0,cup_on_saucer_success_1,"pick up cup with one arm, hand it over to the other arm and place it on the saucer",white_wall,"{""white ceramic cup"",""yellow saucer""}",False,eva_bimanual,False,-1.0,True,s3://rldb/processed_v3/eva/2026-03-28-17-48-58-570000.zarr,,s3://rldb/processed_v3/eva/2026-03-28-17-48-58-570000.mp4,,,2026-03-28 17:48:58.570000+00:00,2026-07-31 21:45:36.954967+00:00,eva,success
2026-03-28-01-30-33-268000,Xinchen,rl2,850.0,cup_on_saucer_success_1,"pick up cup with one arm, hand it over to the other arm and place it on the saucer",white_wall,"{""white ceramic cup"",""white saucer""}",False,eva_bimanual,False,-1.0,True,s3://rldb/processed_v3/eva/2026-03-28-01-30-33-268000.zarr,,s3://rldb/processed_v3/eva/2026-03-28-01-30-33-268000.mp4,,,2026-03-28 01:30:33.268000+00:00,2026-07-31 21:45:36.954967+00:00,eva,success
2026-03-28-18-20-20-428000,Baoyu,rl2,265.0,cup_on_saucer_failure_1,"pick up cup with one arm, hand it over to the other arm and place it on the saucer",white_wall,"{""white ceramic cup"",""yellow saucer""}",False,eva_bimanual,False,-1.0,True,s3://rldb/processed_v3/eva/2026-03-28-18-20-20-428000.zarr,,s3://rldb/processed_v3/eva/2026-03-28-18-20-20-428000.mp4,,,2026-03-28 18:20:20.428000+00:00,2026-07-31 21:45:36.954967+00:00,eva,failure
2026-03-28-21-42-01-458000,Baoyu,rl2,528.0,cup_on_saucer_success_1,"pick up cup with one arm, hand it over to the other arm and place it on the saucer",white_wall,"{""pink cup"",""white saucer""}",False,eva_bimanual,False,-1.0,True,s3://rldb/processed_v3/eva/2026-03-28-21-42-01-458000.zarr,,s3://rldb/processed_v3/eva/2026-03-28-21-42-01-458000.mp4,,,2026-03-28 21:42:01.458000+00:00,2026-07-31 21:45:36.954967+00:00,eva,success
2026-03-28-21-48-22-693000,Baoyu,rl2,327.0,cup_on_saucer_success_1,"pick up cup with one arm, hand it over to the other arm and place it on the saucer",white_wall,"{""pink cup"",""white saucer""}",False,eva_bimanual,False,-1.0,True,s3://rldb/processed_v3/eva/2026-03-28-21-48-22-693000.zarr,,s3://rldb/processed_v3/eva/2026-03-28-21-48-22-693000.mp4,,,2026-03-28 21:48:22.693000+00:00,2026-07-31 21:45:36.954967+00:00,eva,success
2026-03-28-19-55-06-659000,Xinchen,rl2,736.0,cup_on_saucer_success_1,"pick up cup with one arm, hand it over to the other arm and place it on the saucer",white_wall,"{""pink cup"",""green square saucer""}",False,eva_bimanual,False,-1.0,True,s3://rldb/processed_v3/eva/2026-03-28-19-55-06-659000.zarr,,s3://rldb/processed_v3/eva/2026-03-28-19-55-06-659000.mp4,,,2026-03-28 19:55:06.659000+00:00,2026-07-31 21:45:36.954967+00:00,eva,success
2026-03-04-20-37-22-481000,EwCW-BuE_nA9dzbr,rl2,894.0,cup_on_saucer_success,"pick up cup with one arm, hand it over to the other arm and place it on the saucer",white_wall,"{""white cup"",""yellow saucer""}",False,eva_bimanual,False,-1.0,True,s3://rldb/processed_v3/eva/2026-03-04-20-37-22-481000.zarr,,s3://rldb/processed_v3/eva/2026-03-04-20-37-22-481000.mp4,CC BY-SA 4.0,,2026-03-04 20:37:22.481000+00:00,2026-07-31 21:45:36.954967+00:00,eva,success
2026-03-04-20-38-07-591000,EwCW-BuE_nA9dzbr,rl2,820.0,cup_on_saucer_success,"pick up cup with one arm, hand it over to the other arm and place it on the saucer",white_wall,"{""white cup"",""yellow saucer""}",False,eva_bimanual,False,-1.0,True,s3://rldb/processed_v3/eva/2026-03-04-20-38-07-591000.zarr,,s3://rldb/processed_v3/eva/2026-03-04-20-38-07-591000.mp4,CC BY-SA 4.0,,2026-03-04 20:38:07.591000+00:00,2026-07-31 21:45:36.954967+00:00,eva,success
2026-03-04-20-40-06-454000,EwCW-BuE_nA9dzbr,rl2,769.0,cup_on_saucer_success,"pick up cup with one arm, hand it over to the other arm and place it on the saucer",white_wall,"{""white cup"",""yellow saucer""}",False,eva_bimanual,False,-1.0,True,s3://rldb/processed_v3/eva/2026-03-04-20-40-06-454000.zarr,,s3://rldb/processed_v3/eva/2026-03-04-20-40-06-454000.mp4,CC BY-SA 4.0,,2026-03-04 20:40:06.454000+00:00,2026-07-31 21:45:36.954967+00:00,eva,success
2026-03-04-20-41-43-219000,EwCW-BuE_nA9dzbr,rl2,840.0,cup_on_saucer_success,"pick up cup with one arm, hand it over to the other arm and place it on the saucer",white_wall,"{""white cup"",""yellow saucer""}",False,eva_bimanual,False,-1.0,True,s3://rldb/processed_v3/eva/2026-03-04-20-41-43-219000.zarr,,s3://rldb/processed_v3/eva/2026-03-04-20-41-43-219000.mp4,CC BY-SA 4.0,,2026-03-04 20:41:43.219000+00:00,2026-07-31 21:45:36.954967+00:00,eva,success
2026-03-04-21-22-48-934000,EwCW-BuE_nA9dzbr,rl2,509.0,cup_on_saucer_success,"pick up cup with one arm, hand it over to the other arm and place it on the saucer",white_wall,"{""white cup"",""white saucer""}",False,eva_bimanual,False,-1.0,True,s3://rldb/processed_v3/eva/2026-03-04-21-22-48-934000.zarr,,s3://rldb/processed_v3/eva/2026-03-04-21-22-48-934000.mp4,CC BY-SA 4.0,,2026-03-04 21:22:48.934000+00:00,2026-07-31 21:45:36.954967+00:00,eva,success
2026-03-04-21-25-46-317000,EwCW-BuE_nA9dzbr,rl2,714.0,cup_on_saucer_success,"pick up cup with one arm, hand it over to the other arm and place it on the saucer",white_wall,"{""white cup"",""white saucer""}",False,eva_bimanual,False,-1.0,True,s3://rldb/processed_v3/eva/2026-03-04-21-25-46-317000.zarr,,s3://rldb/processed_v3/eva/2026-03-04-21-25-46-317000.mp4,CC BY-SA 4.0,,2026-03-04 21:25:46.317000+00:00,2026-07-31 21:45:36.954967+00:00,eva,success
2026-03-04-21-26-24-052000,EwCW-BuE_nA9dzbr,rl2,509.0,cup_on_saucer_success,"pick up cup with one arm, hand it over to the other arm and place it on the saucer",white_wall,"{""white cup"",""white saucer""}",False,eva_bimanual,False,-1.0,True,s3://rldb/processed_v3/eva/2026-03-04-21-26-24-052000.zarr,,s3://rldb/processed_v3/eva/2026-03-04-21-26-24-052000.mp4,CC BY-SA 4.0,,2026-03-04 21:26:24.052000+00:00,2026-07-31 21:45:36.954967+00:00,eva,success
2026-03-04-21-27-15-322000,EwCW-BuE_nA9dzbr,rl2,895.0,cup_on_saucer_success,"pick up cup with one arm, hand it over to the other arm and place it on the saucer",white_wall,"{""white cup"",""white saucer""}",False,eva_bimanual,False,-1.0,True,s3://rldb/processed_v3/eva/2026-03-04-21-27-15-322000.zarr,,s3://rldb/processed_v3/eva/2026-03-04-21-27-15-322000.mp4,CC BY-SA 4.0,,2026-03-04 21:27:15.322000+00:00,2026-07-31 21:45:36.954967+00:00,eva,success
2026-03-04-21-31-06-290000,EwCW-BuE_nA9dzbr,rl2,585.0,cup_on_saucer_success,"pick up cup with one arm, hand it over to the other arm and place it on the saucer",white_wall,"{""white cup"",""white saucer""}",False,eva_bimanual,False,-1.0,True,s3://rldb/processed_v3/eva/2026-03-04-21-31-06-290000.zarr,,s3://rldb/processed_v3/eva/2026-03-04-21-31-06-290000.mp4,CC BY-SA 4.0,,2026-03-04 21:31:06.290000+00:00,2026-07-31 21:45:36.954967+00:00,eva,success
2026-03-04-19-47-08-390000,__zQ0kS-xjtwKdGt,rl2,726.0,cup_on_saucer_success,"pick up cup with one arm, hand it over to the other arm and place it on the saucer",white_wall,"{""white ceramic cup"",""yellow saucer""}",False,eva_bimanual,False,-1.0,True,s3://rldb/processed_v3/eva/2026-03-04-19-47-08-390000.zarr,,s3://rldb/processed_v3/eva/2026-03-04-19-47-08-390000.mp4,CC BY-SA 4.0,,2026-03-04 19:47:08.390000+00:00,2026-07-31 21:45:36.954967+00:00,eva,success
2026-03-04-21-26-08-200000,EwCW-BuE_nA9dzbr,rl2,677.0,cup_on_saucer_success,"pick up cup with one arm, hand it over to the other arm and place it on the saucer",white_wall,"{""white cup"",""white saucer""}",False,eva_bimanual,False,-1.0,True,s3://rldb/processed_v3/eva/2026-03-04-21-26-08-200000.zarr,,s3://rldb/processed_v3/eva/2026-03-04-21-26-08-200000.mp4,CC BY-SA 4.0,,2026-03-04 21:26:08.200000+00:00,2026-07-31 21:45:36.954967+00:00,eva,success
2026-03-04-21-19-54-323000,EwCW-BuE_nA9dzbr,rl2,879.0,cup_on_saucer_failure,"pick up cup with one arm, hand it over to the other arm and place it on the saucer",white_wall,"{""white cup"",""white saucer""}",False,eva_bimanual,False,-1.0,True,s3://rldb/processed_v3/eva/2026-03-04-21-19-54-323000.zarr,,s3://rldb/processed_v3/eva/2026-03-04-21-19-54-323000.mp4,CC BY-SA 4.0,,2026-03-04 21:19:54.323000+00:00,2026-07-31 21:45:36.954967+00:00,eva,failure
2026-03-04-19-20-25-181000,EwCW-BuE_nA9dzbr,rl2,871.0,cup_on_saucer_success,"pick up cup with one arm, hand it over to the other arm and place it on the saucer",white_wall,"{""white cup"",""green square saucer""}",False,eva_bimanual,False,-1.0,True,s3://rldb/processed_v3/eva/2026-03-04-19-20-25-181000.zarr,,s3://rldb/processed_v3/eva/2026-03-04-19-20-25-181000.mp4,CC BY-SA 4.0,,2026-03-04 19:20:25.181000+00:00,2026-07-31 21:45:36.954967+00:00,eva,success
2026-03-04-19-09-51-936000,EwCW-BuE_nA9dzbr,rl2,673.0,cup_on_saucer_failure,"pick up cup with one arm, hand it over to the other arm and place it on the saucer",white_wall,"{""white cup"",""green square saucer""}",False,eva_bimanual,False,-1.0,True,s3://rldb/processed_v3/eva/2026-03-04-19-09-51-936000.zarr,,s3://rldb/processed_v3/eva/2026-03-04-19-09-51-936000.mp4,CC BY-SA 4.0,,2026-03-04 19:09:51.936000+00:00,2026-07-31 21:45:36.954967+00:00,eva,failure
2026-03-04-22-45-38-504000,pB5ssSy__hBrm6wJ,rl2,662.0,cup_on_saucer_success,"pick up cup with one arm, hand it over to the other arm and place it on the saucer",white_wall,"{""pink cup"",""green saucer""}",False,eva_bimanual,False,-1.0,True,s3://rldb/processed_v3/eva/2026-03-04-22-45-38-504000.zarr,,s3://rldb/processed_v3/eva/2026-03-04-22-45-38-504000.mp4,CC BY-SA 4.0,,2026-03-04 22:45:38.504000+00:00,2026-07-31 21:45:36.954967+00:00,eva,success
2026-03-04-18-37-46-246000,pB5ssSy__hBrm6wJ,rl2,810.0,cup_on_saucer_success,"pick up cup with one arm, hand it over to the other arm and place it on the saucer",white_wall,"{""white ceramic cup"",""green square saucer""}",False,eva_bimanual,False,-1.0,True,s3://rldb/processed_v3/eva/2026-03-04-18-37-46-246000.zarr,,s3://rldb/processed_v3/eva/2026-03-04-18-37-46-246000.mp4,CC BY-SA 4.0,,2026-03-04 18:37:46.246000+00:00,2026-07-31 21:45:36.954967+00:00,eva,success
2026-03-04-21-58-09-628000,__zQ0kS-xjtwKdGt,rl2,608.0,cup_on_saucer_success,"pick up cup with one arm, hand it over to the other arm and place it on the saucer",white_wall,"{""white ceramic cup"",""white saucer""}",False,eva_bimanual,False,-1.0,True,s3://rldb/processed_v3/eva/2026-03-04-21-58-09-628000.zarr,,s3://rldb/processed_v3/eva/2026-03-04-21-58-09-628000.mp4,CC BY-SA 4.0,,2026-03-04 21:58:09.628000+00:00,2026-07-31 21:45:36.954967+00:00,eva,success
2026-03-04-23-12-45-045000,pB5ssSy__hBrm6wJ,rl2,600.0,cup_on_saucer_failure,"pick up cup with one arm, hand it over to the other arm and place it on the saucer",white_wall,"{""pink cup"",""yellow saucer""}",False,eva_bimanual,False,-1.0,True,s3://rldb/processed_v3/eva/2026-03-04-23-12-45-045000.zarr,,s3://rldb/processed_v3/eva/2026-03-04-23-12-45-045000.mp4,CC BY-SA 4.0,,2026-03-04 23:12:45.045000+00:00,2026-07-31 21:45:36.954967+00:00,eva,failure
2026-03-04-20-33-36-912000,EwCW-BuE_nA9dzbr,rl2,470.0,cup_on_saucer_success,"pick up cup with one arm, hand it over to the other arm and place it on the saucer",white_wall,"{""white cup"",""yellow saucer""}",False,eva_bimanual,False,-1.0,True,s3://rldb/processed_v3/eva/2026-03-04-20-33-36-912000.zarr,,s3://rldb/processed_v3/eva/2026-03-04-20-33-36-912000.mp4,CC BY-SA 4.0,,2026-03-04 20:33:36.912000+00:00,2026-07-31 21:45:36.954967+00:00,eva,success
2026-03-04-18-36-29-010000,pB5ssSy__hBrm6wJ,rl2,506.0,cup_on_saucer_success,"pick up cup with one arm, hand it over to the other arm and place it on the saucer",white_wall,"{""white ceramic cup"",""green square saucer""}",False,eva_bimanual,False,-1.0,True,s3://rldb/processed_v3/eva/2026-03-04-18-36-29-010000.zarr,,s3://rldb/processed_v3/eva/2026-03-04-18-36-29-010000.mp4,CC BY-SA 4.0,,2026-03-04 18:36:29.010000+00:00,2026-07-31 21:45:36.954967+00:00,eva,success
2026-03-04-23-19-17-439000,pB5ssSy__hBrm6wJ,rl2,927.0,cup_on_saucer_success,"pick up cup with one arm, hand it over to the other arm and place it on the saucer",white_wall,"{""pink cup"",""yellow saucer""}",False,eva_bimanual,False,-1.0,True,s3://rldb/processed_v3/eva/2026-03-04-23-19-17-439000.zarr,,s3://rldb/processed_v3/eva/2026-03-04-23-19-17-439000.mp4,CC BY-SA 4.0,,2026-03-04 23:19:17.439000+00:00,2026-07-31 21:45:36.954967+00:00,eva,success
2026-03-04-19-55-38-954000,__zQ0kS-xjtwKdGt,rl2,628.0,cup_on_saucer_success,"pick up cup with one arm, hand it over to the other arm and place it on the saucer",white_wall,"{""white ceramic cup"",""yellow saucer""}",False,eva_bimanual,False,-1.0,True,s3://rldb/processed_v3/eva/2026-03-04-19-55-38-954000.zarr,,s3://rldb/processed_v3/eva/2026-03-04-19-55-38-954000.mp4,CC BY-SA 4.0,,2026-03-04 19:55:38.954000+00:00,2026-07-31 21:45:36.954967+00:00,eva,success
2026-03-04-22-01-31-352000,__zQ0kS-xjtwKdGt,rl2,534.0,cup_on_saucer_success,"pick up cup with one arm, hand it over to the other arm and place it on the saucer",white_wall,"{""white ceramic cup"",""white saucer""}",False,eva_bimanual,False,-1.0,True,s3://rldb/processed_v3/eva/2026-03-04-22-01-31-352000.zarr,,s3://rldb/processed_v3/eva/2026-03-04-22-01-31-352000.mp4,CC BY-SA 4.0,,2026-03-04 22:01:31.352000+00:00,2026-07-31 21:45:36.954967+00:00,eva,success
2026-03-04-20-36-09-424000,EwCW-BuE_nA9dzbr,rl2,657.0,cup_on_saucer_success,"pick up cup with one arm, hand it over to the other arm and place it on the saucer",white_wall,"{""white cup"",""yellow saucer""}",False,eva_bimanual,False,-1.0,True,s3://rldb/processed_v3/eva/2026-03-04-20-36-09-424000.zarr,,s3://rldb/processed_v3/eva/2026-03-04-20-36-09-424000.mp4,CC BY-SA 4.0,,2026-03-04 20:36:09.424000+00:00,2026-07-31 21:45:36.954967+00:00,eva,success
2026-03-04-18-38-13-728000,pB5ssSy__hBrm6wJ,rl2,875.0,cup_on_saucer_success,"pick up cup with one arm, hand it over to the other arm and place it on the saucer",white_wall,"{""white ceramic cup"",""green square saucer""}",False,eva_bimanual,False,-1.0,True,s3://rldb/processed_v3/eva/2026-03-04-18-38-13-728000.zarr,,s3://rldb/processed_v3/eva/2026-03-04-18-38-13-728000.mp4,CC BY-SA 4.0,,2026-03-04 18:38:13.728000+00:00,2026-07-31 21:45:36.954967+00:00,eva,success
2026-03-04-19-10-50-420000,EwCW-BuE_nA9dzbr,rl2,133.0,cup_on_saucer_failure,"pick up cup with one arm, hand it over to the other arm and place it on the saucer",white_wall,"{""white cup"",""green square saucer""}",False,eva_bimanual,False,-1.0,True,s3://rldb/processed_v3/eva/2026-03-04-19-10-50-420000.zarr,,s3://rldb/processed_v3/eva/2026-03-04-19-10-50-420000.mp4,CC BY-SA 4.0,,2026-03-04 19:10:50.420000+00:00,2026-07-31 21:45:36.954967+00:00,eva,failure
2026-03-02-16-10-42-749000,pB5ssSy__hBrm6wJ,rl2,1710.0,cup_on_saucer_success,"pick up cup with one arm, hand it over to the other arm and place it on the saucer",white_wall,"{""pink cup"",""white saucer""}",False,eva_bimanual,False,-1.0,True,s3://rldb/processed_v3/eva/2026-03-02-16-10-42-749000.zarr,,s3://rldb/processed_v3/eva/2026-03-02-16-10-42-749000.mp4,CC BY-SA 4.0,,2026-03-02 16:10:42.749000+00:00,2026-07-31 21:45:36.954967+00:00,eva,success
2026-03-04-18-37-20-555000,pB5ssSy__hBrm6wJ,rl2,554.0,cup_on_saucer_success,"pick up cup with one arm, hand it over to the other arm and place it on the saucer",white_wall,"{""white ceramic cup"",""green square saucer""}",False,eva_bimanual,False,-1.0,True,s3://rldb/processed_v3/eva/2026-03-04-18-37-20-555000.zarr,,s3://rldb/processed_v3/eva/2026-03-04-18-37-20-555000.mp4,CC BY-SA 4.0,,2026-03-04 18:37:20.555000+00:00,2026-07-31 21:45:36.954967+00:00,eva,success
2026-03-04-19-45-26-397000,__zQ0kS-xjtwKdGt,rl2,704.0,cup_on_saucer_failure,"pick up cup with one arm, hand it over to the other arm and place it on the saucer",white_wall,"{""white ceramic cup"",""yellow saucer""}",False,eva_bimanual,False,-1.0,True,s3://rldb/processed_v3/eva/2026-03-04-19-45-26-397000.zarr,,s3://rldb/processed_v3/eva/2026-03-04-19-45-26-397000.mp4,CC BY-SA 4.0,,2026-03-04 19:45:26.397000+00:00,2026-07-31 21:45:36.954967+00:00,eva,failure
2026-03-04-21-54-43-666000,__zQ0kS-xjtwKdGt,rl2,499.0,cup_on_saucer_success,"pick up cup with one arm, hand it over to the other arm and place it on the saucer",white_wall,"{""white ceramic cup"",""white saucer""}",False,eva_bimanual,False,-1.0,True,s3://rldb/processed_v3/eva/2026-03-04-21-54-43-666000.zarr,,s3://rldb/processed_v3/eva/2026-03-04-21-54-43-666000.mp4,CC BY-SA 4.0,,2026-03-04 21:54:43.666000+00:00,2026-07-31 21:45:36.954967+00:00,eva,success
2026-03-03-23-48-46-887000,pB5ssSy__hBrm6wJ,rl2,1772.0,cup_on_saucer_success,"pick up cup with one arm, hand it over to the other arm and place it on the saucer",white_wall,"{""pink cup"",""white saucer""}",False,eva_bimanual,False,-1.0,True,s3://rldb/processed_v3/eva/2026-03-03-23-48-46-887000.zarr,,s3://rldb/processed_v3/eva/2026-03-03-23-48-46-887000.mp4,CC BY-SA 4.0,,2026-03-03 23:48:46.887000+00:00,2026-07-31 21:45:36.954967+00:00,eva,success
2026-03-02-15-38-40-929000,pB5ssSy__hBrm6wJ,rl2,1682.0,cup_on_saucer_success,"pick up cup with one arm, hand it over to the other arm and place it on the saucer",white_wall,"{""pink cup"",""white saucer""}",False,eva_bimanual,False,-1.0,True,s3://rldb/processed_v3/eva/2026-03-02-15-38-40-929000.zarr,,s3://rldb/processed_v3/eva/2026-03-02-15-38-40-929000.mp4,CC BY-SA 4.0,,2026-03-02 15:38:40.929000+00:00,2026-07-31 21:45:36.954967+00:00,eva,success
2026-03-04-20-32-40-688000,EwCW-BuE_nA9dzbr,rl2,1008.0,cup_on_saucer_success,"pick up cup with one arm, hand it over to the other arm and place it on the saucer",white_wall,"{""white cup"",""yellow saucer""}",False,eva_bimanual,False,-1.0,True,s3://rldb/processed_v3/eva/2026-03-04-20-32-40-688000.zarr,,s3://rldb/processed_v3/eva/2026-03-04-20-32-40-688000.mp4,CC BY-SA 4.0,,2026-03-04 20:32:40.688000+00:00,2026-07-31 21:45:36.954967+00:00,eva,success
2026-03-04-20-38-32-713000,EwCW-BuE_nA9dzbr,rl2,979.0,cup_on_saucer_success,"pick up cup with one arm, hand it over to the other arm and place it on the saucer",white_wall,"{""white cup"",""yellow saucer""}",False,eva_bimanual,False,-1.0,True,s3://rldb/processed_v3/eva/2026-03-04-20-38-32-713000.zarr,,s3://rldb/processed_v3/eva/2026-03-04-20-38-32-713000.mp4,CC BY-SA 4.0,,2026-03-04 20:38:32.713000+00:00,2026-07-31 21:45:36.954967+00:00,eva,success
2026-03-04-21-30-20-351000,EwCW-BuE_nA9dzbr,rl2,1040.0,cup_on_saucer_success,"pick up cup with one arm, hand it over to the other arm and place it on the saucer",white_wall,"{""white cup"",""white saucer""}",False,eva_bimanual,False,-1.0,True,s3://rldb/processed_v3/eva/2026-03-04-21-30-20-351000.zarr,,s3://rldb/processed_v3/eva/2026-03-04-21-30-20-351000.mp4,CC BY-SA 4.0,,2026-03-04 21:30:20.351000+00:00,2026-07-31 21:45:36.954967+00:00,eva,success
2026-03-04-22-41-33-731000,pB5ssSy__hBrm6wJ,rl2,490.0,cup_on_saucer_success,"pick up cup with one arm, hand it over to the other arm and place it on the saucer",white_wall,"{""pink cup"",""green saucer""}",False,eva_bimanual,False,-1.0,True,s3://rldb/processed_v3/eva/2026-03-04-22-41-33-731000.zarr,,s3://rldb/processed_v3/eva/2026-03-04-22-41-33-731000.mp4,CC BY-SA 4.0,,2026-03-04 22:41:33.731000+00:00,2026-07-31 21:45:36.954967+00:00,eva,success
2026-03-04-20-38-58-249000,EwCW-BuE_nA9dzbr,rl2,758.0,cup_on_saucer_success,"pick up cup with one arm, hand it over to the other arm and place it on the saucer",white_wall,"{""white cup"",""yellow saucer""}",False,eva_bimanual,False,-1.0,True,s3://rldb/processed_v3/eva/2026-03-04-20-38-58-249000.zarr,,s3://rldb/processed_v3/eva/2026-03-04-20-38-58-249000.mp4,CC BY-SA 4.0,,2026-03-04 20:38:58.249000+00:00,2026-07-31 21:45:36.954967+00:00,eva,success
2026-03-04-18-33-41-218000,pB5ssSy__hBrm6wJ,rl2,554.0,cup_on_saucer_success,"pick up cup with one arm, hand it over to the other arm and place it on the saucer",white_wall,"{""white ceramic cup"",""green square saucer""}",False,eva_bimanual,False,-1.0,True,s3://rldb/processed_v3/eva/2026-03-04-18-33-41-218000.zarr,,s3://rldb/processed_v3/eva/2026-03-04-18-33-41-218000.mp4,CC BY-SA 4.0,,2026-03-04 18:33:41.218000+00:00,2026-07-31 21:45:36.954967+00:00,eva,success
2026-03-04-20-31-36-781000,EwCW-BuE_nA9dzbr,rl2,698.0,cup_on_saucer_success,"pick up cup with one arm, hand it over to the other arm and place it on the saucer",white_wall,"{""white cup"",""yellow saucer""}",False,eva_bimanual,False,-1.0,True,s3://rldb/processed_v3/eva/2026-03-04-20-31-36-781000.zarr,,s3://rldb/processed_v3/eva/2026-03-04-20-31-36-781000.mp4,CC BY-SA 4.0,,2026-03-04 20:31:36.781000+00:00,2026-07-31 21:45:36.954967+00:00,eva,success
2026-03-04-23-14-29-882000,pB5ssSy__hBrm6wJ,rl2,607.0,cup_on_saucer_success,"pick up cup with one arm, hand it over to the other arm and place it on the saucer",white_wall,"{""pink cup"",""yellow saucer""}",False,eva_bimanual,False,-1.0,True,s3://rldb/processed_v3/eva/2026-03-04-23-14-29-882000.zarr,,s3://rldb/processed_v3/eva/2026-03-04-23-14-29-882000.mp4,CC BY-SA 4.0,,2026-03-04 23:14:29.882000+00:00,2026-07-31 21:45:36.954967+00:00,eva,success
2026-03-02-15-55-09-439000,pB5ssSy__hBrm6wJ,rl2,1592.0,cup_on_saucer_failure,"pick up cup with one arm, hand it over to the other arm and place it on the saucer",white_wall,"{""pink cup"",""white saucer""}",False,eva_bimanual,False,-1.0,True,s3://rldb/processed_v3/eva/2026-03-02-15-55-09-439000.zarr,,s3://rldb/processed_v3/eva/2026-03-02-15-55-09-439000.mp4,CC BY-SA 4.0,,2026-03-02 15:55:09.439000+00:00,2026-07-31 21:45:36.954967+00:00,eva,failure
2026-03-04-23-11-30-616000,pB5ssSy__hBrm6wJ,rl2,315.0,cup_on_saucer_failure,"pick up cup with one arm, hand it over to the other arm and place it on the saucer",white_wall,"{""pink cup"",""yellow saucer""}",False,eva_bimanual,False,-1.0,True,s3://rldb/processed_v3/eva/2026-03-04-23-11-30-616000.zarr,,s3://rldb/processed_v3/eva/2026-03-04-23-11-30-616000.mp4,CC BY-SA 4.0,,2026-03-04 23:11:30.616000+00:00,2026-07-31 21:45:36.954967+00:00,eva,failure
2026-03-04-21-32-09-547000,EwCW-BuE_nA9dzbr,rl2,420.0,cup_on_saucer_success,"pick up cup with one arm, hand it over to the other arm and place it on the saucer",white_wall,"{""white cup"",""white saucer""}",False,eva_bimanual,False,-1.0,True,s3://rldb/processed_v3/eva/2026-03-04-21-32-09-547000.zarr,,s3://rldb/processed_v3/eva/2026-03-04-21-32-09-547000.mp4,CC BY-SA 4.0,,2026-03-04 21:32:09.547000+00:00,2026-07-31 21:45:36.954967+00:00,eva,success
2026-03-04-18-43-56-754000,pB5ssSy__hBrm6wJ,rl2,391.0,cup_on_saucer_success,"pick up cup with one arm, hand it over to the other arm and place it on the saucer",white_wall,"{""white ceramic cup"",""green square saucer""}",False,eva_bimanual,False,-1.0,True,s3://rldb/processed_v3/eva/2026-03-04-18-43-56-754000.zarr,,s3://rldb/processed_v3/eva/2026-03-04-18-43-56-754000.mp4,CC BY-SA 4.0,,2026-03-04 18:43:56.754000+00:00,2026-07-31 21:45:36.954967+00:00,eva,success
2026-03-04-21-23-22-496000,EwCW-BuE_nA9dzbr,rl2,1091.0,cup_on_saucer_success,"pick up cup with one arm, hand it over to the other arm and place it on the saucer",white_wall,"{""white cup"",""white saucer""}",False,eva_bimanual,False,-1.0,True,s3://rldb/processed_v3/eva/2026-03-04-21-23-22-496000.zarr,,s3://rldb/processed_v3/eva/2026-03-04-21-23-22-496000.mp4,CC BY-SA 4.0,,2026-03-04 21:23:22.496000+00:00,2026-07-31 21:45:36.954967+00:00,eva,success
2026-03-04-19-48-39-059000,__zQ0kS-xjtwKdGt,rl2,953.0,cup_on_saucer_success,"pick up cup with one arm, hand it over to the other arm and place it on the saucer",white_wall,"{""white ceramic cup"",""yellow saucer""}",False,eva_bimanual,False,-1.0,True,s3://rldb/processed_v3/eva/2026-03-04-19-48-39-059000.zarr,,s3://rldb/processed_v3/eva/2026-03-04-19-48-39-059000.mp4,CC BY-SA 4.0,,2026-03-04 19:48:39.059000+00:00,2026-07-31 21:45:36.954967+00:00,eva,success
2026-03-04-18-43-04-700000,pB5ssSy__hBrm6wJ,rl2,529.0,cup_on_saucer_success,"pick up cup with one arm, hand it over to the other arm and place it on the saucer",white_wall,"{""white ceramic cup"",""green square saucer""}",False,eva_bimanual,False,-1.0,True,s3://rldb/processed_v3/eva/2026-03-04-18-43-04-700000.zarr,,s3://rldb/processed_v3/eva/2026-03-04-18-43-04-700000.mp4,CC BY-SA 4.0,,2026-03-04 18:43:04.700000+00:00,2026-07-31 21:45:36.954967+00:00,eva,success
2026-03-04-22-01-14-310000,__zQ0kS-xjtwKdGt,rl2,544.0,cup_on_saucer_success,"pick up cup with one arm, hand it over to the other arm and place it on the saucer",white_wall,"{""white ceramic cup"",""white saucer""}",False,eva_bimanual,False,-1.0,True,s3://rldb/processed_v3/eva/2026-03-04-22-01-14-310000.zarr,,s3://rldb/processed_v3/eva/2026-03-04-22-01-14-310000.mp4,CC BY-SA 4.0,,2026-03-04 22:01:14.310000+00:00,2026-07-31 21:45:36.954967+00:00,eva,success
2026-03-02-16-16-43-454000,pB5ssSy__hBrm6wJ,rl2,1508.0,cup_on_saucer_success,"pick up cup with one arm, hand it over to the other arm and place it on the saucer",white_wall,"{""pink cup"",""white saucer""}",False,eva_bimanual,False,-1.0,True,s3://rldb/processed_v3/eva/2026-03-02-16-16-43-454000.zarr,,s3://rldb/processed_v3/eva/2026-03-02-16-16-43-454000.mp4,CC BY-SA 4.0,,2026-03-02 16:16:43.454000+00:00,2026-07-31 21:45:36.954967+00:00,eva,success
2026-03-04-19-10-30-370000,EwCW-BuE_nA9dzbr,rl2,518.0,cup_on_saucer_failure,"pick up cup with one arm, hand it over to the other arm and place it on the saucer",white_wall,"{""white cup"",""green square saucer""}",False,eva_bimanual,False,-1.0,True,s3://rldb/processed_v3/eva/2026-03-04-19-10-30-370000.zarr,,s3://rldb/processed_v3/eva/2026-03-04-19-10-30-370000.mp4,CC BY-SA 4.0,,2026-03-04 19:10:30.370000+00:00,2026-07-31 21:45:36.954967+00:00,eva,failure
2026-03-04-19-51-26-540000,__zQ0kS-xjtwKdGt,rl2,637.0,cup_on_saucer_success,"pick up cup with one arm, hand it over to the other arm and place it on the saucer",white_wall,"{""white ceramic cup"",""yellow saucer""}",False,eva_bimanual,False,-1.0,True,s3://rldb/processed_v3/eva/2026-03-04-19-51-26-540000.zarr,,s3://rldb/processed_v3/eva/2026-03-04-19-51-26-540000.mp4,CC BY-SA 4.0,,2026-03-04 19:51:26.540000+00:00,2026-07-31 21:45:36.954967+00:00,eva,success
2026-03-02-16-18-50-579000,pB5ssSy__hBrm6wJ,rl2,1374.0,cup_on_saucer_success,"pick up cup with one arm, hand it over to the other arm and place it on the saucer",white_wall,"{""pink cup"",""white saucer""}",False,eva_bimanual,False,-1.0,True,s3://rldb/processed_v3/eva/2026-03-02-16-18-50-579000.zarr,,s3://rldb/processed_v3/eva/2026-03-02-16-18-50-579000.mp4,CC BY-SA 4.0,,2026-03-02 16:18:50.579000+00:00,2026-07-31 21:45:36.954967+00:00,eva,success
2026-03-04-19-15-06-097000,EwCW-BuE_nA9dzbr,rl2,769.0,cup_on_saucer_success,"pick up cup with one arm, hand it over to the other arm and place it on the saucer",white_wall,"{""white cup"",""green square saucer""}",False,eva_bimanual,False,-1.0,True,s3://rldb/processed_v3/eva/2026-03-04-19-15-06-097000.zarr,,s3://rldb/processed_v3/eva/2026-03-04-19-15-06-097000.mp4,CC BY-SA 4.0,,2026-03-04 19:15:06.097000+00:00,2026-07-31 21:45:36.954967+00:00,eva,success
2026-03-04-21-22-07-270000,EwCW-BuE_nA9dzbr,rl2,587.0,cup_on_saucer_success,"pick up cup with one arm, hand it over to the other arm and place it on the saucer",white_wall,"{""white cup"",""white saucer""}",False,eva_bimanual,False,-1.0,True,s3://rldb/processed_v3/eva/2026-03-04-21-22-07-270000.zarr,,s3://rldb/processed_v3/eva/2026-03-04-21-22-07-270000.mp4,CC BY-SA 4.0,,2026-03-04 21:22:07.270000+00:00,2026-07-31 21:45:36.954967+00:00,eva,success
2026-03-04-19-52-47-051000,__zQ0kS-xjtwKdGt,rl2,494.0,cup_on_saucer_success,"pick up cup with one arm, hand it over to the other arm and place it on the saucer",white_wall,"{""white ceramic cup"",""yellow saucer""}",False,eva_bimanual,False,-1.0,True,s3://rldb/processed_v3/eva/2026-03-04-19-52-47-051000.zarr,,s3://rldb/processed_v3/eva/2026-03-04-19-52-47-051000.mp4,CC BY-SA 4.0,,2026-03-04 19:52:47.051000+00:00,2026-07-31 21:45:36.954967+00:00,eva,success
2026-03-04-19-53-39-961000,__zQ0kS-xjtwKdGt,rl2,600.0,cup_on_saucer_success,"pick up cup with one arm, hand it over to the other arm and place it on the saucer",white_wall,"{""white ceramic cup"",""yellow saucer""}",False,eva_bimanual,False,-1.0,True,s3://rldb/processed_v3/eva/2026-03-04-19-53-39-961000.zarr,,s3://rldb/processed_v3/eva/2026-03-04-19-53-39-961000.mp4,CC BY-SA 4.0,,2026-03-04 19:53:39.961000+00:00,2026-07-31 21:45:36.954967+00:00,eva,success
2026-03-04-19-57-17-769000,__zQ0kS-xjtwKdGt,rl2,535.0,cup_on_saucer_success,"pick up cup with one arm, hand it over to the other arm and place it on the saucer",white_wall,"{""white ceramic cup"",""yellow saucer""}",False,eva_bimanual,False,-1.0,True,s3://rldb/processed_v3/eva/2026-03-04-19-57-17-769000.zarr,,s3://rldb/processed_v3/eva/2026-03-04-19-57-17-769000.mp4,CC BY-SA 4.0,,2026-03-04 19:57:17.769000+00:00,2026-07-31 21:45:36.954967+00:00,eva,success
2026-03-04-21-24-45-297000,EwCW-BuE_nA9dzbr,rl2,771.0,cup_on_saucer_success,"pick up cup with one arm, hand it over to the other arm and place it on the saucer",white_wall,"{""white cup"",""white saucer""}",False,eva_bimanual,False,-1.0,True,s3://rldb/processed_v3/eva/2026-03-04-21-24-45-297000.zarr,,s3://rldb/processed_v3/eva/2026-03-04-21-24-45-297000.mp4,CC BY-SA 4.0,,2026-03-04 21:24:45.297000+00:00,2026-07-31 21:45:36.954967+00:00,eva,success
2026-03-04-21-19-27-496000,EwCW-BuE_nA9dzbr,rl2,693.0,cup_on_saucer_failure,"pick up cup with one arm, hand it over to the other arm and place it on the saucer",white_wall,"{""white cup"",""white saucer""}",False,eva_bimanual,False,-1.0,True,s3://rldb/processed_v3/eva/2026-03-04-21-19-27-496000.zarr,,s3://rldb/processed_v3/eva/2026-03-04-21-19-27-496000.mp4,CC BY-SA 4.0,,2026-03-04 21:19:27.496000+00:00,2026-07-31 21:45:36.954967+00:00,eva,failure
2026-03-04-19-56-09-216000,__zQ0kS-xjtwKdGt,rl2,533.0,cup_on_saucer_success,"pick up cup with one arm, hand it over to the other arm and place it on the saucer",white_wall,"{""white ceramic cup"",""yellow saucer""}",False,eva_bimanual,False,-1.0,True,s3://rldb/processed_v3/eva/2026-03-04-19-56-09-216000.zarr,,s3://rldb/processed_v3/eva/2026-03-04-19-56-09-216000.mp4,CC BY-SA 4.0,,2026-03-04 19:56:09.216000+00:00,2026-07-31 21:45:36.954967+00:00,eva,success
2026-03-04-22-37-25-586000,pB5ssSy__hBrm6wJ,rl2,499.0,cup_on_saucer_success,"pick up cup with one arm, hand it over to the other arm and place it on the saucer",white_wall,"{""pink cup"",""green saucer""}",False,eva_bimanual,False,-1.0,True,s3://rldb/processed_v3/eva/2026-03-04-22-37-25-586000.zarr,,s3://rldb/processed_v3/eva/2026-03-04-22-37-25-586000.mp4,CC BY-SA 4.0,,2026-03-04 22:37:25.586000+00:00,2026-07-31 21:45:36.954967+00:00,eva,success
2026-03-04-21-59-25-346000,__zQ0kS-xjtwKdGt,rl2,670.0,cup_on_saucer_success,"pick up cup with one arm, hand it over to the other arm and place it on the saucer",white_wall,"{""white ceramic cup"",""white saucer""}",False,eva_bimanual,False,-1.0,True,s3://rldb/processed_v3/eva/2026-03-04-21-59-25-346000.zarr,,s3://rldb/processed_v3/eva/2026-03-04-21-59-25-346000.mp4,CC BY-SA 4.0,,2026-03-04 21:59:25.346000+00:00,2026-07-31 21:45:36.954967+00:00,eva,success
2026-03-04-18-42-12-487000,pB5ssSy__hBrm6wJ,rl2,576.0,cup_on_saucer_success,"pick up cup with one arm, hand it over to the other arm and place it on the saucer",white_wall,"{""white ceramic cup"",""green square saucer""}",False,eva_bimanual,False,-1.0,True,s3://rldb/processed_v3/eva/2026-03-04-18-42-12-487000.zarr,,s3://rldb/processed_v3/eva/2026-03-04-18-42-12-487000.mp4,CC BY-SA 4.0,,2026-03-04 18:42:12.487000+00:00,2026-07-31 21:45:36.954967+00:00,eva,success
2026-03-04-23-24-43-403000,pB5ssSy__hBrm6wJ,rl2,1035.0,cup_on_saucer_success,"pick up cup with one arm, hand it over to the other arm and place it on the saucer",white_wall,"{""pink cup"",""yellow saucer""}",False,eva_bimanual,False,-1.0,True,s3://rldb/processed_v3/eva/2026-03-04-23-24-43-403000.zarr,,s3://rldb/processed_v3/eva/2026-03-04-23-24-43-403000.mp4,CC BY-SA 4.0,,2026-03-04 23:24:43.403000+00:00,2026-07-31 21:45:36.954967+00:00,eva,success
2026-03-04-21-28-24-818000,EwCW-BuE_nA9dzbr,rl2,647.0,cup_on_saucer_success,"pick up cup with one arm, hand it over to the other arm and place it on the saucer",white_wall,"{""white cup"",""white saucer""}",False,eva_bimanual,False,-1.0,True,s3://rldb/processed_v3/eva/2026-03-04-21-28-24-818000.zarr,,s3://rldb/processed_v3/eva/2026-03-04-21-28-24-818000.mp4,CC BY-SA 4.0,,2026-03-04 21:28:24.818000+00:00,2026-07-31 21:45:36.954967+00:00,eva,success
2026-03-04-21-51-14-030000,__zQ0kS-xjtwKdGt,rl2,204.0,cup_on_saucer_failure,"pick up cup with one arm, hand it over to the other arm and place it on the saucer",white_wall,"[""white ceramic cup"", ""white saucer""]",False,eva_bimanual,False,-1.0,True,s3://rldb/processed_v3/eva/2026-03-04-21-51-14-030000.zarr,,s3://rldb/processed_v3/eva/2026-03-04-21-51-14-030000.mp4,CC BY-SA 4.0,,2026-03-04 21:51:14.030000+00:00,2026-07-31 21:45:36.954967+00:00,eva,failure
2026-03-04-21-51-45-389000,__zQ0kS-xjtwKdGt,rl2,187.0,cup_on_saucer_failure,"pick up cup with one arm, hand it over to the other arm and place it on the saucer",white_wall,"[""white ceramic cup"", ""white saucer""]",False,eva_bimanual,False,-1.0,True,s3://rldb/processed_v3/eva/2026-03-04-21-51-45-389000.zarr,,s3://rldb/processed_v3/eva/2026-03-04-21-51-45-389000.mp4,CC BY-SA 4.0,,2026-03-04 21:51:45.389000+00:00,2026-07-31 21:45:36.954967+00:00,eva,failure
2026-03-04-18-34-15-547000,pB5ssSy__hBrm6wJ,rl2,549.0,cup_on_saucer_success,"pick up cup with one arm, hand it over to the other arm and place it on the saucer",white_wall,"{""white ceramic cup"",""green square saucer""}",False,eva_bimanual,False,-1.0,True,s3://rldb/processed_v3/eva/2026-03-04-18-34-15-547000.zarr,,s3://rldb/processed_v3/eva/2026-03-04-18-34-15-547000.mp4,CC BY-SA 4.0,,2026-03-04 18:34:15.547000+00:00,2026-07-31 21:45:36.954967+00:00,eva,success
2026-03-02-16-19-37-945000,pB5ssSy__hBrm6wJ,rl2,1622.0,cup_on_saucer_failure,"pick up cup with one arm, hand it over to the other arm and place it on the saucer",white_wall,"{""pink cup"",""white saucer""}",False,eva_bimanual,False,-1.0,True,s3://rldb/processed_v3/eva/2026-03-02-16-19-37-945000.zarr,,s3://rldb/processed_v3/eva/2026-03-02-16-19-37-945000.mp4,CC BY-SA 4.0,,2026-03-02 16:19:37.945000+00:00,2026-07-31 21:45:36.954967+00:00,eva,failure
2026-03-04-21-22-33-114000,EwCW-BuE_nA9dzbr,rl2,840.0,cup_on_saucer_success,"pick up cup with one arm, hand it over to the other arm and place it on the saucer",white_wall,"{""white cup"",""white saucer""}",False,eva_bimanual,False,-1.0,True,s3://rldb/processed_v3/eva/2026-03-04-21-22-33-114000.zarr,,s3://rldb/processed_v3/eva/2026-03-04-21-22-33-114000.mp4,CC BY-SA 4.0,,2026-03-04 21:22:33.114000+00:00,2026-07-31 21:45:36.954967+00:00,eva,success
2026-03-04-18-36-48-558000,pB5ssSy__hBrm6wJ,rl2,596.0,cup_on_saucer_success,"pick up cup with one arm, hand it over to the other arm and place it on the saucer",white_wall,"{""white ceramic cup"",""green square saucer""}",False,eva_bimanual,False,-1.0,True,s3://rldb/processed_v3/eva/2026-03-04-18-36-48-558000.zarr,,s3://rldb/processed_v3/eva/2026-03-04-18-36-48-558000.mp4,CC BY-SA 4.0,,2026-03-04 18:36:48.558000+00:00,2026-07-31 21:45:36.954967+00:00,eva,success
2026-03-03-23-45-42-779000,pB5ssSy__hBrm6wJ,rl2,1092.0,cup_on_saucer_success,"pick up cup with one arm, hand it over to the other arm and place it on the saucer",white_wall,"{""pink cup"",""white saucer""}",False,eva_bimanual,False,-1.0,True,s3://rldb/processed_v3/eva/2026-03-03-23-45-42-779000.zarr,,s3://rldb/processed_v3/eva/2026-03-03-23-45-42-779000.mp4,CC BY-SA 4.0,,2026-03-03 23:45:42.779000+00:00,2026-07-31 21:45:36.954967+00:00,eva,success
2026-03-02-16-17-32-789000,pB5ssSy__hBrm6wJ,rl2,1780.0,cup_on_saucer_success,"pick up cup with one arm, hand it over to the other arm and place it on the saucer",white_wall,"{""pink cup"",""white saucer""}",False,eva_bimanual,False,-1.0,True,s3://rldb/processed_v3/eva/2026-03-02-16-17-32-789000.zarr,,s3://rldb/processed_v3/eva/2026-03-02-16-17-32-789000.mp4,CC BY-SA 4.0,,2026-03-02 16:17:32.789000+00:00,2026-07-31 21:45:36.954967+00:00,eva,success
2026-03-04-19-50-51-085000,__zQ0kS-xjtwKdGt,rl2,566.0,cup_on_saucer_success,"pick up cup with one arm, hand it over to the other arm and place it on the saucer",white_wall,"{""white ceramic cup"",""yellow saucer""}",False,eva_bimanual,False,-1.0,True,s3://rldb/processed_v3/eva/2026-03-04-19-50-51-085000.zarr,,s3://rldb/processed_v3/eva/2026-03-04-19-50-51-085000.mp4,CC BY-SA 4.0,,2026-03-04 19:50:51.085000+00:00,2026-07-31 21:45:36.954967+00:00,eva,success
2026-03-02-16-08-43-082000,pB5ssSy__hBrm6wJ,rl2,1214.0,cup_on_saucer_success,"pick up cup with one arm, hand it over to the other arm and place it on the saucer",white_wall,"{""pink cup"",""white saucer""}",False,eva_bimanual,False,-1.0,True,s3://rldb/processed_v3/eva/2026-03-02-16-08-43-082000.zarr,,s3://rldb/processed_v3/eva/2026-03-02-16-08-43-082000.mp4,CC BY-SA 4.0,,2026-03-02 16:08:43.082000+00:00,2026-07-31 21:45:36.954967+00:00,eva,success
2026-03-04-23-13-03-657000,pB5ssSy__hBrm6wJ,rl2,693.0,cup_on_saucer_success,"pick up cup with one arm, hand it over to the other arm and place it on the saucer",white_wall,"{""pink cup"",""yellow saucer""}",False,eva_bimanual,False,-1.0,True,s3://rldb/processed_v3/eva/2026-03-04-23-13-03-657000.zarr,,s3://rldb/processed_v3/eva/2026-03-04-23-13-03-657000.mp4,CC BY-SA 4.0,,2026-03-04 23:13:03.657000+00:00,2026-07-31 21:45:36.954967+00:00,eva,success
2026-03-03-23-33-45-750000,pB5ssSy__hBrm6wJ,rl2,1448.0,cup_on_saucer_failure,"pick up cup with one arm, hand it over to the other arm and place it on the saucer",white_wall,"{""pink cup"",""white saucer""}",False,eva_bimanual,False,-1.0,True,s3://rldb/processed_v3/eva/2026-03-03-23-33-45-750000.zarr,,s3://rldb/processed_v3/eva/2026-03-03-23-33-45-750000.mp4,CC BY-SA 4.0,,2026-03-03 23:33:45.750000+00:00,2026-07-31 21:45:36.954967+00:00,eva,failure
2026-03-04-22-36-54-846000,pB5ssSy__hBrm6wJ,rl2,423.0,cup_on_saucer_success,"pick up cup with one arm, hand it over to the other arm and place it on the saucer",white_wall,"{""pink cup"",""green saucer""}",False,eva_bimanual,False,-1.0,True,s3://rldb/processed_v3/eva/2026-03-04-22-36-54-846000.zarr,,s3://rldb/processed_v3/eva/2026-03-04-22-36-54-846000.mp4,CC BY-SA 4.0,,2026-03-04 22:36:54.846000+00:00,2026-07-31 21:45:36.954967+00:00,eva,success
2026-03-04-18-32-05-439000,__zQ0kS-xjtwKdGt,rl2,238.0,cup_on_saucer_failure,"pick up cup with one arm, hand it over to the other arm and place it on the saucer",white_wall,"{""white ceramic cup"",""green square saucer""}",False,eva_bimanual,False,-1.0,True,s3://rldb/processed_v3/eva/2026-03-04-18-32-05-439000.zarr,,s3://rldb/processed_v3/eva/2026-03-04-18-32-05-439000.mp4,CC BY-SA 4.0,,2026-03-04 18:32:05.439000+00:00,2026-07-31 21:45:36.954967+00:00,eva,failure
2026-03-04-18-39-01-268000,pB5ssSy__hBrm6wJ,rl2,524.0,cup_on_saucer_success,"pick up cup with one arm, hand it over to the other arm and place it on the saucer",white_wall,"{""white ceramic cup"",""green square saucer""}",False,eva_bimanual,False,-1.0,True,s3://rldb/processed_v3/eva/2026-03-04-18-39-01-268000.zarr,,s3://rldb/processed_v3/eva/2026-03-04-18-39-01-268000.mp4,CC BY-SA 4.0,,2026-03-04 18:39:01.268000+00:00,2026-07-31 21:45:36.954967+00:00,eva,success
2026-03-04-19-17-27-133000,EwCW-BuE_nA9dzbr,rl2,647.0,cup_on_saucer_success,"pick up cup with one arm, hand it over to the other arm and place it on the saucer",white_wall,"{""white cup"",""green square saucer""}",False,eva_bimanual,False,-1.0,True,s3://rldb/processed_v3/eva/2026-03-04-19-17-27-133000.zarr,,s3://rldb/processed_v3/eva/2026-03-04-19-17-27-133000.mp4,CC BY-SA 4.0,,2026-03-04 19:17:27.133000+00:00,2026-07-31 21:45:36.954967+00:00,eva,success
2026-03-02-15-37-57-456000,pB5ssSy__hBrm6wJ,rl2,890.0,cup_on_saucer_failure,"pick up cup with one arm, hand it over to the other arm and place it on the saucer",white_wall,"{""pink cup"",""white saucer""}",False,eva_bimanual,False,-1.0,True,s3://rldb/processed_v3/eva/2026-03-02-15-37-57-456000.zarr,,s3://rldb/processed_v3/eva/2026-03-02-15-37-57-456000.mp4,CC BY-SA 4.0,,2026-03-02 15:37:57.456000+00:00,2026-07-31 21:45:36.954967+00:00,eva,failure
2026-03-01-21-38-30-802000,EwCW-BuE_nA9dzbr,rl2,2684.0,cup_on_saucer_failure,"pick up cup with one arm, hand it over to the other arm and place it on the saucer",white_wall,"{""white cup"",""white saucer""}",False,eva_bimanual,False,-1.0,True,s3://rldb/processed_v3/eva/2026-03-01-21-38-30-802000.zarr,,s3://rldb/processed_v3/eva/2026-03-01-21-38-30-802000.mp4,CC BY-SA 4.0,,2026-03-01 21:38:30.802000+00:00,2026-07-31 21:45:36.954967+00:00,eva,failure
2026-03-03-23-39-55-640000,pB5ssSy__hBrm6wJ,rl2,1564.0,cup_on_saucer_success,"pick up cup with one arm, hand it over to the other arm and place it on the saucer",white_wall,"{""pink cup"",""white saucer""}",False,eva_bimanual,False,-1.0,True,s3://rldb/processed_v3/eva/2026-03-03-23-39-55-640000.zarr,,s3://rldb/processed_v3/eva/2026-03-03-23-39-55-640000.mp4,CC BY-SA 4.0,,2026-03-03 23:39:55.640000+00:00,2026-07-31 21:45:36.954967+00:00,eva,success
2026-03-16-04-43-37-941000,pB5ssSy__hBrm6wJ,rl2,644.0,cup_on_saucer_success,"pick up cup with one arm, hand it over to the other arm and place it on the saucer",white_wall,"{""pink cup"",""yellow saucer""}",False,eva_bimanual,False,-1.0,True,s3://rldb/processed_v3/eva/2026-03-16-04-43-37-941000.zarr,,s3://rldb/processed_v3/eva/2026-03-16-04-43-37-941000.mp4,CC BY-SA 4.0,,2026-03-16 04:43:37.941000+00:00,2026-07-31 21:45:36.954967+00:00,eva,success
2026-03-04-21-29-48-309000,EwCW-BuE_nA9dzbr,rl2,477.0,cup_on_saucer_success,"pick up cup with one arm, hand it over to the other arm and place it on the saucer",white_wall,"{""white cup"",""white saucer""}",False,eva_bimanual,False,-1.0,True,s3://rldb/processed_v3/eva/2026-03-04-21-29-48-309000.zarr,,s3://rldb/processed_v3/eva/2026-03-04-21-29-48-309000.mp4,CC BY-SA 4.0,,2026-03-04 21:29:48.309000+00:00,2026-07-31 21:45:36.954967+00:00,eva,success
2026-03-04-21-31-30-115000,EwCW-BuE_nA9dzbr,rl2,750.0,cup_on_saucer_success,"pick up cup with one arm, hand it over to the other arm and place it on the saucer",white_wall,"{""white cup"",""white saucer""}",False,eva_bimanual,False,-1.0,True,s3://rldb/processed_v3/eva/2026-03-04-21-31-30-115000.zarr,,s3://rldb/processed_v3/eva/2026-03-04-21-31-30-115000.mp4,CC BY-SA 4.0,,2026-03-04 21:31:30.115000+00:00,2026-07-31 21:45:36.954967+00:00,eva,success
2026-03-04-19-12-22-875000,EwCW-BuE_nA9dzbr,rl2,811.0,cup_on_saucer_success,"pick up cup with one arm, hand it over to the other arm and place it on the saucer",white_wall,"{""white cup"",""green square saucer""}",False,eva_bimanual,False,-1.0,True,s3://rldb/processed_v3/eva/2026-03-04-19-12-22-875000.zarr,,s3://rldb/processed_v3/eva/2026-03-04-19-12-22-875000.mp4,CC BY-SA 4.0,,2026-03-04 19:12:22.875000+00:00,2026-07-31 21:45:36.954967+00:00,eva,success
2026-03-04-19-13-40-189000,EwCW-BuE_nA9dzbr,rl2,767.0,cup_on_saucer_success,"pick up cup with one arm, hand it over to the other arm and place it on the saucer",white_wall,"{""white cup"",""green square saucer""}",False,eva_bimanual,False,-1.0,True,s3://rldb/processed_v3/eva/2026-03-04-19-13-40-189000.zarr,,s3://rldb/processed_v3/eva/2026-03-04-19-13-40-189000.mp4,CC BY-SA 4.0,,2026-03-04 19:13:40.189000+00:00,2026-07-31 21:45:36.954967+00:00,eva,success
2026-03-04-21-51-39-028000,__zQ0kS-xjtwKdGt,rl2,774.0,cup_on_saucer_failure,"pick up cup with one arm, hand it over to the other arm and place it on the saucer",white_wall,"[""white ceramic cup"", ""white saucer""]",False,eva_bimanual,False,-1.0,True,s3://rldb/processed_v3/eva/2026-03-04-21-51-39-028000.zarr,,s3://rldb/processed_v3/eva/2026-03-04-21-51-39-028000.mp4,CC BY-SA 4.0,,2026-03-04 21:51:39.028000+00:00,2026-07-31 21:45:36.954967+00:00,eva,failure
2026-03-01-21-56-52-325000,__zQ0kS-xjtwKdGt,rl2,490.0,cup_on_saucer_failure,"pick up cup with one arm, hand it over to the other arm and place it on the saucer",white_wall,"[""white ceramic cup"", ""white saucer""]",False,eva_bimanual,False,-1.0,True,s3://rldb/processed_v3/eva/2026-03-01-21-56-52-325000.zarr,,s3://rldb/processed_v3/eva/2026-03-01-21-56-52-325000.mp4,CC BY-SA 4.0,,2026-03-01 21:56:52.325000+00:00,2026-07-31 21:45:36.954967+00:00,eva,failure
2026-03-04-19-13-16-332000,EwCW-BuE_nA9dzbr,rl2,840.0,cup_on_saucer_success,"pick up cup with one arm, hand it over to the other arm and place it on the saucer",white_wall,"{""white cup"",""green square saucer""}",False,eva_bimanual,False,-1.0,True,s3://rldb/processed_v3/eva/2026-03-04-19-13-16-332000.zarr,,s3://rldb/processed_v3/eva/2026-03-04-19-13-16-332000.mp4,CC BY-SA 4.0,,2026-03-04 19:13:16.332000+00:00,2026-07-31 21:45:36.954967+00:00,eva,success
2026-03-04-20-26-02-182000,EwCW-BuE_nA9dzbr,rl2,746.0,cup_on_saucer_failure,"pick up cup with one arm, hand it over to the other arm and place it on the saucer",white_wall,"{""white cup"",""yellow saucer""}",False,eva_bimanual,False,-1.0,True,s3://rldb/processed_v3/eva/2026-03-04-20-26-02-182000.zarr,,s3://rldb/processed_v3/eva/2026-03-04-20-26-02-182000.mp4,CC BY-SA 4.0,,2026-03-04 20:26:02.182000+00:00,2026-07-31 21:45:36.954967+00:00,eva,failure
2026-03-04-20-28-32-319000,EwCW-BuE_nA9dzbr,rl2,915.0,cup_on_saucer_success,"pick up cup with one arm, hand it over to the other arm and place it on the saucer",white_wall,"{""white cup"",""yellow saucer""}",False,eva_bimanual,False,-1.0,True,s3://rldb/processed_v3/eva/2026-03-04-20-28-32-319000.zarr,,s3://rldb/processed_v3/eva/2026-03-04-20-28-32-319000.mp4,CC BY-SA 4.0,,2026-03-04 20:28:32.319000+00:00,2026-07-31 21:45:36.954967+00:00,eva,success
2026-03-04-21-25-23-771000,EwCW-BuE_nA9dzbr,rl2,677.0,cup_on_saucer_success,"pick up cup with one arm, hand it over to the other arm and place it on the saucer",white_wall,"{""white cup"",""white saucer""}",False,eva_bimanual,False,-1.0,True,s3://rldb/processed_v3/eva/2026-03-04-21-25-23-771000.zarr,,s3://rldb/processed_v3/eva/2026-03-04-21-25-23-771000.mp4,CC BY-SA 4.0,,2026-03-04 21:25:23.771000+00:00,2026-07-31 21:45:36.954967+00:00,eva,success
2026-03-04-20-31-18-636000,EwCW-BuE_nA9dzbr,rl2,835.0,cup_on_saucer_success,"pick up cup with one arm, hand it over to the other arm and place it on the saucer",white_wall,"{""white cup"",""yellow saucer""}",False,eva_bimanual,False,-1.0,True,s3://rldb/processed_v3/eva/2026-03-04-20-31-18-636000.zarr,,s3://rldb/processed_v3/eva/2026-03-04-20-31-18-636000.mp4,CC BY-SA 4.0,,2026-03-04 20:31:18.636000+00:00,2026-07-31 21:45:36.954967+00:00,eva,success
2026-03-04-21-20-58-748000,EwCW-BuE_nA9dzbr,rl2,408.0,cup_on_saucer_failure,"pick up cup with one arm, hand it over to the other arm and place it on the saucer",white_wall,"{""white cup"",""white saucer""}",False,eva_bimanual,False,-1.0,True,s3://rldb/processed_v3/eva/2026-03-04-21-20-58-748000.zarr,,s3://rldb/processed_v3/eva/2026-03-04-21-20-58-748000.mp4,CC BY-SA 4.0,,2026-03-04 21:20:58.748000+00:00,2026-07-31 21:45:36.954967+00:00,eva,failure
2026-03-04-20-39-45-673000,EwCW-BuE_nA9dzbr,rl2,1056.0,cup_on_saucer_success,"pick up cup with one arm, hand it over to the other arm and place it on the saucer",white_wall,"{""white cup"",""yellow saucer""}",False,eva_bimanual,False,-1.0,True,s3://rldb/processed_v3/eva/2026-03-04-20-39-45-673000.zarr,,s3://rldb/processed_v3/eva/2026-03-04-20-39-45-673000.mp4,CC BY-SA 4.0,,2026-03-04 20:39:45.673000+00:00,2026-07-31 21:45:36.954967+00:00,eva,success
2026-03-04-21-19-06-485000,EwCW-BuE_nA9dzbr,rl2,767.0,cup_on_saucer_failure,"pick up cup with one arm, hand it over to the other arm and place it on the saucer",white_wall,"{""white cup"",""white saucer""}",False,eva_bimanual,False,-1.0,True,s3://rldb/processed_v3/eva/2026-03-04-21-19-06-485000.zarr,,s3://rldb/processed_v3/eva/2026-03-04-21-19-06-485000.mp4,CC BY-SA 4.0,,2026-03-04 21:19:06.485000+00:00,2026-07-31 21:45:36.954967+00:00,eva,failure
2026-03-02-16-16-02-848000,pB5ssSy__hBrm6wJ,rl2,1416.0,cup_on_saucer_failure,"pick up cup with one arm, hand it over to the other arm and place it on the saucer",white_wall,"{""pink cup"",""white saucer""}",False,eva_bimanual,False,-1.0,True,s3://rldb/processed_v3/eva/2026-03-02-16-16-02-848000.zarr,,s3://rldb/processed_v3/eva/2026-03-02-16-16-02-848000.mp4,CC BY-SA 4.0,,2026-03-02 16:16:02.848000+00:00,2026-07-31 21:45:36.954967+00:00,eva,failure
2026-03-04-18-31-52-472000,__zQ0kS-xjtwKdGt,rl2,331.0,cup_on_saucer_failure,"pick up cup with one arm, hand it over to the other arm and place it on the saucer",white_wall,"{""white ceramic cup"",""green square saucer""}",False,eva_bimanual,False,-1.0,True,s3://rldb/processed_v3/eva/2026-03-04-18-31-52-472000.zarr,,s3://rldb/processed_v3/eva/2026-03-04-18-31-52-472000.mp4,CC BY-SA 4.0,,2026-03-04 18:31:52.472000+00:00,2026-07-31 21:45:36.954967+00:00,eva,failure
2026-03-04-21-56-19-098000,__zQ0kS-xjtwKdGt,rl2,420.0,cup_on_saucer_success,"pick up cup with one arm, hand it over to the other arm and place it on the saucer",white_wall,"{""white ceramic cup"",""white saucer""}",False,eva_bimanual,False,-1.0,True,s3://rldb/processed_v3/eva/2026-03-04-21-56-19-098000.zarr,,s3://rldb/processed_v3/eva/2026-03-04-21-56-19-098000.mp4,CC BY-SA 4.0,,2026-03-04 21:56:19.098000+00:00,2026-07-31 21:45:36.954967+00:00,eva,success
2026-03-03-23-32-24-704000,pB5ssSy__hBrm6wJ,rl2,1210.0,cup_on_saucer_failure,"pick up cup with one arm, hand it over to the other arm and place it on the saucer",white_wall,"{""pink cup"",""white saucer""}",False,eva_bimanual,False,-1.0,True,s3://rldb/processed_v3/eva/2026-03-03-23-32-24-704000.zarr,,s3://rldb/processed_v3/eva/2026-03-03-23-32-24-704000.mp4,CC BY-SA 4.0,,2026-03-03 23:32:24.704000+00:00,2026-07-31 21:45:36.954967+00:00,eva,failure
2026-03-03-23-43-56-642000,pB5ssSy__hBrm6wJ,rl2,1352.0,cup_on_saucer_success,"pick up cup with one arm, hand it over to the other arm and place it on the saucer",white_wall,"{""pink cup"",""white saucer""}",False,eva_bimanual,False,-1.0,True,s3://rldb/processed_v3/eva/2026-03-03-23-43-56-642000.zarr,,s3://rldb/processed_v3/eva/2026-03-03-23-43-56-642000.mp4,CC BY-SA 4.0,,2026-03-03 23:43:56.642000+00:00,2026-07-31 21:45:36.954967+00:00,eva,success
2026-03-04-20-40-24-949000,EwCW-BuE_nA9dzbr,rl2,637.0,cup_on_saucer_success,"pick up cup with one arm, hand it over to the other arm and place it on the saucer",white_wall,"{""white cup"",""yellow saucer""}",False,eva_bimanual,False,-1.0,True,s3://rldb/processed_v3/eva/2026-03-04-20-40-24-949000.zarr,,s3://rldb/processed_v3/eva/2026-03-04-20-40-24-949000.mp4,CC BY-SA 4.0,,2026-03-04 20:40:24.949000+00:00,2026-07-31 21:45:36.954967+00:00,eva,success
2026-03-04-21-33-59-186000,EwCW-BuE_nA9dzbr,rl2,606.0,cup_on_saucer_success,"pick up cup with one arm, hand it over to the other arm and place it on the saucer",white_wall,"{""white cup"",""white saucer""}",False,eva_bimanual,False,-1.0,True,s3://rldb/processed_v3/eva/2026-03-04-21-33-59-186000.zarr,,s3://rldb/processed_v3/eva/2026-03-04-21-33-59-186000.mp4,CC BY-SA 4.0,,2026-03-04 21:33:59.186000+00:00,2026-07-31 21:45:36.954967+00:00,eva,success
2026-03-04-21-52-23-839000,__zQ0kS-xjtwKdGt,rl2,716.0,cup_on_saucer_success,"pick up cup with one arm, hand it over to the other arm and place it on the saucer",white_wall,"{""white ceramic cup"",""white saucer""}",False,eva_bimanual,False,-1.0,True,s3://rldb/processed_v3/eva/2026-03-04-21-52-23-839000.zarr,,s3://rldb/processed_v3/eva/2026-03-04-21-52-23-839000.mp4,CC BY-SA 4.0,,2026-03-04 21:52:23.839000+00:00,2026-07-31 21:45:36.954967+00:00,eva,success
2026-03-04-21-57-39-547000,__zQ0kS-xjtwKdGt,rl2,365.0,cup_on_saucer_success,"pick up cup with one arm, hand it over to the other arm and place it on the saucer",white_wall,"{""white ceramic cup"",""white saucer""}",False,eva_bimanual,False,-1.0,True,s3://rldb/processed_v3/eva/2026-03-04-21-57-39-547000.zarr,,s3://rldb/processed_v3/eva/2026-03-04-21-57-39-547000.mp4,CC BY-SA 4.0,,2026-03-04 21:57:39.547000+00:00,2026-07-31 21:45:36.954967+00:00,eva,success
2026-03-01-21-43-04-424000,EwCW-BuE_nA9dzbr,rl2,2044.0,cup_on_saucer_failure,"pick up cup with one arm, hand it over to the other arm and place it on the saucer",white_wall,"{""white cup"",""white saucer""}",False,eva_bimanual,False,-1.0,True,s3://rldb/processed_v3/eva/2026-03-01-21-43-04-424000.zarr,,s3://rldb/processed_v3/eva/2026-03-01-21-43-04-424000.mp4,CC BY-SA 4.0,,2026-03-01 21:43:04.424000+00:00,2026-07-31 21:45:36.954967+00:00,eva,failure
2026-03-04-23-22-32-002000,pB5ssSy__hBrm6wJ,rl2,831.0,cup_on_saucer_success,"pick up cup with one arm, hand it over to the other arm and place it on the saucer",white_wall,"{""pink cup"",""yellow saucer""}",False,eva_bimanual,False,-1.0,True,s3://rldb/processed_v3/eva/2026-03-04-23-22-32-002000.zarr,,s3://rldb/processed_v3/eva/2026-03-04-23-22-32-002000.mp4,CC BY-SA 4.0,,2026-03-04 23:22:32.002000+00:00,2026-07-31 21:45:36.954967+00:00,eva,success
2026-03-04-21-56-05-653000,__zQ0kS-xjtwKdGt,rl2,796.0,cup_on_saucer_success,"pick up cup with one arm, hand it over to the other arm and place it on the saucer",white_wall,"{""white ceramic cup"",""white saucer""}",False,eva_bimanual,False,-1.0,True,s3://rldb/processed_v3/eva/2026-03-04-21-56-05-653000.zarr,,s3://rldb/processed_v3/eva/2026-03-04-21-56-05-653000.mp4,CC BY-SA 4.0,,2026-03-04 21:56:05.653000+00:00,2026-07-31 21:45:36.954967+00:00,eva,success
2026-03-04-19-19-03-973000,EwCW-BuE_nA9dzbr,rl2,610.0,cup_on_saucer_success,"pick up cup with one arm, hand it over to the other arm and place it on the saucer",white_wall,"{""white cup"",""green square saucer""}",False,eva_bimanual,False,-1.0,True,s3://rldb/processed_v3/eva/2026-03-04-19-19-03-973000.zarr,,s3://rldb/processed_v3/eva/2026-03-04-19-19-03-973000.mp4,CC BY-SA 4.0,,2026-03-04 19:19:03.973000+00:00,2026-07-31 21:45:36.954967+00:00,eva,success
2026-03-04-19-55-19-412000,__zQ0kS-xjtwKdGt,rl2,699.0,cup_on_saucer_success,"pick up cup with one arm, hand it over to the other arm and place it on the saucer",white_wall,"{""white ceramic cup"",""yellow saucer""}",False,eva_bimanual,False,-1.0,True,s3://rldb/processed_v3/eva/2026-03-04-19-55-19-412000.zarr,,s3://rldb/processed_v3/eva/2026-03-04-19-55-19-412000.mp4,CC BY-SA 4.0,,2026-03-04 19:55:19.412000+00:00,2026-07-31 21:45:36.954967+00:00,eva,success
2026-03-04-18-31-58-257000,__zQ0kS-xjtwKdGt,rl2,191.0,cup_on_saucer_failure,"pick up cup with one arm, hand it over to the other arm and place it on the saucer",white_wall,"{""white ceramic cup"",""green square saucer""}",False,eva_bimanual,False,-1.0,True,s3://rldb/processed_v3/eva/2026-03-04-18-31-58-257000.zarr,,s3://rldb/processed_v3/eva/2026-03-04-18-31-58-257000.mp4,CC BY-SA 4.0,,2026-03-04 18:31:58.257000+00:00,2026-07-31 21:45:36.954967+00:00,eva,failure
2026-03-04-23-25-02-809000,pB5ssSy__hBrm6wJ,rl2,771.0,cup_on_saucer_success,"pick up cup with one arm, hand it over to the other arm and place it on the saucer",white_wall,"{""pink cup"",""yellow saucer""}",False,eva_bimanual,False,-1.0,True,s3://rldb/processed_v3/eva/2026-03-04-23-25-02-809000.zarr,,s3://rldb/processed_v3/eva/2026-03-04-23-25-02-809000.mp4,CC BY-SA 4.0,,2026-03-04 23:25:02.809000+00:00,2026-07-31 21:45:36.954967+00:00,eva,success
2026-03-04-19-11-07-325000,EwCW-BuE_nA9dzbr,rl2,648.0,cup_on_saucer_success,"pick up cup with one arm, hand it over to the other arm and place it on the saucer",white_wall,"{""white cup"",""green square saucer""}",False,eva_bimanual,False,-1.0,True,s3://rldb/processed_v3/eva/2026-03-04-19-11-07-325000.zarr,,s3://rldb/processed_v3/eva/2026-03-04-19-11-07-325000.mp4,CC BY-SA 4.0,,2026-03-04 19:11:07.325000+00:00,2026-07-31 21:45:36.954967+00:00,eva,success
2026-03-04-22-42-52-296000,pB5ssSy__hBrm6wJ,rl2,556.0,cup_on_saucer_success,"pick up cup with one arm, hand it over to the other arm and place it on the saucer",white_wall,"{""pink cup"",""green saucer""}",False,eva_bimanual,False,-1.0,True,s3://rldb/processed_v3/eva/2026-03-04-22-42-52-296000.zarr,,s3://rldb/processed_v3/eva/2026-03-04-22-42-52-296000.mp4,CC BY-SA 4.0,,2026-03-04 22:42:52.296000+00:00,2026-07-31 21:45:36.954967+00:00,eva,success
2026-03-04-19-53-24-079000,__zQ0kS-xjtwKdGt,rl2,622.0,cup_on_saucer_success,"pick up cup with one arm, hand it over to the other arm and place it on the saucer",white_wall,"{""white ceramic cup"",""yellow saucer""}",False,eva_bimanual,False,-1.0,True,s3://rldb/processed_v3/eva/2026-03-04-19-53-24-079000.zarr,,s3://rldb/processed_v3/eva/2026-03-04-19-53-24-079000.mp4,CC BY-SA 4.0,,2026-03-04 19:53:24.079000+00:00,2026-07-31 21:45:36.954967+00:00,eva,success
2026-03-01-21-52-20-604000,__zQ0kS-xjtwKdGt,rl2,2340.0,cup_on_saucer_success,"pick up cup with one arm, hand it over to the other arm and place it on the saucer",white_wall,"{""white ceramic cup"",""white saucer""}",False,eva_bimanual,False,-1.0,True,s3://rldb/processed_v3/eva/2026-03-01-21-52-20-604000.zarr,,s3://rldb/processed_v3/eva/2026-03-01-21-52-20-604000.mp4,CC BY-SA 4.0,,2026-03-01 21:52:20.604000+00:00,2026-07-31 21:45:36.954967+00:00,eva,success
2026-03-04-20-35-14-105000,EwCW-BuE_nA9dzbr,rl2,630.0,cup_on_saucer_success,"pick up cup with one arm, hand it over to the other arm and place it on the saucer",white_wall,"{""white cup"",""yellow saucer""}",False,eva_bimanual,False,-1.0,True,s3://rldb/processed_v3/eva/2026-03-04-20-35-14-105000.zarr,,s3://rldb/processed_v3/eva/2026-03-04-20-35-14-105000.mp4,CC BY-SA 4.0,,2026-03-04 20:35:14.105000+00:00,2026-07-31 21:45:36.954967+00:00,eva,success
2026-03-04-22-00-39-903000,__zQ0kS-xjtwKdGt,rl2,581.0,cup_on_saucer_success,"pick up cup with one arm, hand it over to the other arm and place it on the saucer",white_wall,"{""white ceramic cup"",""white saucer""}",False,eva_bimanual,False,-1.0,True,s3://rldb/processed_v3/eva/2026-03-04-22-00-39-903000.zarr,,s3://rldb/processed_v3/eva/2026-03-04-22-00-39-903000.mp4,CC BY-SA 4.0,,2026-03-04 22:00:39.903000+00:00,2026-07-31 21:45:36.954967+00:00,eva,success
2026-03-03-23-34-24-249000,pB5ssSy__hBrm6wJ,rl2,1506.0,cup_on_saucer_failure,"pick up cup with one arm, hand it over to the other arm and place it on the saucer",white_wall,"{""pink cup"",""white saucer""}",False,eva_bimanual,False,-1.0,True,s3://rldb/processed_v3/eva/2026-03-03-23-34-24-249000.zarr,,s3://rldb/processed_v3/eva/2026-03-03-23-34-24-249000.mp4,CC BY-SA 4.0,,2026-03-03 23:34:24.249000+00:00,2026-07-31 21:45:36.954967+00:00,eva,failure
2026-03-02-16-08-11-055000,pB5ssSy__hBrm6wJ,rl2,1720.0,cup_on_saucer_success,"pick up cup with one arm, hand it over to the other arm and place it on the saucer",white_wall,"{""pink cup"",""white saucer""}",False,eva_bimanual,False,-1.0,True,s3://rldb/processed_v3/eva/2026-03-02-16-08-11-055000.zarr,,s3://rldb/processed_v3/eva/2026-03-02-16-08-11-055000.mp4,CC BY-SA 4.0,,2026-03-02 16:08:11.055000+00:00,2026-07-31 21:45:36.954967+00:00,eva,success
2026-03-04-21-20-46-356000,EwCW-BuE_nA9dzbr,rl2,723.0,cup_on_saucer_failure,"pick up cup with one arm, hand it over to the other arm and place it on the saucer",white_wall,"{""white cup"",""white saucer""}",False,eva_bimanual,False,-1.0,True,s3://rldb/processed_v3/eva/2026-03-04-21-20-46-356000.zarr,,s3://rldb/processed_v3/eva/2026-03-04-21-20-46-356000.mp4,CC BY-SA 4.0,,2026-03-04 21:20:46.356000+00:00,2026-07-31 21:45:36.954967+00:00,eva,failure
2026-03-04-21-54-13-056000,__zQ0kS-xjtwKdGt,rl2,599.0,cup_on_saucer_success,"pick up cup with one arm, hand it over to the other arm and place it on the saucer",white_wall,"{""white ceramic cup"",""white saucer""}",False,eva_bimanual,False,-1.0,True,s3://rldb/processed_v3/eva/2026-03-04-21-54-13-056000.zarr,,s3://rldb/processed_v3/eva/2026-03-04-21-54-13-056000.mp4,CC BY-SA 4.0,,2026-03-04 21:54:13.056000+00:00,2026-07-31 21:45:36.954967+00:00,eva,success
2026-03-04-19-11-58-058000,EwCW-BuE_nA9dzbr,rl2,999.0,cup_on_saucer_success,"pick up cup with one arm, hand it over to the other arm and place it on the saucer",white_wall,"{""white cup"",""green square saucer""}",False,eva_bimanual,False,-1.0,True,s3://rldb/processed_v3/eva/2026-03-04-19-11-58-058000.zarr,,s3://rldb/processed_v3/eva/2026-03-04-19-11-58-058000.mp4,CC BY-SA 4.0,,2026-03-04 19:11:58.058000+00:00,2026-07-31 21:45:36.954967+00:00,eva,success
2026-03-01-21-53-09-065000,__zQ0kS-xjtwKdGt,rl2,1420.0,cup_on_saucer_failure,"pick up cup with one arm, hand it over to the other arm and place it on the saucer",white_wall,"[""white ceramic cup"", ""white saucer""]",False,eva_bimanual,False,-1.0,True,s3://rldb/processed_v3/eva/2026-03-01-21-53-09-065000.zarr,,s3://rldb/processed_v3/eva/2026-03-01-21-53-09-065000.mp4,CC BY-SA 4.0,,2026-03-01 21:53:09.065000+00:00,2026-07-31 21:45:36.954967+00:00,eva,failure
2026-03-03-23-41-02-407000,pB5ssSy__hBrm6wJ,rl2,1170.0,cup_on_saucer_success,"pick up cup with one arm, hand it over to the other arm and place it on the saucer",white_wall,"{""pink cup"",""white saucer""}",False,eva_bimanual,False,-1.0,True,s3://rldb/processed_v3/eva/2026-03-03-23-41-02-407000.zarr,,s3://rldb/processed_v3/eva/2026-03-03-23-41-02-407000.mp4,CC BY-SA 4.0,,2026-03-03 23:41:02.407000+00:00,2026-07-31 21:45:36.954967+00:00,eva,success
2026-03-01-21-39-55-154000,EwCW-BuE_nA9dzbr,rl2,3010.0,cup_on_saucer_failure,"pick up cup with one arm, hand it over to the other arm and place it on the saucer",white_wall,"{""white cup"",""white saucer""}",False,eva_bimanual,False,-1.0,True,s3://rldb/processed_v3/eva/2026-03-01-21-39-55-154000.zarr,,s3://rldb/processed_v3/eva/2026-03-01-21-39-55-154000.mp4,CC BY-SA 4.0,,2026-03-01 21:39:55.154000+00:00,2026-07-31 21:45:36.954967+00:00,eva,failure
2026-03-03-23-40-31-935000,pB5ssSy__hBrm6wJ,rl2,1168.0,cup_on_saucer_success,"pick up cup with one arm, hand it over to the other arm and place it on the saucer",white_wall,"{""pink cup"",""white saucer""}",False,eva_bimanual,False,-1.0,True,s3://rldb/processed_v3/eva/2026-03-03-23-40-31-935000.zarr,,s3://rldb/processed_v3/eva/2026-03-03-23-40-31-935000.mp4,CC BY-SA 4.0,,2026-03-03 23:40:31.935000+00:00,2026-07-31 21:45:36.954967+00:00,eva,success
2026-03-04-19-14-13-994000,EwCW-BuE_nA9dzbr,rl2,520.0,cup_on_saucer_success,"pick up cup with one arm, hand it over to the other arm and place it on the saucer",white_wall,"{""white cup"",""green square saucer""}",False,eva_bimanual,False,-1.0,True,s3://rldb/processed_v3/eva/2026-03-04-19-14-13-994000.zarr,,s3://rldb/processed_v3/eva/2026-03-04-19-14-13-994000.mp4,CC BY-SA 4.0,,2026-03-04 19:14:13.994000+00:00,2026-07-31 21:45:36.954967+00:00,eva,success
2026-03-04-19-47-54-081000,__zQ0kS-xjtwKdGt,rl2,487.0,cup_on_saucer_success,"pick up cup with one arm, hand it over to the other arm and place it on the saucer",white_wall,"{""white ceramic cup"",""yellow saucer""}",False,eva_bimanual,False,-1.0,True,s3://rldb/processed_v3/eva/2026-03-04-19-47-54-081000.zarr,,s3://rldb/processed_v3/eva/2026-03-04-19-47-54-081000.mp4,CC BY-SA 4.0,,2026-03-04 19:47:54.081000+00:00,2026-07-31 21:45:36.954967+00:00,eva,success
2026-03-04-23-18-15-776000,pB5ssSy__hBrm6wJ,rl2,505.0,cup_on_saucer_success,"pick up cup with one arm, hand it over to the other arm and place it on the saucer",white_wall,"{""pink cup"",""yellow saucer""}",False,eva_bimanual,False,-1.0,True,s3://rldb/processed_v3/eva/2026-03-04-23-18-15-776000.zarr,,s3://rldb/processed_v3/eva/2026-03-04-23-18-15-776000.mp4,CC BY-SA 4.0,,2026-03-04 23:18:15.776000+00:00,2026-07-31 21:45:36.954967+00:00,eva,success
2026-03-02-15-46-41-397000,pB5ssSy__hBrm6wJ,rl2,1880.0,cup_on_saucer_failure,"pick up cup with one arm, hand it over to the other arm and place it on the saucer",white_wall,"{""pink cup"",""white saucer""}",False,eva_bimanual,False,-1.0,True,s3://rldb/processed_v3/eva/2026-03-02-15-46-41-397000.zarr,,s3://rldb/processed_v3/eva/2026-03-02-15-46-41-397000.mp4,CC BY-SA 4.0,,2026-03-02 15:46:41.397000+00:00,2026-07-31 21:45:36.954967+00:00,eva,failure
2026-03-04-19-57-01-066000,__zQ0kS-xjtwKdGt,rl2,522.0,cup_on_saucer_success,"pick up cup with one arm, hand it over to the other arm and place it on the saucer",white_wall,"{""white ceramic cup"",""yellow saucer""}",False,eva_bimanual,False,-1.0,True,s3://rldb/processed_v3/eva/2026-03-04-19-57-01-066000.zarr,,s3://rldb/processed_v3/eva/2026-03-04-19-57-01-066000.mp4,CC BY-SA 4.0,,2026-03-04 19:57:01.066000+00:00,2026-07-31 21:45:36.954967+00:00,eva,success
2026-03-02-16-02-36-280000,pB5ssSy__hBrm6wJ,rl2,408.0,cup_on_saucer_success,"pick up cup with one arm, hand it over to the other arm and place it on the saucer",white_wall,"{""pink cup"",""white saucer""}",False,eva_bimanual,False,-1.0,True,s3://rldb/processed_v3/eva/2026-03-02-16-02-36-280000.zarr,,s3://rldb/processed_v3/eva/2026-03-02-16-02-36-280000.mp4,CC BY-SA 4.0,,2026-03-02 16:02:36.280000+00:00,2026-07-31 21:45:36.954967+00:00,eva,success
2026-03-07-23-32-50-017000,pB5ssSy__hBrm6wJ,rl2,1037.0,cup_on_saucer_success,"pick up cup with one arm, hand it over to the other arm and place it on the saucer",white_wall,"{""pink cup"",""yellow saucer""}",False,eva_bimanual,False,-1.0,True,s3://rldb/processed_v3/eva/2026-03-07-23-32-50-017000.zarr,,s3://rldb/processed_v3/eva/2026-03-07-23-32-50-017000.mp4,CC BY-SA 4.0,,2026-03-07 23:32:50.017000+00:00,2026-07-31 21:45:36.954967+00:00,eva,success
2026-03-04-19-52-16-396000,__zQ0kS-xjtwKdGt,rl2,574.0,cup_on_saucer_success,"pick up cup with one arm, hand it over to the other arm and place it on the saucer",white_wall,"{""white ceramic cup"",""yellow saucer""}",False,eva_bimanual,False,-1.0,True,s3://rldb/processed_v3/eva/2026-03-04-19-52-16-396000.zarr,,s3://rldb/processed_v3/eva/2026-03-04-19-52-16-396000.mp4,CC BY-SA 4.0,,2026-03-04 19:52:16.396000+00:00,2026-07-31 21:45:36.954967+00:00,eva,success
2026-03-04-18-41-11-152000,pB5ssSy__hBrm6wJ,rl2,585.0,cup_on_saucer_success,"pick up cup with one arm, hand it over to the other arm and place it on the saucer",white_wall,"{""white ceramic cup"",""green square saucer""}",False,eva_bimanual,False,-1.0,True,s3://rldb/processed_v3/eva/2026-03-04-18-41-11-152000.zarr,,s3://rldb/processed_v3/eva/2026-03-04-18-41-11-152000.mp4,CC BY-SA 4.0,,2026-03-04 18:41:11.152000+00:00,2026-07-31 21:45:36.954967+00:00,eva,success
2026-03-04-19-24-14-782000,EwCW-BuE_nA9dzbr,rl2,731.0,cup_on_saucer_success,"pick up cup with one arm, hand it over to the other arm and place it on the saucer",white_wall,"{""white cup"",""green square saucer""}",False,eva_bimanual,False,-1.0,True,s3://rldb/processed_v3/eva/2026-03-04-19-24-14-782000.zarr,,s3://rldb/processed_v3/eva/2026-03-04-19-24-14-782000.mp4,CC BY-SA 4.0,,2026-03-04 19:24:14.782000+00:00,2026-07-31 21:45:36.954967+00:00,eva,success
2026-03-04-21-57-28-270000,__zQ0kS-xjtwKdGt,rl2,639.0,cup_on_saucer_success,"pick up cup with one arm, hand it over to the other arm and place it on the saucer",white_wall,"{""white ceramic cup"",""white saucer""}",False,eva_bimanual,False,-1.0,True,s3://rldb/processed_v3/eva/2026-03-04-21-57-28-270000.zarr,,s3://rldb/processed_v3/eva/2026-03-04-21-57-28-270000.mp4,CC BY-SA 4.0,,2026-03-04 21:57:28.270000+00:00,2026-07-31 21:45:36.954967+00:00,eva,success
2026-03-04-18-35-37-387000,pB5ssSy__hBrm6wJ,rl2,471.0,cup_on_saucer_success,"pick up cup with one arm, hand it over to the other arm and place it on the saucer",white_wall,"{""white ceramic cup"",""green square saucer""}",False,eva_bimanual,False,-1.0,True,s3://rldb/processed_v3/eva/2026-03-04-18-35-37-387000.zarr,,s3://rldb/processed_v3/eva/2026-03-04-18-35-37-387000.mp4,CC BY-SA 4.0,,2026-03-04 18:35:37.387000+00:00,2026-07-31 21:45:36.954967+00:00,eva,success
2026-03-04-19-57-36-022000,__zQ0kS-xjtwKdGt,rl2,632.0,cup_on_saucer_success,"pick up cup with one arm, hand it over to the other arm and place it on the saucer",white_wall,"{""white ceramic cup"",""yellow saucer""}",False,eva_bimanual,False,-1.0,True,s3://rldb/processed_v3/eva/2026-03-04-19-57-36-022000.zarr,,s3://rldb/processed_v3/eva/2026-03-04-19-57-36-022000.mp4,CC BY-SA 4.0,,2026-03-04 19:57:36.022000+00:00,2026-07-31 21:45:36.954967+00:00,eva,success
2026-03-04-22-46-09-206000,pB5ssSy__hBrm6wJ,rl2,510.0,cup_on_saucer_success,"pick up cup with one arm, hand it over to the other arm and place it on the saucer",white_wall,"{""pink cup"",""green saucer""}",False,eva_bimanual,False,-1.0,True,s3://rldb/processed_v3/eva/2026-03-04-22-46-09-206000.zarr,,s3://rldb/processed_v3/eva/2026-03-04-22-46-09-206000.mp4,CC BY-SA 4.0,,2026-03-04 22:46:09.206000+00:00,2026-07-31 21:45:36.954967+00:00,eva,success
2026-03-04-23-21-29-538000,pB5ssSy__hBrm6wJ,rl2,720.0,cup_on_saucer_success,"pick up cup with one arm, hand it over to the other arm and place it on the saucer",white_wall,"{""pink cup"",""yellow saucer""}",False,eva_bimanual,False,-1.0,True,s3://rldb/processed_v3/eva/2026-03-04-23-21-29-538000.zarr,,s3://rldb/processed_v3/eva/2026-03-04-23-21-29-538000.mp4,CC BY-SA 4.0,,2026-03-04 23:21:29.538000+00:00,2026-07-31 21:45:36.954967+00:00,eva,success
2026-03-04-21-23-54-859000,EwCW-BuE_nA9dzbr,rl2,1043.0,cup_on_saucer_success,"pick up cup with one arm, hand it over to the other arm and place it on the saucer",white_wall,"{""white cup"",""white saucer""}",False,eva_bimanual,False,-1.0,True,s3://rldb/processed_v3/eva/2026-03-04-21-23-54-859000.zarr,,s3://rldb/processed_v3/eva/2026-03-04-21-23-54-859000.mp4,CC BY-SA 4.0,,2026-03-04 21:23:54.859000+00:00,2026-07-31 21:45:36.954967+00:00,eva,success
2026-03-02-15-45-51-437000,pB5ssSy__hBrm6wJ,rl2,1586.0,cup_on_saucer_failure,"pick up cup with one arm, hand it over to the other arm and place it on the saucer",white_wall,"{""pink cup"",""white saucer""}",False,eva_bimanual,False,-1.0,True,s3://rldb/processed_v3/eva/2026-03-02-15-45-51-437000.zarr,,s3://rldb/processed_v3/eva/2026-03-02-15-45-51-437000.mp4,CC BY-SA 4.0,,2026-03-02 15:45:51.437000+00:00,2026-07-31 21:45:36.954967+00:00,eva,failure
2026-03-04-20-27-25-588000,EwCW-BuE_nA9dzbr,rl2,664.0,cup_on_saucer_success,"pick up cup with one arm, hand it over to the other arm and place it on the saucer",white_wall,"{""white cup"",""yellow saucer""}",False,eva_bimanual,False,-1.0,True,s3://rldb/processed_v3/eva/2026-03-04-20-27-25-588000.zarr,,s3://rldb/processed_v3/eva/2026-03-04-20-27-25-588000.mp4,CC BY-SA 4.0,,2026-03-04 20:27:25.588000+00:00,2026-07-31 21:45:36.954967+00:00,eva,success
2026-03-03-23-37-58-327000,pB5ssSy__hBrm6wJ,rl2,1014.0,cup_on_saucer_success,"pick up cup with one arm, hand it over to the other arm and place it on the saucer",white_wall,"{""pink cup"",""white saucer""}",False,eva_bimanual,False,-1.0,True,s3://rldb/processed_v3/eva/2026-03-03-23-37-58-327000.zarr,,s3://rldb/processed_v3/eva/2026-03-03-23-37-58-327000.mp4,CC BY-SA 4.0,,2026-03-03 23:37:58.327000+00:00,2026-07-31 21:45:36.954967+00:00,eva,success
2026-03-04-23-11-19-672000,pB5ssSy__hBrm6wJ,rl2,855.0,cup_on_saucer_failure,"pick up cup with one arm, hand it over to the other arm and place it on the saucer",white_wall,"{""pink cup"",""yellow saucer""}",False,eva_bimanual,False,-1.0,True,s3://rldb/processed_v3/eva/2026-03-04-23-11-19-672000.zarr,,s3://rldb/processed_v3/eva/2026-03-04-23-11-19-672000.mp4,CC BY-SA 4.0,,2026-03-04 23:11:19.672000+00:00,2026-07-31 21:45:36.954967+00:00,eva,failure
2026-03-04-22-36-13-297000,pB5ssSy__hBrm6wJ,rl2,502.0,cup_on_saucer_failure,"pick up cup with one arm, hand it over to the other arm and place it on the saucer",white_wall,"{""pink cup"",""green saucer""}",False,eva_bimanual,False,-1.0,True,s3://rldb/processed_v3/eva/2026-03-04-22-36-13-297000.zarr,,s3://rldb/processed_v3/eva/2026-03-04-22-36-13-297000.mp4,CC BY-SA 4.0,,2026-03-04 22:36:13.297000+00:00,2026-07-31 21:45:36.954967+00:00,eva,failure
2026-03-04-19-14-26-260000,EwCW-BuE_nA9dzbr,rl2,394.0,cup_on_saucer_success,"pick up cup with one arm, hand it over to the other arm and place it on the saucer",white_wall,"{""white cup"",""green square saucer""}",False,eva_bimanual,False,-1.0,True,s3://rldb/processed_v3/eva/2026-03-04-19-14-26-260000.zarr,,s3://rldb/processed_v3/eva/2026-03-04-19-14-26-260000.mp4,CC BY-SA 4.0,,2026-03-04 19:14:26.260000+00:00,2026-07-31 21:45:36.954967+00:00,eva,success
2026-03-04-20-36-30-061000,EwCW-BuE_nA9dzbr,rl2,749.0,cup_on_saucer_success,"pick up cup with one arm, hand it over to the other arm and place it on the saucer",white_wall,"{""white cup"",""yellow saucer""}",False,eva_bimanual,False,-1.0,True,s3://rldb/processed_v3/eva/2026-03-04-20-36-30-061000.zarr,,s3://rldb/processed_v3/eva/2026-03-04-20-36-30-061000.mp4,CC BY-SA 4.0,,2026-03-04 20:36:30.061000+00:00,2026-07-31 21:45:36.954967+00:00,eva,success
2026-03-04-18-39-44-072000,pB5ssSy__hBrm6wJ,rl2,436.0,cup_on_saucer_success,"pick up cup with one arm, hand it over to the other arm and place it on the saucer",white_wall,"{""white ceramic cup"",""green square saucer""}",False,eva_bimanual,False,-1.0,True,s3://rldb/processed_v3/eva/2026-03-04-18-39-44-072000.zarr,,s3://rldb/processed_v3/eva/2026-03-04-18-39-44-072000.mp4,CC BY-SA 4.0,,2026-03-04 18:39:44.072000+00:00,2026-07-31 21:45:36.954967+00:00,eva,success
2026-03-04-19-45-48-423000,__zQ0kS-xjtwKdGt,rl2,338.0,cup_on_saucer_failure,"pick up cup with one arm, hand it over to the other arm and place it on the saucer",white_wall,"{""white ceramic cup"",""yellow saucer""}",False,eva_bimanual,False,-1.0,True,s3://rldb/processed_v3/eva/2026-03-04-19-45-48-423000.zarr,,s3://rldb/processed_v3/eva/2026-03-04-19-45-48-423000.mp4,CC BY-SA 4.0,,2026-03-04 19:45:48.423000+00:00,2026-07-31 21:45:36.954967+00:00,eva,failure
2026-03-04-23-17-22-285000,pB5ssSy__hBrm6wJ,rl2,605.0,cup_on_saucer_success,"pick up cup with one arm, hand it over to the other arm and place it on the saucer",white_wall,"{""pink cup"",""yellow saucer""}",False,eva_bimanual,False,-1.0,True,s3://rldb/processed_v3/eva/2026-03-04-23-17-22-285000.zarr,,s3://rldb/processed_v3/eva/2026-03-04-23-17-22-285000.mp4,CC BY-SA 4.0,,2026-03-04 23:17:22.285000+00:00,2026-07-31 21:45:36.954967+00:00,eva,success
2026-03-04-23-18-54-279000,pB5ssSy__hBrm6wJ,rl2,734.0,cup_on_saucer_success,"pick up cup with one arm, hand it over to the other arm and place it on the saucer",white_wall,"{""pink cup"",""yellow saucer""}",False,eva_bimanual,False,-1.0,True,s3://rldb/processed_v3/eva/2026-03-04-23-18-54-279000.zarr,,s3://rldb/processed_v3/eva/2026-03-04-23-18-54-279000.mp4,CC BY-SA 4.0,,2026-03-04 23:18:54.279000+00:00,2026-07-31 21:45:36.954967+00:00,eva,success
2026-03-04-21-56-31-283000,__zQ0kS-xjtwKdGt,rl2,470.0,cup_on_saucer_success,"pick up cup with one arm, hand it over to the other arm and place it on the saucer",white_wall,"{""white ceramic cup"",""white saucer""}",False,eva_bimanual,False,-1.0,True,s3://rldb/processed_v3/eva/2026-03-04-21-56-31-283000.zarr,,s3://rldb/processed_v3/eva/2026-03-04-21-56-31-283000.mp4,CC BY-SA 4.0,,2026-03-04 21:56:31.283000+00:00,2026-07-31 21:45:36.954967+00:00,eva,success
2026-03-04-20-25-12-236000,EwCW-BuE_nA9dzbr,rl2,873.0,cup_on_saucer_failure,"pick up cup with one arm, hand it over to the other arm and place it on the saucer",white_wall,"{""white cup"",""yellow saucer""}",False,eva_bimanual,False,-1.0,True,s3://rldb/processed_v3/eva/2026-03-04-20-25-12-236000.zarr,,s3://rldb/processed_v3/eva/2026-03-04-20-25-12-236000.mp4,CC BY-SA 4.0,,2026-03-04 20:25:12.236000+00:00,2026-07-31 21:45:36.954967+00:00,eva,failure
2026-03-04-19-47-39-005000,__zQ0kS-xjtwKdGt,rl2,518.0,cup_on_saucer_success,"pick up cup with one arm, hand it over to the other arm and place it on the saucer",white_wall,"{""white ceramic cup"",""yellow saucer""}",False,eva_bimanual,False,-1.0,True,s3://rldb/processed_v3/eva/2026-03-04-19-47-39-005000.zarr,,s3://rldb/processed_v3/eva/2026-03-04-19-47-39-005000.mp4,CC BY-SA 4.0,,2026-03-04 19:47:39.005000+00:00,2026-07-31 21:45:36.954967+00:00,eva,success
2026-03-04-18-34-47-071000,pB5ssSy__hBrm6wJ,rl2,470.0,cup_on_saucer_success,"pick up cup with one arm, hand it over to the other arm and place it on the saucer",white_wall,"{""white ceramic cup"",""green square saucer""}",False,eva_bimanual,False,-1.0,True,s3://rldb/processed_v3/eva/2026-03-04-18-34-47-071000.zarr,,s3://rldb/processed_v3/eva/2026-03-04-18-34-47-071000.mp4,CC BY-SA 4.0,,2026-03-04 18:34:47.071000+00:00,2026-07-31 21:45:36.954967+00:00,eva,success
2026-03-04-19-22-09-557000,EwCW-BuE_nA9dzbr,rl2,810.0,cup_on_saucer_success,"pick up cup with one arm, hand it over to the other arm and place it on the saucer",white_wall,"{""white cup"",""green square saucer""}",False,eva_bimanual,False,-1.0,True,s3://rldb/processed_v3/eva/2026-03-04-19-22-09-557000.zarr,,s3://rldb/processed_v3/eva/2026-03-04-19-22-09-557000.mp4,CC BY-SA 4.0,,2026-03-04 19:22:09.557000+00:00,2026-07-31 21:45:36.954967+00:00,eva,success
2026-03-04-19-54-26-592000,__zQ0kS-xjtwKdGt,rl2,670.0,cup_on_saucer_success,"pick up cup with one arm, hand it over to the other arm and place it on the saucer",white_wall,"{""white ceramic cup"",""yellow saucer""}",False,eva_bimanual,False,-1.0,True,s3://rldb/processed_v3/eva/2026-03-04-19-54-26-592000.zarr,,s3://rldb/processed_v3/eva/2026-03-04-19-54-26-592000.mp4,CC BY-SA 4.0,,2026-03-04 19:54:26.592000+00:00,2026-07-31 21:45:36.954967+00:00,eva,success
2026-03-04-22-43-03-463000,pB5ssSy__hBrm6wJ,rl2,356.0,cup_on_saucer_success,"pick up cup with one arm, hand it over to the other arm and place it on the saucer",white_wall,"{""pink cup"",""green saucer""}",False,eva_bimanual,False,-1.0,True,s3://rldb/processed_v3/eva/2026-03-04-22-43-03-463000.zarr,,s3://rldb/processed_v3/eva/2026-03-04-22-43-03-463000.mp4,CC BY-SA 4.0,,2026-03-04 22:43:03.463000+00:00,2026-07-31 21:45:36.954967+00:00,eva,success
2026-03-04-21-59-04-504000,__zQ0kS-xjtwKdGt,rl2,494.0,cup_on_saucer_success,"pick up cup with one arm, hand it over to the other arm and place it on the saucer",white_wall,"{""white ceramic cup"",""white saucer""}",False,eva_bimanual,False,-1.0,True,s3://rldb/processed_v3/eva/2026-03-04-21-59-04-504000.zarr,,s3://rldb/processed_v3/eva/2026-03-04-21-59-04-504000.mp4,CC BY-SA 4.0,,2026-03-04 21:59:04.504000+00:00,2026-07-31 21:45:36.954967+00:00,eva,success
2026-03-04-20-35-35-963000,EwCW-BuE_nA9dzbr,rl2,716.0,cup_on_saucer_success,"pick up cup with one arm, hand it over to the other arm and place it on the saucer",white_wall,"{""white cup"",""yellow saucer""}",False,eva_bimanual,False,-1.0,True,s3://rldb/processed_v3/eva/2026-03-04-20-35-35-963000.zarr,,s3://rldb/processed_v3/eva/2026-03-04-20-35-35-963000.mp4,CC BY-SA 4.0,,2026-03-04 20:35:35.963000+00:00,2026-07-31 21:45:36.954967+00:00,eva,success
2026-03-02-15-50-47-405000,pB5ssSy__hBrm6wJ,rl2,1898.0,cup_on_saucer_success,"pick up cup with one arm, hand it over to the other arm and place it on the saucer",white_wall,"{""pink cup"",""white saucer""}",False,eva_bimanual,False,-1.0,True,s3://rldb/processed_v3/eva/2026-03-02-15-50-47-405000.zarr,,s3://rldb/processed_v3/eva/2026-03-02-15-50-47-405000.mp4,CC BY-SA 4.0,,2026-03-02 15:50:47.405000+00:00,2026-07-31 21:45:36.954967+00:00,eva,success
2026-03-04-19-52-01-397000,__zQ0kS-xjtwKdGt,rl2,570.0,cup_on_saucer_success,"pick up cup with one arm, hand it over to the other arm and place it on the saucer",white_wall,"{""white ceramic cup"",""yellow saucer""}",False,eva_bimanual,False,-1.0,True,s3://rldb/processed_v3/eva/2026-03-04-19-52-01-397000.zarr,,s3://rldb/processed_v3/eva/2026-03-04-19-52-01-397000.mp4,CC BY-SA 4.0,,2026-03-04 19:52:01.397000+00:00,2026-07-31 21:45:36.954967+00:00,eva,success
2026-03-04-20-28-03-429000,EwCW-BuE_nA9dzbr,rl2,762.0,cup_on_saucer_success,"pick up cup with one arm, hand it over to the other arm and place it on the saucer",white_wall,"{""white cup"",""yellow saucer""}",False,eva_bimanual,False,-1.0,True,s3://rldb/processed_v3/eva/2026-03-04-20-28-03-429000.zarr,,s3://rldb/processed_v3/eva/2026-03-04-20-28-03-429000.mp4,CC BY-SA 4.0,,2026-03-04 20:28:03.429000+00:00,2026-07-31 21:45:36.954967+00:00,eva,success
2026-03-04-20-33-01-377000,EwCW-BuE_nA9dzbr,rl2,715.0,cup_on_saucer_success,"pick up cup with one arm, hand it over to the other arm and place it on the saucer",white_wall,"{""white cup"",""yellow saucer""}",False,eva_bimanual,False,-1.0,True,s3://rldb/processed_v3/eva/2026-03-04-20-33-01-377000.zarr,,s3://rldb/processed_v3/eva/2026-03-04-20-33-01-377000.mp4,CC BY-SA 4.0,,2026-03-04 20:33:01.377000+00:00,2026-07-31 21:45:36.954967+00:00,eva,success
2026-03-02-16-05-21-078000,pB5ssSy__hBrm6wJ,rl2,2722.0,cup_on_saucer_failure,"pick up cup with one arm, hand it over to the other arm and place it on the saucer",white_wall,"{""pink cup"",""white saucer""}",False,eva_bimanual,False,-1.0,True,s3://rldb/processed_v3/eva/2026-03-02-16-05-21-078000.zarr,,s3://rldb/processed_v3/eva/2026-03-02-16-05-21-078000.mp4,CC BY-SA 4.0,,2026-03-02 16:05:21.078000+00:00,2026-07-31 21:45:36.954967+00:00,eva,failure
2026-03-04-19-18-45-831000,EwCW-BuE_nA9dzbr,rl2,708.0,cup_on_saucer_success,"pick up cup with one arm, hand it over to the other arm and place it on the saucer",white_wall,"{""white cup"",""green square saucer""}",False,eva_bimanual,False,-1.0,True,s3://rldb/processed_v3/eva/2026-03-04-19-18-45-831000.zarr,,s3://rldb/processed_v3/eva/2026-03-04-19-18-45-831000.mp4,CC BY-SA 4.0,,2026-03-04 19:18:45.831000+00:00,2026-07-31 21:45:36.954967+00:00,eva,success
2026-03-04-21-33-40-290000,EwCW-BuE_nA9dzbr,rl2,705.0,cup_on_saucer_success,"pick up cup with one arm, hand it over to the other arm and place it on the saucer",white_wall,"{""white cup"",""white saucer""}",False,eva_bimanual,False,-1.0,True,s3://rldb/processed_v3/eva/2026-03-04-21-33-40-290000.zarr,,s3://rldb/processed_v3/eva/2026-03-04-21-33-40-290000.mp4,CC BY-SA 4.0,,2026-03-04 21:33:40.290000+00:00,2026-07-31 21:45:36.954967+00:00,eva,success
2026-03-04-19-18-06-497000,EwCW-BuE_nA9dzbr,rl2,747.0,cup_on_saucer_success,"pick up cup with one arm, hand it over to the other arm and place it on the saucer",white_wall,"{""white cup"",""green square saucer""}",False,eva_bimanual,False,-1.0,True,s3://rldb/processed_v3/eva/2026-03-04-19-18-06-497000.zarr,,s3://rldb/processed_v3/eva/2026-03-04-19-18-06-497000.mp4,CC BY-SA 4.0,,2026-03-04 19:18:06.497000+00:00,2026-07-31 21:45:36.954967+00:00,eva,success
2026-03-04-18-41-54-859000,pB5ssSy__hBrm6wJ,rl2,439.0,cup_on_saucer_success,"pick up cup with one arm, hand it over to the other arm and place it on the saucer",white_wall,"{""white ceramic cup"",""green square saucer""}",False,eva_bimanual,False,-1.0,True,s3://rldb/processed_v3/eva/2026-03-04-18-41-54-859000.zarr,,s3://rldb/processed_v3/eva/2026-03-04-18-41-54-859000.mp4,CC BY-SA 4.0,,2026-03-04 18:41:54.859000+00:00,2026-07-31 21:45:36.954967+00:00,eva,success
2026-03-04-19-23-30-962000,EwCW-BuE_nA9dzbr,rl2,708.0,cup_on_saucer_success,"pick up cup with one arm, hand it over to the other arm and place it on the saucer",white_wall,"{""white cup"",""green square saucer""}",False,eva_bimanual,False,-1.0,True,s3://rldb/processed_v3/eva/2026-03-04-19-23-30-962000.zarr,,s3://rldb/processed_v3/eva/2026-03-04-19-23-30-962000.mp4,CC BY-SA 4.0,,2026-03-04 19:23:30.962000+00:00,2026-07-31 21:45:36.954967+00:00,eva,success
2026-03-04-19-54-10-191000,__zQ0kS-xjtwKdGt,rl2,370.0,cup_on_saucer_success,"pick up cup with one arm, hand it over to the other arm and place it on the saucer",white_wall,"{""white ceramic cup"",""yellow saucer""}",False,eva_bimanual,False,-1.0,True,s3://rldb/processed_v3/eva/2026-03-04-19-54-10-191000.zarr,,s3://rldb/processed_v3/eva/2026-03-04-19-54-10-191000.mp4,CC BY-SA 4.0,,2026-03-04 19:54:10.191000+00:00,2026-07-31 21:45:36.954967+00:00,eva,success
2026-03-04-19-53-07-049000,__zQ0kS-xjtwKdGt,rl2,665.0,cup_on_saucer_success,"pick up cup with one arm, hand it over to the other arm and place it on the saucer",white_wall,"{""white ceramic cup"",""yellow saucer""}",False,eva_bimanual,False,-1.0,True,s3://rldb/processed_v3/eva/2026-03-04-19-53-07-049000.zarr,,s3://rldb/processed_v3/eva/2026-03-04-19-53-07-049000.mp4,CC BY-SA 4.0,,2026-03-04 19:53:07.049000+00:00,2026-07-31 21:45:36.954967+00:00,eva,success
2026-03-04-22-43-35-065000,pB5ssSy__hBrm6wJ,rl2,543.0,cup_on_saucer_success,"pick up cup with one arm, hand it over to the other arm and place it on the saucer",white_wall,"{""pink cup"",""green saucer""}",False,eva_bimanual,False,-1.0,True,s3://rldb/processed_v3/eva/2026-03-04-22-43-35-065000.zarr,,s3://rldb/processed_v3/eva/2026-03-04-22-43-35-065000.mp4,CC BY-SA 4.0,,2026-03-04 22:43:35.065000+00:00,2026-07-31 21:45:36.954967+00:00,eva,success
2026-03-03-23-36-01-685000,pB5ssSy__hBrm6wJ,rl2,1698.0,cup_on_saucer_failure,"pick up cup with one arm, hand it over to the other arm and place it on the saucer",white_wall,"{""pink cup"",""white saucer""}",False,eva_bimanual,False,-1.0,True,s3://rldb/processed_v3/eva/2026-03-03-23-36-01-685000.zarr,,s3://rldb/processed_v3/eva/2026-03-03-23-36-01-685000.mp4,CC BY-SA 4.0,,2026-03-03 23:36:01.685000+00:00,2026-07-31 21:45:36.954967+00:00,eva,failure
2026-03-02-16-22-32-226000,pB5ssSy__hBrm6wJ,rl2,1600.0,cup_on_saucer_failure,"pick up cup with one arm, hand it over to the other arm and place it on the saucer",white_wall,"{""pink cup"",""white saucer""}",False,eva_bimanual,False,-1.0,True,s3://rldb/processed_v3/eva/2026-03-02-16-22-32-226000.zarr,,s3://rldb/processed_v3/eva/2026-03-02-16-22-32-226000.mp4,CC BY-SA 4.0,,2026-03-02 16:22:32.226000+00:00,2026-07-31 21:45:36.954967+00:00,eva,failure
2026-03-01-21-43-34-239000,EwCW-BuE_nA9dzbr,rl2,708.0,cup_on_saucer_failure,"pick up cup with one arm, hand it over to the other arm and place it on the saucer",white_wall,"{""white cup"",""white saucer""}",False,eva_bimanual,False,-1.0,True,s3://rldb/processed_v3/eva/2026-03-01-21-43-34-239000.zarr,,s3://rldb/processed_v3/eva/2026-03-01-21-43-34-239000.mp4,CC BY-SA 4.0,,2026-03-01 21:43:34.239000+00:00,2026-07-31 21:45:36.954967+00:00,eva,failure
2026-03-07-23-18-09-791000,pB5ssSy__hBrm6wJ,rl2,1290.0,cup_on_saucer_success,"pick up cup with one arm, hand it over to the other arm and place it on the saucer",white_wall,"{""pink cup"",""white saucer""}",False,eva_bimanual,False,-1.0,True,s3://rldb/processed_v3/eva/2026-03-07-23-18-09-791000.zarr,,s3://rldb/processed_v3/eva/2026-03-07-23-18-09-791000.mp4,CC BY-SA 4.0,,2026-03-07 23:18:09.791000+00:00,2026-07-31 21:45:36.954967+00:00,eva,success
2026-03-04-20-30-02-462000,EwCW-BuE_nA9dzbr,rl2,1032.0,cup_on_saucer_success,"pick up cup with one arm, hand it over to the other arm and place it on the saucer",white_wall,"{""white cup"",""yellow saucer""}",False,eva_bimanual,False,-1.0,True,s3://rldb/processed_v3/eva/2026-03-04-20-30-02-462000.zarr,,s3://rldb/processed_v3/eva/2026-03-04-20-30-02-462000.mp4,CC BY-SA 4.0,,2026-03-04 20:30:02.462000+00:00,2026-07-31 21:45:36.954967+00:00,eva,success
2026-03-03-23-41-28-237000,pB5ssSy__hBrm6wJ,rl2,794.0,cup_on_saucer_success,"pick up cup with one arm, hand it over to the other arm and place it on the saucer",white_wall,"{""pink cup"",""white saucer""}",False,eva_bimanual,False,-1.0,True,s3://rldb/processed_v3/eva/2026-03-03-23-41-28-237000.zarr,,s3://rldb/processed_v3/eva/2026-03-03-23-41-28-237000.mp4,CC BY-SA 4.0,,2026-03-03 23:41:28.237000+00:00,2026-07-31 21:45:36.954967+00:00,eva,success
2026-03-16-04-43-56-139000,__zQ0kS-xjtwKdGt,rl2,1238.0,cup_on_saucer_success,"pick up cup with one arm, hand it over to the other arm and place it on the saucer",white_wall,"{""pink cup"",""white saucer""}",False,eva_bimanual,False,-1.0,True,s3://rldb/processed_v3/eva/2026-03-16-04-43-56-139000.zarr,,s3://rldb/processed_v3/eva/2026-03-16-04-43-56-139000.mp4,CC BY-SA 4.0,,2026-03-16 04:43:56.139000+00:00,2026-07-31 21:45:36.954967+00:00,eva,success
2026-03-16-04-43-26-307000,pB5ssSy__hBrm6wJ,rl2,415.0,cup_on_saucer_success,"pick up cup with one arm, hand it over to the other arm and place it on the saucer",white_wall,"{""pink cup"",""yellow saucer""}",False,eva_bimanual,False,-1.0,True,s3://rldb/processed_v3/eva/2026-03-16-04-43-26-307000.zarr,,s3://rldb/processed_v3/eva/2026-03-16-04-43-26-307000.mp4,CC BY-SA 4.0,,2026-03-16 04:43:26.307000+00:00,2026-07-31 21:45:36.954967+00:00,eva,success
